gene,arm,median_loss,median_neutral,condition,norm_exp
CDK11A,1p,-0.0382013741387624,-0.0398791896403269,sig,0.0016778155015644974
NRAS,1p,-0.0945446196185564,0.0513077031173205,sig,-0.1458523227358769
RAB3B,1p,-0.705688403329428,-0.185469912401786,sig,-0.5202184909276419
BTRC,10q,-0.0081198074611794,-0.115703096507374,sig,0.1075832890461946
HNRNPF,10q,-0.0730873443524719,0.10104883527178525,sig,-0.17413617962425715
PC,11q,0.08436044733845445,-0.1116611343672387,sig,0.19602158170569317
HNRNPUL2,11q,0.00619467516337625,-0.07073168489501111,sig,0.07692636005838736
PPP2R1B,11q,-0.1723444457875335,-0.08590851791126615,sig,-0.08643592787626735
SRSF8,11q,0.00867724812808075,0.018312901102122747,sig,-0.009635652974041998
YAP1,11q,-0.022158172544267565,0.20399314876383431,sig,-0.2261513213081019
MAGOHB,12p,-0.0872557884397045,-0.0353313134943128,sig,-0.051924474945391694
SOS2,14q,-0.342898302358949,-0.06237883077447225,sig,-0.28051947158447677
IREB2,15q,-0.315655490298476,-0.153008474849787,sig,-0.162647015448689
DNAH9,17p,0.0540637425161885,-0.06879143112118011,sig,0.12285517363736861
NDEL1,17p,-0.0460040317596911,0.117188505300992,sig,-0.1631925370606831
CHD3,17p,-0.09714028939796196,0.0174346115716033,sig,-0.11457490096956525
RAB31,18p,-0.0843691266344404,-0.0918460359152675,sig,0.007476909280827088
TUBB6,18p,-0.133190138475127,-0.016005580624526,sig,-0.117184557850601
DDX39A,19p,-0.167839683291642,-0.0213048407027075,sig,-0.1465348425889345
RAB8A,19p,-0.0211703207862495,-0.0399062504612003,sig,0.0187359296749508
RAB8A,19p,-0.0211703207862495,-0.0399062504612003,sig,0.0187359296749508
FOSB,19q,-0.09958333317831548,-0.40495247463788453,sig,0.30536914145956906
NAPA,19q,-0.186982888906808,-0.100170891940708,sig,-0.08681199696610001
PPP5C,19q,-0.360481134613046,-0.01906160988534255,sig,-0.3414195247277034
DSTN,20p,-0.47757222000848,-0.132744683498216,sig,-0.344827536510264
DDX17,22q,-0.04052685443117105,0.01304040800050595,sig,-0.053567262431677004
ARF4,3p,-0.239379847898593,0.06638176089131889,sig,-0.3057616087899119
KLF3,4p,0.0630246519081398,0.0603078974510628,sig,0.002716754457077003
DHFR,5q,-0.312885903440342,-0.06895227856753186,sig,-0.24393362487281015
TUBB,6p,-0.1027478855964757,0.00209729586841235,sig,-0.10484518146488805
PPP2CB,8p,-0.202541737084639,0.317723997226674,sig,-0.520265734311313
SMARCA2,9p,-0.127282256269818,0.10599329298140445,sig,-0.23327554925122246
RBMXL2,11p,-0.01409415383111,0.0104868783189999,non_sig,-0.0245810321501099
RBMXL1,1p,0.0242475651902943,0.0309822033384062,non_sig,-0.006734638148111899
CIRBP,19p,-0.09682030213463624,0.0843201946195934,non_sig,-0.18114049675422966
KDM5A,12p,-0.150539582522368,-0.0393912524755352,non_sig,-0.11114833004683278
KDM5B,1q,-0.16075908147016948,-0.0174293069354636,non_sig,-0.14332977453470588
TGIF1,18p,-0.0346866386413763,-0.0343410122612929,non_sig,-0.00034562638008339697
TGIF2,20q,0.8182433053150024,-0.1353478405975665,non_sig,0.953591145912569
CDYL,6p,-0.29829329607378097,-0.028117311413721348,non_sig,-0.2701759846600596
CDYL2,16q,-0.293585086576932,-0.05202215124763635,non_sig,-0.24156293532929565
SOX15,17p,-0.613273621311624,-0.555931718003464,non_sig,-0.057341903308160025
SOX7,8p,-0.0511915200247948,-0.614652428814515,non_sig,0.5634609087897202
SOX2,3q,-0.768185929785768,-0.543566896923535,non_sig,-0.22461903286223306
SOX17,8q,-1.08877450166086,-0.6740820735670165,non_sig,-0.41469242809384355
SOX1,13q,-0.0401975861851347,-0.103277436612187,non_sig,0.0630798504270523
KDM6B,17p,-0.0616198619750017,0.03422649288913135,non_sig,-0.09584635486413305
TBL1XR1,3q,-0.435946501534263,-0.06620677707100775,non_sig,-0.36973972446325526
CEL,9q,-0.861912216677141,-0.554709053354708,non_sig,-0.307203163322433
CES2,16q,-0.26666131377623853,-0.1300527164452425,non_sig,-0.13660859733099603
CES3,16q,-0.417605278746442,-0.166125697395493,non_sig,-0.251479581350949
BCHE,3q,-0.4658067705379725,-0.4049239887363715,non_sig,-0.060882781801601005
CES1,16q,-0.63498832788468,-0.6418830138236005,non_sig,0.006894685938920508
ACHE,7q,-0.4840284759893765,-0.11860358397925289,non_sig,-0.3654248920101236
NLGN2,17p,-0.475589327501231,0.11759383741171284,non_sig,-0.5931831649129439
NLGN1,3q,-1.29896969816263,-0.2928865054797345,non_sig,-1.0060831926828955
PCDH1,5q,-0.292644762562742,-0.2557255737844465,non_sig,-0.03691918877829553
PCDH9,13q,-0.463640762350025,-0.0063804082904312,non_sig,-0.4572603540595938
PCDH7,4p,-0.31359132411097546,-0.550634406952978,non_sig,0.2370430828420026
PCDH20,13q,0.059483029219668845,-0.2207166496212605,non_sig,0.28019967884092933
TSPYL1,6q,0.02664033269297355,0.0386456541315562,non_sig,-0.012005321438582649
TSPYL4,6q,0.538971637691496,-0.119959408072503,non_sig,0.658931045763999
TSPYL5,8q,-0.2418091237166565,-0.8606607045111725,non_sig,0.618851580794516
SET,9q,-0.14089132080864525,0.00919513254389525,non_sig,-0.1500864533525405
MIPEP,13q,-0.203049871911275,0.08588772918512699,non_sig,-0.288937601096402
NLN,5q,-0.348095698200476,0.04299255962082305,non_sig,-0.391088257821299
THOP1,19p,-0.30471675356710903,0.129354361696069,non_sig,-0.43407111526317804
KPNA3,13q,-0.217450068405224,0.0710950210814271,non_sig,-0.2885450894866511
KPNA1,3q,-0.143938213027697,-0.03176531478262515,non_sig,-0.11217289824507184
KPNA5,6q,-0.42678305385367454,0.0064615015026869005,non_sig,-0.4332445553563614
KPNA6,1p,-0.171608491126307,0.033350565601829155,non_sig,-0.20495905672813614
KPNA4,3q,-0.107675142274897,-0.0856645097040801,non_sig,-0.022010632570816896
KPNA2,17q,-0.224579439151932,-0.1331087473277165,non_sig,-0.0914706918242155
CRYL1,13q,-0.451764196596114,-0.2437859094436615,non_sig,-0.2079782871524525
HADH,4q,-0.0983583090815798,0.0610529138192913,non_sig,-0.15941122290087112
CAB39L,13q,-0.402356764078724,-0.3597607877415345,non_sig,-0.04259597633718948
CAB39,2q,-0.358524989249885,-0.0819322515275638,non_sig,-0.27659273772232124
DNAJC15,13q,0.0667007975066352,0.1120055442872845,non_sig,-0.0453047467806493
DNAJC19,3q,-0.301022113257881,-0.082430783269225,non_sig,-0.218591329988656
LPAR1,9q,0.128971238822844,-0.24743778235037,non_sig,0.376409021173214
WASF3,13q,-0.0345684715504824,-0.11260845845220616,non_sig,0.07803998690172376
WASF2,1p,0.0773750683662194,0.04504481399894755,non_sig,0.03233025436727184
WASF1,6q,-0.270298786718377,0.06459072377484634,non_sig,-0.33488951049322335
POSTN,13q,-0.5006578087420165,-0.6163624671079431,non_sig,0.11570465836592658
TGFBI,5q,-0.4747416984257605,-0.6202813548908015,non_sig,0.14553965646504097
FNDC3A,13q,-0.188370192169765,0.10742061212566001,non_sig,-0.29579080429542504
FNDC3B,3q,0.184451917821924,0.0175905338439295,non_sig,0.1668613839779945
LHFPL2,5q,-0.341128150389434,0.0560261336814594,non_sig,-0.3971542840708934
ST14,11q,-0.9930204484385534,-0.41387453665289153,non_sig,-0.5791459117856619
PRSS21,16p,-0.486755685048274,-0.5349481575876041,non_sig,0.04819247253933007
HPN,19q,-0.248499860974689,-0.10171238860881,non_sig,-0.14678747236587902
TMPRSS11E,4q,-0.204522806329956,-0.45142093236758196,non_sig,0.24689812603762595
PRSS22,16p,-0.24674098751888152,-0.31271087507302,non_sig,0.06596988755413846
TMPRSS2,21q,-0.6648395797997745,-0.336751459477005,non_sig,-0.32808812032276946
CXADR,21q,-0.0870156480748072,-0.0222066476704543,non_sig,-0.0648090004043529
GPA33,1q,-0.73223223317753,-0.3618120936902405,non_sig,-0.37042013948728947
VSIG2,11q,-0.43104134999569,-0.6332044382572231,non_sig,0.20216308826153306
IGSF11,3q,-0.6601932292511855,0.04576017436715081,non_sig,-0.7059534036183364
ESAM,11q,-0.6796855395913786,-0.4883129542502035,non_sig,-0.19137258534117507
F11R,1q,-0.351417340280271,0.102114772639516,non_sig,-0.453532112919787
CLMP,11q,-0.185914384718468,-0.401646130387814,non_sig,0.215731745669346
JAM2,21q,-0.0416549773941675,-0.46996070079061303,non_sig,0.4283057233964455
JAM3,11q,-0.31652657615866153,-0.524339286727032,non_sig,0.20781271056837047
FREM2,13q,-0.184472686691866,-0.38929747908485,non_sig,0.204824792392984
FRAS1,4q,-0.28661702895812,-0.2765820835135795,non_sig,-0.010034945444540533
FREM1,9p,-0.07876381843927585,-0.08051160110760686,non_sig,0.001747782668331005
SCAF4,21q,-0.223551017815935,-0.0606261044768742,non_sig,-0.1629249133390608
SCAF8,6q,-0.196364023578036,0.07775609178034885,non_sig,-0.2741201153583849
TBC1D4,13q,-0.39404750654979,-0.1843321045698875,non_sig,-0.2097154019799025
TBC1D1,4p,-0.307212084994813,-0.0453859830165203,non_sig,-0.2618261019782927
IMPA2,18p,-0.390837604519249,-0.2048355652538815,non_sig,-0.18600203926536749
BPNT1,1q,-0.45049832387242295,-0.12604672891092583,non_sig,-0.3244515949614971
IMPA1,8q,-0.492205306689357,-0.09568315998576465,non_sig,-0.39652214670359237
INPP1,2q,-0.522819123284405,-0.0195006706291652,non_sig,-0.5033184526552399
SPRY2,13q,-0.299815253750296,-0.144821649737524,non_sig,-0.15499360401277198
SPRY4,5q,-0.468913030005556,-0.39528594539068,non_sig,-0.07362708461487599
SPRY1,4q,-0.30906639752071996,-0.221708039094345,non_sig,-0.08735835842637496
KLF16,19p,-0.142914324090677,0.0251764419041835,non_sig,-0.1680907659948605
KLF4,9q,-0.212634237317405,0.1422407206635145,non_sig,-0.3548749579809195
KLF1,19p,-0.7912145108764355,-0.568864823614249,non_sig,-0.2223496872621865
KLF12,13q,-0.21300945933794702,0.08878370183227816,non_sig,-0.30179316117022514
KLF6,10p,0.35220592174412,-0.167081775223357,non_sig,0.519287696967477
KLF13,15q,-0.219098086171026,0.00404715063466975,non_sig,-0.22314523680569576
NCAM2,21q,-0.6894777436820315,-0.514952895201428,non_sig,-0.17452484848060357
NCAM1,11q,-0.55538609578157,-0.772424205329404,non_sig,0.21703810954783398
PRKAA1,5p,-0.2895260105313015,-0.0827756816731135,non_sig,-0.206750328858188
BRSK1,19q,0.376978598744423,-0.14228906573741001,non_sig,0.519267664481833
MELK,9p,-0.0783124235648101,-0.05244112979344595,non_sig,-0.025871293771364143
PRKAA2,1p,-0.634418398927926,0.132770020604012,non_sig,-0.767188419531938
SIK1,21q,0.0665795387740896,0.0328335792631816,non_sig,0.033745959510908
BRSK2,11p,-0.297045622518191,-0.03285400221041815,non_sig,-0.2641916203077729
RFC3,13q,-0.0711527698998054,-0.0973339684980487,non_sig,0.026181198598243305
RFC4,3q,-0.218297031602719,-0.059789518866454755,non_sig,-0.15850751273626423
RFC5,12q,-0.04532408763935605,-0.08193208693119336,non_sig,0.036607999291837306
RFC2,7q,-0.0030527642771365,-0.01385445648609415,non_sig,0.010801692208957651
POU4F1,13q,-0.16615745368464513,-0.0694718646818508,non_sig,-0.09668558900279432
POU1F1,3p,3.1301067548973,-0.30093054469515,non_sig,3.43103729959245
POU3F2,6q,-0.740172061839924,-0.510318704035124,non_sig,-0.22985335780479998
POU2F2,19q,-0.7084810015061336,-0.740769240156717,non_sig,0.03228823865058339
POU3F3,2q,-0.590081636664857,-0.466448923260919,non_sig,-0.123632713403938
POU3F1,1p,1.44125271709283,-0.549309615770776,non_sig,1.990562332863606
MORC3,21q,-0.323594965606047,0.0204094617016642,non_sig,-0.3440044273077112
SPATA13,13q,-0.201679342495821,0.021974007075306952,non_sig,-0.22365334957112795
PAXBP1,21q,-0.193565851787171,-0.0350138916052151,non_sig,-0.15855196018195591
GCFC2,2p,-0.0208142916425594,-0.09931252106936869,non_sig,0.07849822942680929
OLFM4,13q,-0.37040000478612,-0.364380809287018,non_sig,-0.006019195499102015
OLFM3,1p,-0.472131047791561,-0.3177979144752155,non_sig,-0.15433313331634552
OLFM2,19p,0.0210650574147573,-0.0973037263360218,non_sig,0.1183687837507791
OLFM1,9q,0.148891318403973,-0.18846321820773798,non_sig,0.337354536611711
IPO5,13q,-0.260810523976295,-0.00396357181787835,non_sig,-0.25684695215841663
RANBP6,9p,-0.0921878159568497,-0.0302926505249404,non_sig,-0.0618951654319093
IPO4,14q,-0.238274352692628,-0.0593850372093204,non_sig,-0.1788893154833076
CELF4,18q,-0.8491757132041979,-0.367192873803817,non_sig,-0.48198283940038095
CELF2,10p,-0.08905494892700802,-0.148956668493514,non_sig,0.05990171956650597
CELF5,19p,0.203290933053073,-0.414935372615389,non_sig,0.618226305668462
CELF3,1q,0.0653395392580581,-0.29424513640026,non_sig,0.3595846756583181
CELF1,11p,0.06787591374517304,-0.0214666508735201,non_sig,0.08934256461869314
ITSN1,21q,-0.07196226130250655,0.0760209571421416,non_sig,-0.14798321844464815
ITSN2,2p,-0.179905295086497,0.021562297420674198,non_sig,-0.2014675925071712
DIAPH3,13q,-0.261030905092533,-0.0699795830627179,non_sig,-0.19105132202981512
FMNL2,2q,-0.0323651655971867,-0.0387240480123395,non_sig,0.006358882415152804
DAAM2,6p,-0.105401226686791,-0.1372360435819325,non_sig,0.031834816895141504
FMNL3,12q,0.07575979155112289,-0.07187291576896265,non_sig,0.14763270732008554
FMNL1,17q,-0.69864012088292,-0.3689772149947935,non_sig,-0.3296629058881265
DAAM1,14q,-0.100289440322093,-0.0802030285680597,non_sig,-0.020086411754033293
DIAPH1,5q,-0.191145294900698,-0.137149488424663,non_sig,-0.053995806476034997
SLC14A1,18q,-0.24877003237310352,-0.378160175453146,non_sig,0.12939014308004249
SS18,18q,-0.034176211276243,0.12145416061943799,non_sig,-0.155630371895681
SS18L2,3p,-0.0127054173854376,0.09117202975293695,non_sig,-0.10387744713837455
SS18L1,20q,-0.07341654331577396,0.01886200226109435,non_sig,-0.09227854557686832
SLC7A1,13q,-0.214013884237106,0.08821907054144175,non_sig,-0.3022329547785477
SLC7A6,16q,-0.286225036512756,-0.031557417698408,non_sig,-0.25466761881434796
SLC7A5,16q,-0.525340109176777,-0.096634929990897,non_sig,-0.42870517918587997
SLC7A2,8p,-0.282428967769017,-0.200493935332009,non_sig,-0.081935032437008
SLC7A8,14q,-0.519287833008581,-0.461370497915643,non_sig,-0.05791733509293795
SLC7A11,4q,-0.142986600179106,-0.0158191131586243,non_sig,-0.1271674870204817
SLC15A1,13q,0.2091780359299455,0.0814997844981987,non_sig,0.1276782514317468
SLC15A2,3q,-1.02862818322659,-0.664499983124984,non_sig,-0.36412820010160596
FOXO1,13q,-0.31219797670290095,-0.2936194855473405,non_sig,-0.018578491155560428
FOXO3,6q,-0.282125331832678,0.0969776858275081,non_sig,-0.3791030176601861
LRCH1,13q,-0.29291475736777,0.02650819577545025,non_sig,-0.3194229531432203
LRCH4,7q,-0.18513539520787,0.0304793252364191,non_sig,-0.21561472044428912
LRCH3,3q,-0.20594156133034,0.0107050846879449,non_sig,-0.2166466460182849
RPRD1A,18q,-0.229407931187535,0.2591545896218715,non_sig,-0.4885625208094065
RPRD1B,20q,-0.1602206976758595,-0.15685517087970702,non_sig,-0.003365526796152485
DIS3,13q,-0.298447944376293,0.00022998641651755,non_sig,-0.2986779307928106
DIS3L,15q,-0.184060600196354,-0.0910631702390474,non_sig,-0.0929974299573066
DIS3L2,2q,-0.143289914681884,-0.0615565261084542,non_sig,-0.08173338857342982
CTAGE1,18q,0.1302278203828795,-0.085351688883157,non_sig,0.2155795092660365
CTAGE15,7q,0.274604275833541,0.06040774964136955,non_sig,0.21419652619217147
MIA2,14q,0.0538468313972172,0.05533151527594765,non_sig,-0.00148468387873045
HRH1,3p,-0.04162304533911945,0.2161043561762795,non_sig,-0.25772740151539897
MAPK7,17p,-0.0644988383574933,0.014117451304345451,non_sig,-0.07861628966183876
MAPK11,22q,0.07764612731305,-0.10157033533035309,non_sig,0.17921646264340307
MAPK6,15q,-0.04257247059974745,-0.120517814013231,non_sig,0.07794534341348355
MAPK1,22q,-0.3491534130839765,0.0363190272447687,non_sig,-0.3854724403287452
MAPK8,10q,-0.245018083329237,-0.036092427217856604,non_sig,-0.2089256561113804
MAPK10,4q,-0.115606441603805,0.07930864363395874,non_sig,-0.19491508523776374
MAPK13,6p,-0.29359988972857154,-0.186842104595325,non_sig,-0.10675778513324655
MAPK3,16p,-0.182883289767488,-0.059151515654149806,non_sig,-0.12373177411333819
MAPK12,22q,0.0725293641254935,-0.017524002122092,non_sig,0.0900533662475855
MAPK14,6p,-0.2515237867062947,-0.0955884363089682,non_sig,-0.15593535039732653
NLK,17q,-1.11471788065335,-0.056395303126913945,non_sig,-1.058322577526436
MAPK9,5q,-0.307294910459109,-0.00015002361932345016,non_sig,-0.3071448868397856
RNF111,15q,0.0909328799755098,0.0617335345961117,non_sig,0.029199345379398105
ST8SIA3,18q,-0.4359037535434745,-0.3299421708758875,non_sig,-0.10596158266758698
ST8SIA4,5q,-0.329271687959461,-0.3703781325762885,non_sig,0.0411064446168275
ST8SIA5,18q,-0.0255630750140919,-0.4559286036257475,non_sig,0.4303655286116556
MYZAP,15q,0.5378421032976031,-0.0466466024256367,non_sig,0.5844887057232397
SLITRK6,13q,-0.536360227068318,-0.380480924640206,non_sig,-0.155879302428112
SLITRK5,13q,0.06072412816734,-0.49347683920813246,non_sig,0.5542009673754724
ZMYM5,13q,-0.11803706345068,-0.0259829355021882,non_sig,-0.0920541279484918
ZMYM2,13q,-0.161327712032684,0.0021396244157825,non_sig,-0.1634673364484665
SMAD2,18q,-0.259384076143353,0.1762879372669625,non_sig,-0.43567201341031553
SMAD3,15q,-0.1082526430500515,0.0623289835936586,non_sig,-0.1705816266437101
SMAD4,18q,-0.26146097129756696,0.299741061378405,non_sig,-0.5612020326759719
SMAD9,13q,-0.0751117489742992,-0.07262920894746636,non_sig,-0.002482540026832847
SMAD5,5q,-0.2955398990328895,-0.0128564989746395,non_sig,-0.28268340005825005
SMAD1,4q,-0.16055664276474,-0.0151883938451756,non_sig,-0.1453682489195644
SOX10,22q,-0.689593043985204,-0.5781119130123655,non_sig,-0.11148113097283852
SOX8,16p,-0.993848048723142,-0.19550433566501,non_sig,-0.798343713058132
MYO3B,2q,-0.245099921114083,-0.0022288434822606,non_sig,-0.2428710776318224
MYO1C,17p,-0.1420358310458515,0.1063249846538465,non_sig,-0.24836081569969798
MYO1E,15q,-0.197759226257257,-0.0499979153617654,non_sig,-0.1477613108954916
IRS2,13q,-0.11572894728855,-0.0496102481177997,non_sig,-0.0661186991707503
IRS1,2q,-0.142064872938936,-0.146793205402185,non_sig,0.0047283324632489965
STOM,9q,0.232254871380832,-0.163949836225595,non_sig,0.396204707606427
STOML1,15q,-0.0112860088101311,-0.0015595108001877,non_sig,-0.0097264980099434
STOML2,9p,-0.111097946504004,0.136852404788263,non_sig,-0.247950351292267
TXNL1,18q,-0.299787756965345,0.29277624708496397,non_sig,-0.592564004050309
TXN,9q,-0.332668224903398,0.195947356294645,non_sig,-0.528615581198043
PCCA,13q,-0.253932958515574,3.462723352980001e-05,non_sig,-0.25396758574910383
MCCC1,3q,-0.410604574264305,-0.09657529474020746,non_sig,-0.31402927952409754
CTIF,18q,-0.2218739283479615,0.09965608288655135,non_sig,-0.32153001123451286
MIF4GD,17q,-0.353913445589422,-0.00841648735132335,non_sig,-0.3454969582380987
TUBGCP3,13q,-0.242559600350727,-0.00269863005355885,non_sig,-0.23986097029716813
TUBGCP2,10q,-0.113121281449532,-0.09221105516975076,non_sig,-0.020910226279781244
BOD1,5q,-0.0748045561682863,0.00741769878588545,non_sig,-0.08222225495417175
BOD1L1,4p,-0.0569237682865274,0.0836404741206962,non_sig,-0.1405642424072236
GRK5,10q,-0.121546652296672,-0.0950828739239031,non_sig,-0.026463778372768892
GRK6,5q,-0.101073364436923,-0.123802518094848,non_sig,0.022729153657925008
GPR39,2q,-0.30449635873244,0.17056535211367002,non_sig,-0.47506171084611004
FLT3,13q,-0.422398013560067,-0.0577897819842137,non_sig,-0.3646082315758533
FGFR2,10q,-0.15848158393822198,-0.458065730716064,non_sig,0.299584146777842
PDGFRB,5q,-0.3871420684447745,-0.4752046415336155,non_sig,0.08806257308884102
FGFR3,4p,0.0612634474675051,-0.262469907854684,non_sig,0.3237333553221891
KDR,4q,-0.494042244932621,0.0804930260082878,non_sig,-0.5745352709409088
FLT1,13q,-0.0942428697634501,0.05166804234564935,non_sig,-0.14591091210909946
FGFR1,8p,-0.1440791755373405,-0.028823496893985348,non_sig,-0.11525567864335516
FLT4,5q,0.0621524868859102,-0.0112026518141133,non_sig,0.0733551387000235
FGFR4,5q,-0.13394342463648323,-0.259754429497198,non_sig,0.12581100486071478
PDGFRA,4q,-0.279737296404439,-0.632588012536137,non_sig,0.35285071613169794
KIT,4q,-0.428904130959429,-0.5002060490842646,non_sig,0.0713019181248356
LAYN,11q,0.05737356966659152,-0.504887384506571,non_sig,0.5622609541731625
BACH1,21q,-0.156055145843192,-0.0712664267772474,non_sig,-0.0847887190659446
BACH2,6q,-0.479173068657028,-0.4672147848638225,non_sig,-0.011958283793205515
ITM2B,13q,-0.336279246838849,-0.199535025913912,non_sig,-0.13674422092493702
ITM2C,2q,-0.22025581502650798,-0.17799327494829098,non_sig,-0.042262540078217004
TMX3,18q,-0.21782178692861498,0.05737223105901805,non_sig,-0.27519401798763304
P4HB,17q,-0.0566904130867565,0.1218654394835795,non_sig,-0.17855585257033602
ETS2,21q,-0.148135616925489,-0.029966443654462,non_sig,-0.118169173271027
FLI1,11q,-0.913883414136404,-0.597788420938705,non_sig,-0.31609499319769896
ETV5,3q,0.333277252220046,-0.0867155038985071,non_sig,0.41999275611855313
GABPA,21q,-0.136615824729632,-0.0337926501464983,non_sig,-0.1028231745831337
ETS1,11q,-0.1957818832368515,-0.148170123596924,non_sig,-0.0476117596399275
ERG,21q,-0.7678375007305716,-0.28228779310893,non_sig,-0.48554970762164157
ETV1,7p,0.06854647860510145,-0.489581832622293,non_sig,0.5581283112273945
KCTD15,19q,-0.206365335865854,-0.0662482756129702,non_sig,-0.1401170602528838
KCTD12,13q,-0.3478132636133695,-0.177197019390684,non_sig,-0.1706162442226855
KCTD21,11q,0.01511844635895665,-0.152400764867121,non_sig,0.16751921122607766
N4BP2L1,13q,-0.201274553496129,-0.435101596029111,non_sig,0.23382704253298203
N4BP2,4p,-0.300497910645697,-0.0453142529686481,non_sig,-0.25518365767704887
N4BP2L2,13q,-0.180376813336912,0.1054672320525455,non_sig,-0.2858440453894575
PTPN2,18p,-0.413678278076612,-0.03202143732408045,non_sig,-0.38165684075253153
PTPRE,10q,-0.433651853629811,-0.00875123356518145,non_sig,-0.4249006200646296
PTPN9,15q,-0.206513034301029,-0.02472283362939985,non_sig,-0.18179020067162915
PTPN11,12q,-0.2417646663328385,-0.0172561411832256,non_sig,-0.2245085251496129
PTPN6,12p,-0.61551874341928,-0.500794972458215,non_sig,-0.11472377096106501
PTPN7,1q,-0.817405628646278,-0.714043769687324,non_sig,-0.103361858958954
PTPN1,20q,-0.5354464229207561,-0.21173163545257,non_sig,-0.32371478746818605
KCNJ15,21q,-0.21932972812931978,-0.353723885782358,non_sig,0.13439415765303825
CSNK1E,22q,-0.08291874821842035,-0.0197735437163046,non_sig,-0.06314520450211575
CSNK1D,17q,-0.1508176712772505,0.0675629932249599,non_sig,-0.2183806645022104
TTBK1,6p,-0.0023427831275239924,0.232368138224966,non_sig,-0.23471092135249
CSNK1G1,15q,-0.0044558683604547,-0.009306537095688698,non_sig,0.0048506687352339985
CSNK1A1,5q,-0.06000095487886953,-0.06350393892062182,non_sig,0.0035029840417522967
CSNK1G3,5q,-0.18758837256973915,-0.01653398103981235,non_sig,-0.1710543915299268
VRK1,14q,-0.272518006613435,-0.105269617613236,non_sig,-0.167248389000199
CSNK1G2,19p,-0.0013037814632526,0.153270181368961,non_sig,-0.1545739628322136
VRK2,2p,-0.015421289486924346,-0.0132055112773762,non_sig,-0.002215778209548146
TRPC4,13q,-0.2798309856841035,-0.164698709144408,non_sig,-0.11513227653969546
TRPC1,3q,0.296501573387355,-0.015191128655335,non_sig,0.31169270204269
TRPC6,11q,0.367779602392231,-0.342175049270604,non_sig,0.709954651662835
CRYZL1,21q,-0.105475473993472,-0.0354549854083627,non_sig,-0.0700204885851093
TP53I3,2p,-0.102274597116595,-0.2405186135610765,non_sig,0.1382440164444815
CRYZ,1p,-0.195171981707492,0.02805830194919275,non_sig,-0.22323028365668476
RTN4IP1,6q,-0.2012714969670515,0.04024952013791165,non_sig,-0.24152101710496315
VAT1L,16q,-0.680645923921603,-0.631982476398263,non_sig,-0.04866344752333995
VAT1,17q,-0.400581560696792,-0.184639918776291,non_sig,-0.21594164192050103
PHLPP1,18q,-0.300609292238296,0.252638582094507,non_sig,-0.5532478743328031
PHLPP2,16q,-0.22806454677749,-0.02542934664661595,non_sig,-0.20263520013087405
CPA4,7q,-0.0647860600183154,-0.580371238730793,non_sig,0.5155851787124776
KCTD1,18q,-0.0238569282724271,-0.111432538344163,non_sig,0.0875756100717359
LCP1,13q,-0.955585827737298,-0.7524236471124555,non_sig,-0.2031621806248426
PLS1,3q,0.0338620861580552,-0.266528547503052,non_sig,0.3003906336611072
SLC39A6,18q,-0.0959101841429559,0.1448961108544255,non_sig,-0.2408062949973814
SLC39A14,8p,-0.186552860431825,0.060990121547978796,non_sig,-0.2475429819798038
SLC39A8,4q,-0.168471580106925,0.03564938210917675,non_sig,-0.20412096221610176
SLC39A4,8q,-0.456222176388162,-0.4795228735266765,non_sig,0.023300697138514515
SLC39A10,2q,0.0257984881320212,-0.0228100200577702,non_sig,0.0486085081897914
ADAMTS5,21q,-0.00968123601788945,-0.2636763939105745,non_sig,0.25399515789268506
ADAMTS12,5p,-0.0942777640738392,-0.1624037446765305,non_sig,0.06812598060269129
ADAMTS1,21q,-0.342086373090276,-0.4838905665443205,non_sig,0.1418041934540445
ADAMTS15,11q,0.3657650134833685,-0.025572712989406,non_sig,0.3913377264727745
ADAMTS9,3p,0.38521723711257005,0.298902479669108,non_sig,0.08631475744346206
ADAMTS4,1q,5.69515366576504,-0.438025097481209,non_sig,6.133178763246249
ADAMTS3,4q,0.05331160384506485,-0.1232933661098,non_sig,0.17660496995486485
SIAH1,16q,-0.02379440964936335,-0.0373685737112741,non_sig,0.013574164061910747
SIAH2,3q,-0.090478807632423,-0.0225529645307748,non_sig,-0.0679258431016482
NALCN,13q,-0.297134443026195,-0.1305490306714216,non_sig,-0.16658541235477342
CACNA1C,12p,-0.548015082425121,0.106848440223619,non_sig,-0.65486352264874
SCN3A,2q,-1.036270448348207,-0.215904566752171,non_sig,-0.820365881596036
C2CD2,21q,-0.1469900874555505,0.0141053559753719,non_sig,-0.1610954434309224
C2CD2L,11q,-0.234541275359326,0.051213565236455705,non_sig,-0.2857548405957817
ZNF521,18q,-0.3739660966224315,-0.27793135651176104,non_sig,-0.09603474011067048
ZNF423,16q,-0.745546241211059,-0.758864875338834,non_sig,0.013318634127775009
ADRA2A,10q,-0.256003386805419,-0.42109775110259,non_sig,0.165094364297171
ANGPTL2,9q,-0.456101219446856,-0.5298557137637105,non_sig,0.07375449431685455
ANGPTL3,1p,0.41017227444013,-0.0379934901253091,non_sig,0.4481657645654391
FGB,4q,-0.374886290455776,-0.392136520914258,non_sig,0.017250230458482008
MFAP4,17p,4.750721140224906,-2.6124362444595004,non_sig,7.363157384684406
FGL1,8p,-0.513734416667546,-0.639685958795352,non_sig,0.1259515421278059
FIBCD1,9q,-0.8151574517892566,-0.38436482961143903,non_sig,-0.43079262217781755
FGG,4q,-0.301858715510294,-0.3526470746617435,non_sig,0.050788359151449525
ANGPTL4,19p,-0.434677856391377,-0.197339815408531,non_sig,-0.23733804098284603
FGL2,7q,-0.613025659966975,0.03961470723497755,non_sig,-0.6526403672019525
ANGPT2,8p,-0.677893231254376,-0.536520704823986,non_sig,-0.14137252643039
CBR1,21q,-0.13137367327788,0.0423628709077674,non_sig,-0.17373654418564738
DHRS7B,17p,-0.18638101006285201,-0.1002226111720837,non_sig,-0.08615839889076832
DHRS4,14q,-0.123892355531897,0.147619412793019,non_sig,-0.27151176832491597
CBR3,21q,-0.247027668425048,0.0030043809068105,non_sig,-0.2500320493318585
DHRS11,17q,-0.306184272137497,0.0298532856988433,non_sig,-0.3360375578363403
DHRS2,14q,-0.831147727404812,-0.745228480486773,non_sig,-0.08591924691803898
FAM110A,20p,-0.34959834506062104,-0.127557553535499,non_sig,-0.22204079152512204
FAM110C,2p,-0.211038980821859,-0.231931332635154,non_sig,0.02089235181329499
INSM1,20p,-0.771708384429925,-0.38242733559999,non_sig,-0.389281048829935
BTBD3,20p,-0.17947833644594766,-0.371255034382892,non_sig,0.19177669793694432
BTBD1,15q,0.0891028370410381,-0.0114974712264649,non_sig,0.10060030826750299
BTBD2,19p,-0.1094436567135545,0.0030165305048497,non_sig,-0.1124601872184042
PCSK2,20p,-0.6490929703050354,-0.5785947385432655,non_sig,-0.07049823176176995
PCSK6,15q,-0.106873088352855,0.08295148802885904,non_sig,-0.18982457638171404
FURIN,15q,-0.245590061375213,-0.0681379234627953,non_sig,-0.1774521379124177
PCSK1,5q,-0.17342139059612,-0.587487802055568,non_sig,0.41406641145944806
PCSK7,11q,-0.167940576481451,-0.13873045929018274,non_sig,-0.02921011719126826
PCSK5,9q,0.217052390153337,-0.203111461420286,non_sig,0.420163851573623
SGCD,5q,-0.788527228406254,-0.683920882117995,non_sig,-0.10460634628825904
RBM26,13q,-0.2513044992495555,0.11050500500601271,non_sig,-0.36180950425556824
RBM27,5q,-0.0382898986986149,0.055912919251390844,non_sig,-0.09420281795000573
DGKH,13q,-0.168507350224822,0.0748837787724814,non_sig,-0.2433911289973034
DGKD,2q,-0.0303417930509316,-0.0947619236217601,non_sig,0.0644201305708285
DGKQ,4p,-0.1771604796461445,0.08200229770813841,non_sig,-0.25916277735428295
DGKZ,11p,-0.278288590265716,-0.129896617434979,non_sig,-0.14839197283073702
DGKB,7p,-0.410430304618469,-0.24974531191051452,non_sig,-0.1606849927079545
DGKE,17q,-0.4013506210154155,0.174389547967432,non_sig,-0.5757401689828475
DGKA,12q,-0.250570475035237,-0.09890892181631825,non_sig,-0.15166155321891875
CST5,20p,-1.03262093593708,-0.3878727847600381,non_sig,-0.6447481511770419
CST6,11q,-0.789765383486019,-0.9303267752163871,non_sig,0.14056139173036808
CST3,20p,-0.189008488051862,-0.0211547515747901,non_sig,-0.16785373647707189
CST4,20p,-0.859401420588489,-0.645719356631954,non_sig,-0.213682063956535
CST1,20p,0.350995678275604,-0.707181527839648,non_sig,1.0581772061152521
CST7,20p,-1.0645322829041248,-0.9800885722443134,non_sig,-0.08444371065981138
XRN2,20p,-0.360069786074276,-0.05093287446690075,non_sig,-0.3091369116073752
XRN1,3q,-0.182837261133741,-0.04051870834098705,non_sig,-0.14231855279275393
BTG3,21q,-0.1439989839530295,0.07931435667154971,non_sig,-0.22331334062457922
SNRPB2,20p,-0.0477745478229384,-0.0082237787544234,non_sig,-0.039550769068515
SNRPA,19q,-0.06757977550265976,0.0039526862261189495,non_sig,-0.07153246172877871
SUMO3,21q,-0.09372819125322095,-0.0247042941709709,non_sig,-0.06902389708225004
SUMO2,17q,-0.183890759154575,-0.037189467269396995,non_sig,-0.146701291885178
SUCLA2,13q,-0.177531873212961,0.0824005904456652,non_sig,-0.2599324636586262
SUCLG2,3p,0.016281094818396,0.07544843679579835,non_sig,-0.05916734197740235
SAMSN1,21q,-0.795207743125879,-0.723477113456355,non_sig,-0.07173062966952404
SASH1,6q,-0.287259707209296,-0.0510834798845549,non_sig,-0.23617622732474108
GGT1,22q,-0.3077559423418685,-0.30607608538452447,non_sig,-0.001679856957344017
GGT5,22q,-0.580398015886709,0.0064396393494248,non_sig,-0.5868376552361338
CFL2,14q,-0.0129392310552186,0.154381020351502,non_sig,-0.1673202514067206
HIF1A,14q,-0.16734216925475498,0.1558575472271195,non_sig,-0.3231997164818745
STK35,20p,-0.26239356968182953,-0.125757083900538,non_sig,-0.13663648578129153
ABHD13,13q,-0.25533540471291,0.0515970174274092,non_sig,-0.3069324221403192
ABHD12,20p,-0.287015257716965,-0.0008641070968194,non_sig,-0.2861511506201456
ABHD17A,19p,-0.10768692553137099,-0.046077979702389055,non_sig,-0.06160894582898194
SNAI2,8q,-0.07291958244054153,-0.5730929330657974,non_sig,0.5001733506252559
RRP1B,21q,-0.185338203164851,0.0102444043789531,non_sig,-0.1955826075438041
RRP1,21q,-0.134859106970999,0.0285825111021949,non_sig,-0.1634416180731939
HTR2B,2q,0.045998837115851,-0.25183428078841097,non_sig,0.297833117904262
SPTLC3,20p,-0.3735882035427045,-0.317823712300638,non_sig,-0.055764491242066505
SPTLC2,14q,-0.172063117772123,-0.119595452188713,non_sig,-0.05246766558341
GCAT,22q,-0.153963870310346,-0.025731159359170447,non_sig,-0.12823271095117555
ALAS1,3p,0.101205069815451,-0.03953342957587985,non_sig,0.14073849939133085
SPTLC1,9q,-0.0129761956672199,-0.0150216900171219,non_sig,0.002045494349902
SLC23A2,20p,-0.286205208954821,-0.0428722073853808,non_sig,-0.24333300156944018
TASP1,20p,-0.181927185140983,0.0379175790552612,non_sig,-0.21984476419624419
AGA,4q,0.05095332635017675,0.213887068000609,non_sig,-0.16293374165043226
ASRGL1,11q,-0.734564552950965,-0.272380611588924,non_sig,-0.462183941362041
PPP1R16A,8q,0.101900813134216,-0.0668623715048422,non_sig,0.1687631846390582
TMTC4,13q,-0.0803326733390315,0.1547362125433615,non_sig,-0.235068885882393
TMTC2,12q,-0.161056559833902,-0.02498587352574725,non_sig,-0.13607068630815475
TMTC3,12q,-0.19726787683368402,0.021854651677986753,non_sig,-0.21912252851167077
DHX35,20q,-0.360840119364485,-0.1507118851148545,non_sig,-0.2101282342496305
DHX30,3p,-0.180365041798428,0.0212842034984728,non_sig,-0.2016492452969008
DHX40,17q,-0.274273931091074,-0.08291324976461595,non_sig,-0.19136068132645806
DHX37,12q,-0.10575901692316539,0.00267272631553035,non_sig,-0.10843174323869574
DHX33,17p,-0.0581279236938074,-0.0697101335080841,non_sig,0.011582209814276698
DHX57,2p,-0.0891346102449014,-0.08937954979199006,non_sig,0.0002449395470886656
DHX8,17q,-0.243831853394811,-0.0025688166924809,non_sig,-0.2412630367023301
DHX34,19q,-0.104275768074737,-0.01279949104846595,non_sig,-0.09147627702627105
DHX9,1q,-0.162941606059612,-0.0597192959092421,non_sig,-0.1032223101503699
DHX15,4p,-0.12806979065437252,-0.0399869010167131,non_sig,-0.08808288963765942
DHX29,5q,-0.0543280403305715,0.0109189659436588,non_sig,-0.0652470062742303
DHX16,6p,-0.12073537892292435,-0.00150505937317435,non_sig,-0.11923031954975
YTHDC2,5q,-0.277024759842943,0.0265125690739648,non_sig,-0.3035373289169078
DHX32,10q,-0.0945528897319862,0.016605929732575,non_sig,-0.11115881946456119
DHX38,16q,-0.237981257124952,-0.06160919052234459,non_sig,-0.1763720666026074
DHX36,3q,-0.202686912060417,-0.062444443936906104,non_sig,-0.1402424681235109
AGPAT3,21q,-0.151647373822403,0.04547268787384095,non_sig,-0.19712006169624396
AGPAT4,6q,-0.271415537757011,0.09533361734806406,non_sig,-0.36674915510507505
AGPAT5,8p,-0.319708899571408,0.13337772088258548,non_sig,-0.4530866204539935
LCLAT1,2p,-0.0608440431415794,-0.0531121735519135,non_sig,-0.007731869589665902
TOX2,20q,-0.8418479356752235,-0.3187819434297585,non_sig,-0.523065992245465
TOX,8q,-0.445065861355535,-0.3970814254076955,non_sig,-0.04798443594783952
TOX4,14q,-0.199619919310487,0.104911003181838,non_sig,-0.304530922492325
TNFRSF19,13q,-0.259848951183402,-0.562216005189786,non_sig,0.302367054006384
EYA1,8q,0.976520370445696,-0.08851106876872959,non_sig,1.0650314392144256
EYA4,6q,-0.201780412690802,-0.3599970124813955,non_sig,0.1582165997905935
EYA3,1p,-0.17980585071379,-0.0073401054516033,non_sig,-0.1724657452621867
CARS2,13q,-0.273837577987167,0.00583029663280475,non_sig,-0.2796678746199718
DYRK1A,21q,-0.251603590245213,-0.0432165354119318,non_sig,-0.2083870548332812
CLK4,5q,-0.320907229642045,0.06447590683565779,non_sig,-0.3853831364777028
CLK1,2q,-0.125473809196459,-0.0559819741234715,non_sig,-0.0694918350729875
CLK2,1q,-0.2337334864775215,-0.0247924755923177,non_sig,-0.2089410108852038
CLK3,15q,-0.120718962513451,-0.072916529208275,non_sig,-0.047802433305176
DYRK1B,19q,-0.0647611335956132,-0.065740792589784,non_sig,0.0009796589941708095
MTRF1,13q,-0.144942553820189,-0.0323710528722215,non_sig,-0.1125715009479675
MTRF1L,6q,-0.204613181812265,0.0812973348320547,non_sig,-0.2859105166443197
FAM83D,20q,-0.265595530668746,-0.1451899234062745,non_sig,-0.12040560726247151
FAM83F,22q,-0.143515494583299,-0.4873687181536675,non_sig,0.3438532235703685
FAM83G,17p,-0.134268576255971,0.144642503399042,non_sig,-0.278911079655013
FAM83C,20q,-0.624951239251718,-0.37054328744411047,non_sig,-0.25440795180760756
FAM83E,19q,0.09077225359988911,0.0886923172031552,non_sig,0.002079936396733914
FAM83A,8q,-0.927311903915445,-0.5033435099502009,non_sig,-0.4239683939652441
SLC2A10,20q,-1.0016969392657153,-0.319414220601351,non_sig,-0.6822827186643643
SLC2A5,1p,-0.702777410832282,-0.7717565849927686,non_sig,0.0689791741604866
SLC2A1,1p,-0.23321822755647,-0.3020467135983065,non_sig,0.06882848604183647
SLC2A3,12p,-0.859109763183377,-0.557734018181455,non_sig,-0.301375745001922
SLC2A6,9q,-0.00900685710837755,-0.15687863258886,non_sig,0.14787177548048247
SLC2A2,3q,-1.0321516236757171,-0.504595102979048,non_sig,-0.5275565206966691
SLC2A8,9q,-0.1108315907588106,-0.0034263600891735,non_sig,-0.1074052306696371
SLC2A12,6q,-0.31645521817541244,0.521251397064812,non_sig,-0.8377066152402245
SLC2A13,12q,-0.21049235859951998,0.036706757779365606,non_sig,-0.24719911637888559
NAA16,13q,-0.169675486725939,-0.050524094867028496,non_sig,-0.1191513918589105
NAA15,4q,-0.21365605906562551,0.02710821478417165,non_sig,-0.24076427384979715
NCOA3,20q,-0.2891039156280485,-0.1586317472676505,non_sig,-0.130472168360398
NCOA2,8q,-0.357760735652015,-0.05203648275491435,non_sig,-0.30572425289710065
NCOA1,2p,-0.136986272009217,-0.0659191178451567,non_sig,-0.07106715416406031
F2RL1,5q,-0.004428859574822,-0.08563263121653895,non_sig,0.08120377164171695
F2R,5q,-0.7141008331598084,-0.15594422951255,non_sig,-0.5581566036472585
PREX1,20q,-0.523758854414725,-0.338973960577275,non_sig,-0.18478489383745
PREX2,8q,-0.207774869480765,-0.146033300923117,non_sig,-0.06174156855764801
DEPTOR,8q,-0.5342480710514435,-0.320866430991948,non_sig,-0.21338164005949545
NETO2,16q,-0.265195571467625,0.177872582758667,non_sig,-0.443068154226292
CNDP2,18q,-0.30605486914792,0.134812788626131,non_sig,-0.440867657774051
ZMYM4,1p,-0.232288094838801,-0.02086204775221245,non_sig,-0.21142604708658855
ZMYM6,1p,-0.02917850115934245,-0.143964877741827,non_sig,0.11478637658248456
PTGIS,20q,-0.517415783321499,-0.7958008415162,non_sig,0.27838505819470105
ATP9A,20q,-0.21166456249527124,-0.10009466507232684,non_sig,-0.1115698974229444
ATP8A1,4p,-0.5285822251776251,-0.131581129742426,non_sig,-0.3970010954351991
ATP11B,3q,-0.134281905211328,-0.1197313868681635,non_sig,-0.014550518343164495
ATP10B,5q,-0.329880981175489,-0.689582537057308,non_sig,0.359701555881819
ATP10A,15q,-0.0346252405025638,0.0864245854171123,non_sig,-0.1210498259196761
ATP11A,13q,-0.160646667396012,0.0162466194325236,non_sig,-0.17689328682853558
ATP8B1,18q,0.183259705797492,-0.431525936484613,non_sig,0.614785642282105
ATP10D,4p,-0.024768845891268848,-0.07641417473201881,non_sig,0.05164532884074996
ATP8B2,1q,0.939818072917572,-0.488744083671473,non_sig,1.428562156589045
ATP9B,18q,-0.0798642792603318,-0.0364373714568612,non_sig,-0.043426907803470596
ATP8B3,19p,0.0239320409616948,-0.0408782954523288,non_sig,0.0648103364140236
RALY,20q,-0.1879044088001315,-0.115962980665994,non_sig,-0.07194142813413751
RALYL,8q,-0.8212561737725506,0.16859285858088502,non_sig,-0.9898490323534356
HNRNPC,14q,-0.15641409090566358,0.06647935110179301,non_sig,-0.2228934420074566
LATS2,13q,0.0134130488802147,0.0511798688664888,non_sig,-0.0377668199862741
SGK2,20q,-0.595541372946496,-0.3587810337703035,non_sig,-0.2367603391761925
LATS1,6q,-0.299650917015944,0.1011740084022291,non_sig,-0.40082492541817305
PKNOX1,21q,-0.0631263993581624,-0.0063778290406721,non_sig,-0.0567485703174903
MEIS1,2p,-0.124489662999195,-0.0778751588370067,non_sig,-0.046614504162188306
MEIS2,15q,0.5104277868883955,-0.25009222253944,non_sig,0.7605200094278355
CBS,21q,-0.421969573487812,-0.11872492238503,non_sig,-0.303244651102782
SRR,17p,-0.35583346698799345,0.076921059010289,non_sig,-0.43275452599828246
SDSL,12q,-0.11124832470265271,-0.027052473885506398,non_sig,-0.08419585081714631
SHISA2,13q,-0.3621979361633575,-0.394670175573249,non_sig,0.03247223940989152
SHISA3,4p,-0.122023608206705,-0.585611395033468,non_sig,0.46358778682676305
SLC17A5,6q,-0.06630295395460685,-0.02866811361598465,non_sig,-0.0376348403386222
FRY,13q,-0.113526324961856,-0.0094319257707076,non_sig,-0.10409439919114839
FRYL,4p,-0.208288513245391,0.110780912754343,non_sig,-0.319069425999734
PIAS2,18q,-0.17192723882564248,0.244993947277684,non_sig,-0.4169211861033265
PIAS1,15q,-0.10283355573393,-0.06174120964887115,non_sig,-0.041092346085058844
PIAS3,1q,0.0184464841681314,-0.034557195458895,non_sig,0.0530036796270264
PIAS4,19p,-0.0500197360687026,-0.0925627617203759,non_sig,0.042543025651673304
PSMA7,20q,-0.279825317066705,0.0131630795642969,non_sig,-0.2929883966310019
PSMA1,11p,-0.1183300418712635,0.054942785342920145,non_sig,-0.17327282721418363
PSMA2,7p,-0.0572027878485667,0.0348162248701025,non_sig,-0.09201901271866919
PSMA3,14q,-0.0808067067480935,0.0657472097789079,non_sig,-0.1465539165270014
PSMA8,18q,0.0181018134655584,-0.0130916424137857,non_sig,0.0311934558793441
PSMA4,15q,-0.0424512643553421,-0.017773053400190447,non_sig,-0.02467821095515165
PSMA5,1p,-0.0061721983089112,0.03230146041180635,non_sig,-0.03847365872071755
PSMA6,14q,-0.0580887180111373,0.0750849188685528,non_sig,-0.13317363687969008
HDHD2,18q,-0.43124254065173495,0.32296304472059545,non_sig,-0.7542055853723304
LHPP,10q,-0.160000052044927,-0.0970527252481609,non_sig,-0.06294732679676611
PGP,16p,-0.264100241855805,0.16872069021658798,non_sig,-0.43282093207239297
PDXP,22q,-0.3561433550531635,0.10606111419543149,non_sig,-0.46220446924859504
U2AF1,21q,-0.0042324683341275,0.022816759701182,non_sig,-0.0270492280353095
PMEPA1,20q,-0.184762815436161,-0.680690120374859,non_sig,0.49592730493869797
PDS5B,13q,-0.104639977806154,0.03606126074026105,non_sig,-0.14070123854641506
PDS5A,4p,-0.187479280581079,-0.0095991446390732,non_sig,-0.1778801359420058
SKOR1,15q,-0.035314893105816744,-0.188092219500561,non_sig,0.15277732639474423
SOX9,17q,-0.24590490062403603,0.0367011796548806,non_sig,-0.28260608027891665
SOX12,20p,-0.3827298549764935,0.07643963138090135,non_sig,-0.45916948635739485
ACSS1,20p,-0.4278114616441855,-0.0568648415649564,non_sig,-0.3709466200792291
ACSS3,12q,-0.34309729393141,-0.758067671389172,non_sig,0.414970377457762
AACS,12q,-0.0018183356764265002,-0.08135383577776525,non_sig,0.07953550010133875
ACSM2B,16p,-0.38200484686186353,-0.176869457129907,non_sig,-0.20513538973195652
ACSS2,20q,-0.6770253494842665,-0.234788952534877,non_sig,-0.44223639694938954
ACSM3,16p,-0.498631123527922,-0.517018063870764,non_sig,0.018386940342841995
UTP14C,13q,-0.0736848401517582,-0.0363807119919771,non_sig,-0.037304128159781104
INTS6,13q,-0.153137349190766,-0.0128563335458866,non_sig,-0.14028101564487938
TAF4B,18q,-0.0966699381124859,-0.1999416889388335,non_sig,0.10327175082634758
TAF4,20q,0.004612473157804598,-0.01393814126341445,non_sig,0.018550614421219046
B4GALT5,20q,-0.196920560653415,-0.193940538963356,non_sig,-0.0029800216900590093
B4GALT6,18q,-0.175081736789981,0.02263342905346065,non_sig,-0.19771516584344168
B4GALT1,9p,0.030100099320443,-0.09344979391857375,non_sig,0.12354989323901674
B4GALT4,3q,-0.366809679038206,-0.12857767166872,non_sig,-0.238232007369486
B4GALT3,1q,-0.188519098156633,-0.0434787732940315,non_sig,-0.14504032486260152
B4GALT2,1p,-0.0778081381982645,-0.0575905779219095,non_sig,-0.020217560276355004
B4GALT7,5q,-0.11660450205752,-0.0004868483842611735,non_sig,-0.11611765367325882
DSG3,18q,-0.573007541072506,-0.761826754029861,non_sig,0.18881921295735504
DSG2,18q,0.312757553374925,-0.6182023252003794,non_sig,0.9309598785753044
DSC2,18q,0.220274648416531,-0.7316063120363925,non_sig,0.9518809604529235
SALL4,20q,-0.49624224157165553,-0.716862878818551,non_sig,0.2206206372468955
SALL2,14q,-0.520152643041664,-0.0781682440800093,non_sig,-0.44198439896165465
SALL1,16q,-0.179447455128411,-0.233217711800763,non_sig,0.053770256672351996
SALL3,18q,-0.621922896519932,-0.934952111076989,non_sig,0.3130292145570569
SLC19A1,21q,-0.159919674257443,-0.07358231662794645,non_sig,-0.08633735762949654
SLC19A2,1q,-0.287431210053494,-0.132942184232008,non_sig,-0.154489025821486
SCP2,1p,-0.0627348808900572,-0.0112710317603548,non_sig,-0.0514638491297024
BHLHE22,8q,-0.4698788075192505,-0.628646209191529,non_sig,0.15876740167227854
NDRG3,20q,-0.20913563076470798,-0.11874514002062,non_sig,-0.09039049074408798
NDRG2,14q,-0.0763552446455511,-0.06927059182659785,non_sig,-0.007084652818953249
NDRG4,16q,-0.15512471425439,-0.253378859739126,non_sig,0.09825414548473599
NDRG1,8q,-0.490150672227739,-0.339643538461055,non_sig,-0.150507133766684
RNF6,13q,-0.214182810696831,0.116146654590011,non_sig,-0.33032946528684204
SCN5A,3p,-0.009142062440489485,-0.524315772796069,non_sig,0.5151737103555796
CACNA1A,19p,-0.0633731370570367,0.1780310400952545,non_sig,-0.2414041771522912
LIPG,18q,-0.38777209167341153,0.102251379361777,non_sig,-0.4900234710351885
LIPH,3q,-0.08162827488466351,0.03848945641765926,non_sig,-0.12011773130232277
LIPC,15q,0.0234901484351195,-0.406486292886647,non_sig,0.4299764413217665
LPL,8p,-0.5186350496209879,-0.19531070348255,non_sig,-0.32332434613843797
NFATC2,20q,0.1284340644668639,-0.5664891012222335,non_sig,0.6949231656890974
NFATC4,14q,-0.615659176533034,-0.10351129926533,non_sig,-0.512147877267704
NFATC1,18q,-0.491975909047702,0.138320390938789,non_sig,-0.630296299986491
NFATC3,16q,-0.194290508778294,-0.131098541996228,non_sig,-0.06319196678206601
FAM3B,21q,-0.117698037103364,-1.07524438720567,non_sig,0.957546350102306
FAM3D,3p,-0.390824584859668,-0.43154560360925653,non_sig,0.040721018749588556
FAM3C,7q,-0.122351490736971,-0.1925848299866325,non_sig,0.0702333392496615
MEX3C,18q,-0.36663153180380603,0.23130268376826152,non_sig,-0.5979342155720675
MEX3B,15q,-0.07360047518978524,-0.122926589032897,non_sig,0.04932611384311175
MEX3A,1q,-0.6329117853783255,-0.224813793613828,non_sig,-0.40809799176449746
MEX3D,19p,-0.18625786754669,0.113908909431281,non_sig,-0.300166776977971
KCTD8,4p,-0.0915806960009404,-0.480389914782279,non_sig,0.38880921878133856
KCTD16,5q,0.05554229981300355,-0.188346310821432,non_sig,0.24388861063443554
SHOX2,3q,0.121747537299626,-0.0382796802421499,non_sig,0.1600272175417759
PHOX2B,4p,-0.471880483377828,-0.500090441671712,non_sig,0.028209958293884008
PITX3,10q,-0.542828378645668,-0.577625959291956,non_sig,0.03479758064628802
OTX2,14q,-0.9140505914068465,-0.645003563535524,non_sig,-0.2690470278713225
TCF4,18q,-1.0400192127302401,0.364037031035216,non_sig,-1.404056243765456
TCF12,15q,-0.5187859909313686,-0.0626509090622901,non_sig,-0.4561350818690785
TCF3,19p,-0.35916695435,-0.1730793054785565,non_sig,-0.18608764887144352
EPN2,17p,0.0111955577687737,0.20898455317624398,non_sig,-0.19778899540747027
EPN1,19q,-0.022329731032419052,0.08356540002650875,non_sig,-0.10589513105892781
EPN3,17q,0.49145793034768,-0.1469475264076425,non_sig,0.6384054567553225
CBX7,22q,-0.173925967673105,0.177073673743635,non_sig,-0.35099964141674
CBX6,22q,-0.0802992909727695,0.0298664716491104,non_sig,-0.1101657626218799
CBX8,17q,-0.007144615794454,0.01196619464682245,non_sig,-0.01911081044127645
CBX4,17q,-0.236556188447669,0.037540565125460446,non_sig,-0.27409675357312946
CBX2,17q,0.10374770128514865,-0.173289719150536,non_sig,0.2770374204356847
METTL21A,2q,-0.326611923236131,-0.0572491295294897,non_sig,-0.2693627937066413
VCPKMT,14q,-0.155011318470268,0.1486607756296665,non_sig,-0.3036720940999345
PNPLA2,11p,-0.0460451388471951,-0.0683466019077206,non_sig,0.022301463060525502
LAMA5,20q,-0.5745829112915305,-0.324276505957267,non_sig,-0.2503064053342635
LAMA1,18p,-0.10733624844928,-0.011114454535514351,non_sig,-0.09622179391376565
LAMA4,6q,-0.560174236060939,-0.645431338207448,non_sig,0.08525710214650906
LAMA2,6q,-0.313273119502923,-0.04323275007221405,non_sig,-0.27004036943070897
LAMA3,18q,-0.1954338907014735,-0.677591907204954,non_sig,0.4821580165034805
IL17C,16q,-0.09954621806014351,0.204900921342199,non_sig,-0.3044471394023425
PRKG1,10q,-0.18223896191632435,-0.682586101386609,non_sig,0.5003471394702846
PRKG2,4q,-0.503359463961182,-0.114197932595055,non_sig,-0.389161531366127
PRKACA,19p,-0.237716766725973,0.0001569229415831,non_sig,-0.2378736896675561
PRKACG,9q,0.020317455680446198,-0.12136368906063,non_sig,0.14168114474107618
PRKACB,1p,-0.18843737288932275,-0.07796482605750522,non_sig,-0.11047254683181752
LSM14B,20q,-0.17174650019162663,-0.11554922732452025,non_sig,-0.05619727286710638
LSM14A,19q,-0.3714294255820395,0.0360392931815103,non_sig,-0.4074687187635498
TBC1D22A,22q,-0.1888520245677785,0.0365579001329507,non_sig,-0.2254099247007292
TBC1D22B,6p,-0.130115041717976,-0.0784151185946856,non_sig,-0.0516999231232904
CLIC6,21q,-0.41235967979723653,-0.229025556128718,non_sig,-0.18333412366851853
CLIC4,1p,-0.302788881724128,-0.04207530915583285,non_sig,-0.26071357256829514
CLIC1,6p,-0.2265328073832255,0.0985084288595961,non_sig,-0.3250412362428216
CLIC5,6p,-0.878832293428279,-0.472620381947795,non_sig,-0.40621191148048397
CLIC3,9q,-0.337826328642614,-0.643985057031805,non_sig,0.30615872838919095
PHACTR3,20q,0.0235356931620843,-0.139415139478238,non_sig,0.16295083264032229
PHACTR4,1p,-0.203787660448482,0.0635911852760959,non_sig,-0.26737884572457793
PHACTR2,6q,-0.151182144769322,0.142702773303767,non_sig,-0.29388491807308903
P2RY2,11q,0.6875582426960485,-0.03411818254755935,non_sig,0.7216764252436079
PTEN,10q,-0.229450006615612,0.0829873567847719,non_sig,-0.31243736340038386
SHROOM3,4q,-0.144091665800436,-0.0020826701554924,non_sig,-0.1420089956449436
CKAP2,13q,-0.13384160140044,0.10453775771683149,non_sig,-0.23837935911727148
CKAP2L,2q,0.0378737338027141,-0.0326125398322544,non_sig,0.07048627363496851
TCEA2,20q,-0.13085608154868,-0.0356260812569427,non_sig,-0.09523000029173731
TCEA3,1p,0.08531562680738544,-0.40726583690731,non_sig,0.49258146371469547
TCEA1,8q,-0.349643715067287,-0.05951913090401905,non_sig,-0.2901245841632679
SYNJ1,21q,-0.223556316460706,0.0312843524254331,non_sig,-0.2548406688861391
SYNJ2,6q,-0.113546478620148,0.0218566018713882,non_sig,-0.1354030804915362
RPL3,22q,-0.08343105561120985,-0.0009988056042014501,non_sig,-0.0824322500070084
HNRNPA3,2q,0.063759988433954,0.0970124449498386,non_sig,-0.0332524565158846
DAZAP1,19p,0.037090667982839304,0.0768519973878372,non_sig,-0.039761329404997894
HNRNPA2B1,7p,-0.0900720659193058,0.0536805724470679,non_sig,-0.1437526383663737
HNRNPAB,5q,-0.10020311872881449,0.10538431090230604,non_sig,-0.20558742963112053
MSI2,17q,-0.354114062909417,0.02423893350613115,non_sig,-0.37835299641554815
MSI1,12q,0.01175109894762365,-0.271657841733468,non_sig,0.2834089406810917
HNRNPA0,5q,0.0660915280660299,0.04333507861333,non_sig,0.022756449452699903
HNRNPD,4q,0.07073494312792715,0.16395391664765865,non_sig,-0.0932189735197315
HNRNPDL,4q,0.0322870905707114,0.0753109549021817,non_sig,-0.043023864331470305
HNRNPA1,12q,-0.0007310725245868489,0.055928023887514,non_sig,-0.056659096412100846
GATA4,8p,0.357485320049818,-0.8991007417226116,non_sig,1.2565860617724296
GATA3,10p,-0.40473700640087,-0.289476666659883,non_sig,-0.11526033974098704
GATA6,18q,0.07312903517137881,-0.30854328761017746,non_sig,0.3816723227815563
GATA2,3q,-0.40207256462331953,-0.573047838255144,non_sig,0.17097527363182452
ZIC2,13q,-0.403039101461018,-0.0150658058121764,non_sig,-0.3879732956488416
ZIC5,13q,-0.38598834249596103,-0.03942101172819935,non_sig,-0.3465673307677617
RBL1,20q,-0.206545048697579,-0.048236329914547696,non_sig,-0.15830871878303132
RBL2,16q,-0.0869521764339117,0.0657352141571492,non_sig,-0.1526873905910609
RB1,13q,-0.231006640019907,0.1105798433122685,non_sig,-0.3415864833321755
LNX2,13q,-0.07441488371209415,-0.0336439681139458,non_sig,-0.04077091559814835
LNX1,4q,0.25331100421465,0.180458930232277,non_sig,0.07285207398237303
RBM11,21q,-0.2082527477670462,-0.540282372774605,non_sig,0.33202962500755884
RBM7,11q,0.0018919001585316,0.0506911545505289,non_sig,-0.0487992543919973
HSPA13,21q,-0.327984565213403,0.114635780448051,non_sig,-0.44262034566145403
HSPA5,9q,-0.0033376508984079,0.0466848639644402,non_sig,-0.0500225148628481
HSPA9,5q,-0.096452438403287,0.1116372385819505,non_sig,-0.2080896769852375
HSPA14,10p,-0.2129115180862255,0.0106358064757294,non_sig,-0.2235473245619549
HSPA1L,6p,-0.1449177537708665,-0.17260301537050848,non_sig,0.02768526159964199
HSPA6,1q,0.123710240208373,-0.0075672152830868,non_sig,0.1312774554914598
HSPA1A,6p,-0.03655607137424545,-0.0376537246030242,non_sig,0.00109765322877875
HSPA4,5q,-0.356346092299215,0.059347132258163196,non_sig,-0.41569322455737817
HSPA8,11q,-0.05318022688874272,-0.033092829971218096,non_sig,-0.020087396917524626
HSPA2,14q,-0.440362407175938,-0.115983759696757,non_sig,-0.324378647479181
POLR1D,13q,-0.197090533803562,0.09768194096513906,non_sig,-0.29477247476870105
POLR2J,7q,-0.0520763214188745,0.026023447717131297,non_sig,-0.0780997691360058
EDNRA,4q,-0.983969594136329,-0.4859876507397335,non_sig,-0.4979819433965955
EDNRB,13q,-0.10941113720521,-0.2151799953016435,non_sig,0.10576885809643351
EDN3,20q,0.0011370620060213,-0.4443391428684931,non_sig,0.4454762048745144
PERP,6q,0.181718621191401,-0.15516802702854016,non_sig,0.3368866482199412
BRWD1,21q,-0.0820771444202173,-0.048678313812978,non_sig,-0.0333988306072393
PHIP,6q,-0.17211897248837799,-0.0067997989880652,non_sig,-0.16531917350031278
ITGBL1,13q,-0.527974302294026,-0.5469013086406215,non_sig,0.0189270063465955
ITGB1,10p,-0.05221828424480175,0.167649054206414,non_sig,-0.21986733845121575
ITGB2,21q,-0.6965278210425275,-0.5119371015836935,non_sig,-0.18459071945883399
ITGB7,12q,-0.783684485019684,-0.262911304298195,non_sig,-0.520773180721489
ITGB3,17q,-1.19367183039976,-0.690202741651085,non_sig,-0.503469088748675
ITGB5,3q,0.0799094812982661,-0.035718872769670756,non_sig,0.11562835406793685
ITGB6,2q,-0.362238160086323,-0.489049637057361,non_sig,0.126811476971038
NUBPL,14q,-0.20200118409504,0.0071509585075586,non_sig,-0.2091521426025986
NUBP1,16p,-0.270416081396344,0.0403260269365232,non_sig,-0.3107421083328672
NUBP2,16p,-0.233215597741913,0.024946628904707703,non_sig,-0.2581622266466207
CNKSR1,1p,0.810901507243674,-0.280356797242634,non_sig,1.091258304486308
CNKSR3,6q,-0.121372287377132,-0.1337813460477015,non_sig,0.012409058670569503
IPCEF1,6q,-0.28933817726593,-0.3655287773646735,non_sig,0.07619060009874351
SUPT20H,13q,-0.0283080021678997,0.0393791123480506,non_sig,-0.0676871145159503
SNX6,14q,-0.177695821525531,0.0592028137406471,non_sig,-0.2368986352661781
SNX5,20p,-0.477946527997246,-0.0570338938761821,non_sig,-0.42091263412106394
SNX4,3q,0.0407687375421708,0.02395462293150095,non_sig,0.01681411461066985
PHF20,20q,-0.17599599345543,-0.0365300640677791,non_sig,-0.1394659293876509
PHF20L1,8q,-0.0917492781912614,-0.117353195504496,non_sig,0.025603917313234595
RBPJ,4p,-0.2139738344167385,-0.113497686989093,non_sig,-0.1004761474276455
HMGN1,21q,-0.315990628466388,0.0596906953225322,non_sig,-0.37568132378892016
HMGN2,1p,-0.161438520734851,-0.0074632968977147995,non_sig,-0.1539752238371362
HMGN4,6p,-0.1694313563241165,-0.0253334339415056,non_sig,-0.14409792238261088
HMGN3,6q,-0.2957226710680845,0.060379932672647296,non_sig,-0.35610260374073177
SDC4,20q,-0.8673591555608965,-0.2157312480696725,non_sig,-0.651627907491224
SDC1,2p,0.453585382747463,0.02252013043161215,non_sig,0.43106525231585086
SDC3,1p,-0.131420817375221,0.09138170909020445,non_sig,-0.22280252646542542
SDC2,8q,-0.575757696253657,-0.7534038319969425,non_sig,0.17764613574328547
SIX1,14q,-0.5168686042641265,-0.0680561910609291,non_sig,-0.4488124132031974
SIX2,2p,-0.120052251659487,-0.21310627328175752,non_sig,0.09305402162227051
SIX5,19q,-0.24802065540241303,-0.0120836207505279,non_sig,-0.23593703465188512
SIX4,14q,-0.424922149998406,0.216354611484654,non_sig,-0.64127676148306
PPP2R5E,14q,-0.0354074463845016,-0.0879145767726046,non_sig,0.052507130388103
PPP2R5A,1q,-0.421797642142394,-0.10345958678692044,non_sig,-0.31833805535547355
PPP2R5B,11q,-0.0576803246749934,-0.0537438791350794,non_sig,-0.003936445539913999
PPP2R5C,14q,-0.11983281852952578,-0.05449167834373915,non_sig,-0.06534114018578663
PPP2R5D,6p,-0.21698546016438602,-0.11514137499572599,non_sig,-0.10184408516866003
NPEPL1,20q,-0.2923014319881475,-0.0010556483598499998,non_sig,-0.2912457836282975
LAP3,4p,-0.303509250525413,0.116593332464916,non_sig,-0.420102582990329
PIM1,6p,-0.379243829516619,-0.22642619797744,non_sig,-0.152817631539179
DENND6A,3p,-0.143182714970369,0.05365557961986135,non_sig,-0.19683829459023033
CERK,22q,-0.278877688348984,0.0232952062222751,non_sig,-0.3021728945712591
SPHK1,17q,-0.12387661146907375,-0.0524556259669644,non_sig,-0.07142098550210935
STYX,14q,-0.188220593938664,0.0251149459801496,non_sig,-0.2133355399188136
DUSP19,2q,0.1807673010963975,-0.128630759440559,non_sig,0.3093980605369565
DUSP3,17q,-0.2104986255451885,-0.07817865822883335,non_sig,-0.13231996731635515
DUSP28,2q,-0.2606166046041975,-0.0331757966540531,non_sig,-0.2274408079501444
DUSP7,3p,-0.638917173278706,1.004792738624441,non_sig,-1.643709911903147
DUSP22,6p,0.0365430876153537,-0.000109440040932,non_sig,0.036652527656285704
DUSP14,17q,-0.803927361958684,-0.142784083827238,non_sig,-0.6611432781314459
NBEA,13q,-0.0350780667734951,-0.030446618314542852,non_sig,-0.0046314484589522475
LRBA,4q,-0.274554273380536,0.108715084995072,non_sig,-0.383269358375608
PPP6R2,22q,-0.2110470255056455,0.05746027778028065,non_sig,-0.26850730328592615
PPP6R1,19q,-0.409622488574177,-0.038800913397388795,non_sig,-0.3708215751767882
PPP6R3,11q,-0.1255825125418795,-0.08560360310146875,non_sig,-0.03997890944041074
PCP4,21q,-0.2592044761443205,-0.197195024700657,non_sig,-0.062009451443663516
PCP4L1,1q,-1.0159296362595975,-0.844613745472792,non_sig,-0.17131589078680554
SYTL1,1p,0.080960441229032,0.07586014234860795,non_sig,0.005100298880424042
SYTL3,6q,-0.651182072023438,-0.467697173060913,non_sig,-0.183484898962525
PPM1A,14q,-0.217209287477469,0.0701310763797024,non_sig,-0.28734036385717143
PPM1L,3q,-0.377486862044753,-0.150021445878957,non_sig,-0.22746541616579602
ILKAP,2q,-0.209563131852868,0.0274250164565802,non_sig,-0.2369881483094482
PPM1D,17q,-0.3111963541293215,-0.164848289539542,non_sig,-0.1463480645897795
PPM1B,2p,-0.233144215148645,0.02562258808431315,non_sig,-0.25876680323295814
PPM1K,4q,-0.11362809056774345,-0.020961748143874647,non_sig,-0.0926663424238688
PPM1G,2p,-0.222609471408683,-0.0206732938138566,non_sig,-0.2019361775948264
PPM1F,22q,-0.311860112216774,0.0787231449102149,non_sig,-0.39058325712698894
PPM1H,12q,-0.225185801830996,-0.0741864812925795,non_sig,-0.15099932053841653
SETDB2,13q,-0.142173325786954,-0.018954891379826,non_sig,-0.12321843440712799
SETDB1,1q,-0.0783828775722973,-0.109257842339222,non_sig,0.03087496476692471
PRELID1,5q,-0.1247399546296955,-0.0979828236623842,non_sig,-0.026757130967311304
PHF11,13q,-0.574767397109962,-0.368208382283968,non_sig,-0.20655901482599404
BACE2,21q,-0.10593662846984,-0.0644117100766768,non_sig,-0.041524918393163204
NAPSA,19q,-0.33514296803612553,-0.346303058277202,non_sig,0.011160090241076448
CTSE,1q,-0.5338624092453854,-0.5516587435748345,non_sig,0.01779633432944905
BACE1,11q,-0.338506346201664,-0.1560849029420385,non_sig,-0.18242144325962548
BMP6,6p,-2.1552307413111,0.0321928347599043,non_sig,-2.187423576071004
BMP8B,1p,-0.375520098169943,-0.0182568885066453,non_sig,-0.35726320966329767
GDF6,8q,0.773817707638597,0.246381511116638,non_sig,0.527436196521959
BMP4,14q,-0.181211766395049,-0.546572131796073,non_sig,0.365360365401024
BMP7,20q,-0.1849512777896415,-0.0702959377274884,non_sig,-0.11465534006215308
BMP5,6p,1.0814608434317075,-0.485527571378627,non_sig,1.5669884148103344
DHRS7,14q,-0.0866958025981539,-0.0343270854647154,non_sig,-0.052368717133438505
HSD11B1,1q,-0.5627602397469695,-0.427593904216494,non_sig,-0.13516633553047552
RBM12,20q,0.1319997676355775,-0.01242081249851535,non_sig,0.14442058013409284
RBM12B,8q,-0.0207441010634706,-0.07416328173135969,non_sig,0.05341918066788909
FITM2,20q,-0.754360398973844,-0.147499750805148,non_sig,-0.606860648168696
RIPK4,21q,-0.1325453152649685,-0.034599196305270655,non_sig,-0.09794611895969783
ANKK1,11q,-0.3636206450633235,-0.317205939971458,non_sig,-0.04641470509186546
TTPAL,20q,-0.617374420917359,-0.141878816605162,non_sig,-0.47549560431219695
CLVS2,6q,-0.642997450454664,-0.8352906517020124,non_sig,0.1922932012473484
RLBP1,15q,-0.220232688102991,-0.23428275767204,non_sig,0.014050069569049
SERINC3,20q,-0.642421187373711,-0.241182049480101,non_sig,-0.40123913789361
SERINC1,6q,-0.1806067528864585,0.054475611673827196,non_sig,-0.2350823645602857
SERINC5,5q,-0.2413897817953115,-0.232013566084963,non_sig,-0.009376215710348496
TFF2,21q,-0.7848964133165319,-0.1378308914396405,non_sig,-0.6470655218768915
TFF3,21q,-1.2001030367632,-0.306326004852246,non_sig,-0.8937770319109539
TMPRSS13,11q,-0.347869984114773,-0.253989801749175,non_sig,-0.09388018236559798
MICU2,13q,0.0417463565512166,0.02907336065919635,non_sig,0.012672995892020249
MICU1,10q,-0.228840952738167,0.0615579748827767,non_sig,-0.29039892762094366
PKIG,20q,-3.631774993674859,-0.32163811454435254,non_sig,-3.310136879130506
ALG5,13q,-0.196492696389245,0.04357063400812525,non_sig,-0.24006333039737024
DPM1,20q,-0.2029920318380285,-0.038639708371887904,non_sig,-0.1643523234661406
OXR1,8q,-0.407271701102194,-0.25397523591606963,non_sig,-0.1532964651861244
NCOA7,6q,-0.2011634257758355,0.044153394341512,non_sig,-0.2453168201173475
PVALB,22q,2.424713132700745,-0.6240493931957415,non_sig,3.0487625258964868
JPH2,20q,-0.4744837969694,-0.479729123935391,non_sig,0.005245326965991004
JPH1,8q,-0.2626833604381575,0.157988579063749,non_sig,-0.4206719395019065
JPH3,16q,0.227993808949998,-0.36873254960546,non_sig,0.596726358555458
CGB2,19q,0.0856968442349211,-0.435600700353538,non_sig,0.5212975445884591
EXOSC8,13q,0.024075364479559,0.08498447745459925,non_sig,-0.06090911297504025
EXOSC7,3p,0.0051746985026436,-0.00324207886687585,non_sig,0.00841677736951945
EXOSC9,4q,-0.0097613536444264,-0.01589634477104955,non_sig,0.0061349911266231506
UBASH3B,11q,-0.3842820501317695,-0.318236575575523,non_sig,-0.06604547455624654
SRSF6,20q,0.008524669066296002,0.0013326708070543999,non_sig,0.007191998259241602
SRSF4,1p,-0.0737205256285597,-0.0361345603111354,non_sig,-0.0375859653174243
SRSF5,14q,-0.129377897072623,0.0307731592353555,non_sig,-0.16015105630797852
SRSF7,2p,-0.0471748625683415,-0.0219303968597761,non_sig,-0.025244465708565398
SRSF3,6p,-0.03057585679694405,0.002994818080774274,non_sig,-0.03357067487771832
SRSF1,17q,0.0074970556756529,0.01699491541632955,non_sig,-0.00949785974067665
SRSF9,12q,-0.09642205441418755,0.09734178956438674,non_sig,-0.1937638439785743
SYNGR1,22q,-0.428249665109802,0.0128075821987867,non_sig,-0.4410572473085887
SYNGR3,16p,-0.27435819084825097,0.0397816223857646,non_sig,-0.3141398132340156
SYNGR2,17q,-0.2051108572188705,0.0064935583963881,non_sig,-0.2116044156152586
MYBL2,20q,-0.3426894266641,-0.0873308923560463,non_sig,-0.2553585343080537
MYB,6q,-0.4590807858668695,-0.504171597868919,non_sig,0.04509081200204945
PDGFA,7p,-0.498115527650965,-0.487379044042362,non_sig,-0.01073648360860302
ADAR,1q,-0.176337856581342,-0.0255033303462442,non_sig,-0.1508345262350978
ADARB1,21q,-0.32338164426035,0.0243132657563128,non_sig,-0.3476949100166628
DCAF4,14q,-0.0817962881549208,-0.0103309789628983,non_sig,-0.07146530919202249
GTSF1,12q,-0.600053041272779,-0.665101465671001,non_sig,0.065048424398222
KLF10,8q,0.447598158552652,0.0137299895150196,non_sig,0.4338681690376324
SIRPA,20p,-0.508306516432411,-0.14753183921483548,non_sig,-0.3607746772175755
MPPED2,11p,-0.5259084980804074,-0.750613572966331,non_sig,0.22470507488592362
ENOX1,13q,-0.156332255234909,-0.02876041326492635,non_sig,-0.12757184196998267
MIA,19q,-0.964288852122069,-0.699556589337538,non_sig,-0.2647322627845311
MIA3,1q,-0.0754690847070874,0.0128631192146939,non_sig,-0.08833220392178129
OSBPL2,20q,-0.19748060151820848,-0.2188720773555115,non_sig,0.021391475837303026
OSBP2,22q,-0.118596180156137,-0.0727404234353269,non_sig,-0.045855756720810104
OSBPL6,2q,0.0196738048869838,-0.150083494125704,non_sig,0.1697572990126878
OSBPL1A,18q,-0.15545834935123548,0.13465181137134952,non_sig,-0.290110160722585
OSBP,11q,-0.24668121784659552,-0.00826690511824265,non_sig,-0.23841431272835287
OSBPL3,7p,-0.32716033781062503,-0.262758373034522,non_sig,-0.06440196477610305
OSBPL7,17q,0.07012910113173995,0.0005375376224015,non_sig,0.06959156350933846
SLC37A1,21q,0.116662535476178,-0.280403570513411,non_sig,0.397066105989589
SLC37A3,7q,-0.25474569955848747,-0.0616156397260359,non_sig,-0.19313005983245157
SLC37A2,11q,-0.4954121946306095,-0.336931312995301,non_sig,-0.1584808816353085
LAMP1,13q,-0.141291090801854,0.0260321665064548,non_sig,-0.1673232573083088
GRTP1,13q,-0.220543774766752,-0.1312441541256315,non_sig,-0.08929962064112049
TBC1D10B,16p,-0.153256899259216,0.01732320667023895,non_sig,-0.17058010592945497
TBC1D10A,22q,-0.259241065520134,-0.07762120443357826,non_sig,-0.18161986108655573
ITIH2,10p,-0.221991737490296,-0.20384226837473152,non_sig,-0.018149469115564476
ITIH3,3p,-0.191314947101648,-0.137273211082293,non_sig,-0.054041736019355
ITIH4,3p,-0.10760328898436465,-0.214770687901526,non_sig,0.10716739891716136
ITIH1,3p,-0.19911894514919498,-0.39744685832973,non_sig,0.198327913180535
ITIH5,10p,-0.405413953527566,-0.400141920972591,non_sig,-0.0052720325549749925
DCUN1D2,13q,0.06123545902019465,-0.143900536787739,non_sig,0.20513599580793365
DCUN1D1,3q,-0.224864123168368,-0.05192201232030905,non_sig,-0.17294211084805897
DCUN1D3,16p,-0.177597157597136,0.0788793776252137,non_sig,-0.2564765352223497
DCUN1D5,11q,-0.275885288606576,-0.00375693045669655,non_sig,-0.27212835814987946
DCUN1D4,4q,-0.06666397150075275,0.09509924386153784,non_sig,-0.1617632153622906
PDE8A,15q,-0.04291022346745435,0.0618324967419606,non_sig,-0.10474272020941494
PDE1A,2q,-0.34661429439447,-0.276995879879527,non_sig,-0.069618414514943
TSPO,22q,-0.167333680929542,0.0519582686581848,non_sig,-0.2192919495877268
SOCS2,12q,-0.594366368538306,-0.0976144564003024,non_sig,-0.4967519121380036
TFDP1,13q,-0.2233258417988105,0.10162524060215,non_sig,-0.3249510824009605
TFDP2,3q,-0.255212245165885,-0.0726952447314577,non_sig,-0.18251700043442726
KCNH1,1q,-0.006497501117118599,-0.0978575939580042,non_sig,0.0913600928408856
KCNH7,2q,-0.38422644085614,-0.2673029348261105,non_sig,-0.11692350603002949
ADPRH,3q,-0.23761257202915,-0.272878215838008,non_sig,0.035265643808857966
AQP3,9p,-0.5497625016390025,-0.804859516591873,non_sig,0.2550970149528705
AQP1,7p,2.07587085376038,-0.954972867477634,non_sig,3.0308437212380137
AQP5,12q,0.158316129268601,-0.894416439759623,non_sig,1.052732569028224
ACBD7,10p,-0.532031899475223,-0.06400833366601374,non_sig,-0.46802356580920923
DBI,2q,-0.630923901415822,0.07952876017999,non_sig,-0.710452661595812
ACBD4,17q,-0.52180137662844,0.0406489381255468,non_sig,-0.5624503147539868
ECI2,6p,-0.10037897242912745,0.0903558031325902,non_sig,-0.19073477556171764
RNF43,17q,-0.0713814844668504,-0.112396081471795,non_sig,0.0410145970049446
NEK2,1q,0.0014249034901649,-0.164116136350664,non_sig,0.1655410398408289
NEK3,13q,-0.190893419659844,-0.153467910935399,non_sig,-0.037425508724445
NEK8,17q,-0.318763569272559,-0.18713976882997602,non_sig,-0.13162380044258298
NEK6,9q,-0.1315669712964195,0.0202058787774549,non_sig,-0.1517728500738744
NEK7,1q,-0.191720272705983,-0.152707455817508,non_sig,-0.039012816888474994
EGLN1,1q,-0.271614524474049,-0.0953609314754293,non_sig,-0.1762535929986197
ONECUT2,18q,-0.293576427900718,-0.362625171080074,non_sig,0.06904874317935605
CRISP3,6p,-0.12055002113489825,0.0840296122425795,non_sig,-0.20457963337747775
CRISPLD1,8q,-0.8827620919925955,-0.5840181815865675,non_sig,-0.298743910406028
GLIPR1,12q,-0.3732202932363165,0.0164700650449318,non_sig,-0.3896903582812483
CRISPLD2,16q,0.0042967238470422,-0.3612519409252955,non_sig,0.3655486647723377
YTHDF1,20q,-0.1303170105079252,-0.1413307359425425,non_sig,0.011013725434617289
YTHDF2,1p,-0.140695137964543,-0.03367215105008995,non_sig,-0.10702298691445306
YTHDF3,8q,-0.258051018454635,0.0033079019914446996,non_sig,-0.2613589204460797
NARS2,11q,-0.2204947779202165,-0.06370425740241145,non_sig,-0.15679052051780504
BIRC7,20q,-0.445921075437745,-0.138780154353294,non_sig,-0.307140921084451
BIRC2,11q,-0.0645615528791479,0.0800909180027509,non_sig,-0.1446524708818988
LY75,2q,-0.322157883274259,-0.4978601587072285,non_sig,0.1757022754329695
MRC2,17q,-0.6613953610356175,-0.516504558070886,non_sig,-0.14489080296473145
PLA2R1,2q,-0.629702345790147,-0.01641162039330875,non_sig,-0.6132907253968382
LTBP2,14q,-0.054295463158495004,0.050225791227217445,non_sig,-0.10452125438571244
LTBP4,19q,0.0822310642584021,-0.08950946526540579,non_sig,0.1717405295238079
LTBP1,2p,0.25305769411862,-0.28334284948723554,non_sig,0.5364005436058555
LTBP3,11q,0.22985124112072602,-0.01347913583777045,non_sig,0.24333037695849646
ARFGAP1,20q,-0.14860952075848538,0.012638925030248202,non_sig,-0.1612484457887336
ARFGAP3,22q,-0.2081637990775395,0.13043447403797248,non_sig,-0.338598273115512
ARFGAP2,11p,-0.1290487794404425,0.1071834676430225,non_sig,-0.236232247083465
CTPS1,1p,-0.511362284972212,0.03103570110155415,non_sig,-0.5423979860737662
PSPC1,13q,-0.0601244946082367,0.12198225961439399,non_sig,-0.18210675422263067
SFPQ,1p,-0.0076457425017153,0.0077111135874919495,non_sig,-0.01535685608920725
WDFY2,13q,-0.183740722271924,0.0684272857596061,non_sig,-0.2521680080315301
WDFY1,2q,-0.262552490115155,-0.111610865406856,non_sig,-0.15094162470829903
YWHAH,22q,-0.1478292163506325,0.1847176602714985,non_sig,-0.332546876622131
SFN,1p,-0.120180611388791,-0.2400184833044555,non_sig,0.11983787191566449
YWHAE,17p,-0.14237616168773298,0.0402941524510052,non_sig,-0.1826703141387382
YWHAG,7q,-0.188069798556313,0.00024379266512450002,non_sig,-0.1883135912214375
YWHAB,20q,-0.315911955018434,-0.04977906733483135,non_sig,-0.26613288768360266
YWHAZ,8q,-0.454715852749196,-0.0167490654338748,non_sig,-0.43796678731532124
YWHAQ,2p,-0.129406405604558,-0.007019113839555649,non_sig,-0.12238729176500233
PTPRM,18p,-0.182595045370384,-0.223691087130107,non_sig,0.04109604175972298
PTPRK,6q,0.203200842205274,0.219029527271893,non_sig,-0.015828685066618997
PTPRF,1p,0.254383374782152,-0.050818139397960704,non_sig,0.3052015141801127
PTPRA,20p,-0.21450532024725,-0.133114386862886,non_sig,-0.08139093338436398
PTPRD,9p,-0.4398559482877295,-0.5375208825158855,non_sig,0.09766493422815598
PTPRS,19p,0.0848877665610549,-0.0150979104321205,non_sig,0.0999856769931754
PTPRU,1p,-0.0769920192847431,-0.0069979199853287995,non_sig,-0.0699940992994143
RDH11,14q,-0.22904273635994,-0.0608013412640092,non_sig,-0.16824139509593078
ASPHD2,22q,-0.3268852271949405,0.459284913531454,non_sig,-0.7861701407263946
ASPHD1,16p,-0.767097286004086,-0.08381842651514254,non_sig,-0.6832788594889434
ISCA2,14q,-0.191488495965873,0.0875136112962349,non_sig,-0.2790021072621079
ISCA1,9q,-0.157935472369134,0.0422067987759035,non_sig,-0.2001422711450375
SLC46A3,13q,-0.0272414847526484,-0.1346920075758166,non_sig,0.10745052282316819
SLC46A1,17q,-0.44857372178991,-0.116321830541662,non_sig,-0.332251891248248
SFMBT2,10p,0.1802477599037995,-0.15486320048195,non_sig,0.3351109603857495
SCMH1,1p,-0.140041056982923,-0.2077554672212935,non_sig,0.06771441023837052
SFMBT1,3p,-0.0651529059557571,0.0117106008545769,non_sig,-0.07686350681033399
CRYBB1,22q,-0.979394453757905,-0.3964129450938395,non_sig,-0.5829815086640655
TNFSF10,3q,-0.4192892319831665,-0.5401909885969735,non_sig,0.12090175661380698
EFHC1,6p,0.1413304054587288,-0.0298737584379704,non_sig,0.1712041638966992
L3MBTL3,6q,-0.13207776895573148,0.0950297738959368,non_sig,-0.2271075428516683
C1QTNF6,22q,-0.2641862427485415,-0.0495177986028291,non_sig,-0.21466844414571243
C1QL1,17q,-0.498076643585995,-0.245453091779361,non_sig,-0.252623551806634
CHRNA5,15q,-1.4445026773751128,0.6008312296816125,non_sig,-2.045333907056725
CHRNE,17p,-0.2218454984570235,-0.2229970928622445,non_sig,0.0011515944052210014
ALG11,13q,-0.2930198573756555,0.0585970341694314,non_sig,-0.3516168915450869
ALG2,9q,-0.128450917344671,0.0703730323542896,non_sig,-0.1988239496989606
ARHGAP28,18p,-0.135628454744225,0.041584667299215346,non_sig,-0.17721312204344034
ARHGAP18,6q,-0.251358476416021,-0.08240995706205406,non_sig,-0.16894851935396693
CHST2,3q,0.363116392261242,-0.1583822216117638,non_sig,0.5214986138730058
CHST6,16q,-0.0368281243148433,0.186888626540655,non_sig,-0.2237167508554983
CHST5,16q,0.6621815326141615,-0.18596099184202403,non_sig,0.8481425244561855
CHST3,10q,-0.25541065543922853,0.21800533792361299,non_sig,-0.4734159933628415
CLCN3,4q,-0.13736724330047975,0.0822438629860729,non_sig,-0.21961110628655267
CLCN2,3q,-0.0980344972077262,-0.0728884303379474,non_sig,-0.0251460668697788
CLCN7,16p,-0.162967725519168,-0.12922751629637752,non_sig,-0.033740209222790474
CLCN6,1p,-0.216054657547537,-0.1859347977312305,non_sig,-0.030119859816306493
CCM2,7p,-0.401646592838946,-0.212606428375522,non_sig,-0.189040164463424
PLAGL2,20q,0.451948557697014,-0.08843471625833675,non_sig,0.5403832739553507
PLAG1,8q,-0.343664391687286,-0.18348665003491949,non_sig,-0.16017774165236653
PIP4K2A,10p,-0.3988182587992005,-0.0882092024817045,non_sig,-0.310609056317496
PIP4K2C,12q,0.014678683786582901,-0.0185419549581561,non_sig,0.033220638744739
PIP5K1A,1q,-0.140750621484916,-0.0350110391936931,non_sig,-0.10573958229122289
PIP5K1C,19p,-0.119772332887436,0.039781286442616304,non_sig,-0.1595536193300523
PIP4K2B,17q,-0.155488602324791,-0.02181171261504425,non_sig,-0.13367688970974675
MAPRE1,20q,-0.13487751034738502,-0.15730057676623,non_sig,0.022423066418844978
MAPRE3,2p,0.0632113049493569,-0.063493197533236,non_sig,0.1267045024825929
MAPRE2,18q,-0.3813591781138015,0.033460463411611754,non_sig,-0.41481964152541323
SPECC1L,22q,-0.0657385640715821,0.038295383060643895,non_sig,-0.104033947132226
SPECC1,17p,-0.0469414226879468,0.11441766176013751,non_sig,-0.1613590844480843
COL8A1,3q,-0.264052238062303,-0.402061734746163,non_sig,0.13800949668386003
MTMR3,22q,-0.14423002207886,0.07176268789214675,non_sig,-0.21599270997100672
MTMR7,8p,0.10196013660088055,0.0250567008656133,non_sig,0.07690343573526724
MTMR9,8p,-0.283716297353642,0.187596386557886,non_sig,-0.47131268391152803
MTMR6,13q,-0.29594538260977,0.0005962830606880999,non_sig,-0.2965416656704581
MTMR4,17q,-0.186850625105725,0.0810456894513344,non_sig,-0.2678963145570594
MTMR2,11q,-0.18791518050391548,-0.0335375306093477,non_sig,-0.1543776498945678
ATP12A,13q,-0.0329081932299305,-0.0062207926618202,non_sig,-0.026687400568110302
ATP1A3,19q,0.008191891635528501,0.02711440228278965,non_sig,-0.018922510647261147
ATP2A2,12q,-0.1744763198021005,-0.00066494625020475,non_sig,-0.17381137355189574
ATP2C1,3q,-0.245455695557068,-0.0947276367033018,non_sig,-0.15072805885376622
ATP1A2,1q,0.2503977453156595,-0.0382443082598672,non_sig,0.2886420535755267
ATP1A4,1q,-0.0453994709706138,0.0155465787576771,non_sig,-0.0609460497282909
ATP2B4,1q,-0.0857065380497875,-0.132621193229861,non_sig,0.04691465518007348
ATP2A1,16p,-0.4262352057004575,-0.481165460166079,non_sig,0.0549302544656215
ATP2A3,17p,-0.43775311121167204,-0.764595133503202,non_sig,0.3268420222915299
ATP2B2,3p,-0.34553948111844446,-0.309167383296871,non_sig,-0.03637209782157347
ATP2B1,12q,-0.062002678923483455,-0.04227648678708145,non_sig,-0.019726192136402004
ATP2C2,16q,-0.124740508489741,-0.146419687676338,non_sig,0.02167917918659701
ATP1A1,1p,-0.0388457529532825,-0.0377214983789502,non_sig,-0.001124254574332302
CDK1,10q,-0.116512087889035,-0.16607381815476452,non_sig,0.04956173026572952
CDK3,17q,-0.1375256219908296,-0.0708491670987804,non_sig,-0.0666764548920492
CDK9,9q,-0.0543303874124256,-0.0039624051449397,non_sig,-0.0503679822674859
CDK10,16q,0.0096352642993778,0.02947033456055145,non_sig,-0.01983507026117365
CDK7,5q,-0.163567711258715,-0.0259424330802657,non_sig,-0.1376252781784493
CDK6,7q,-0.613915901935835,-0.2655415110191815,non_sig,-0.3483743909166535
CDK5,7q,-0.492196364726026,-0.1882672504744165,non_sig,-0.3039291142516095
CDK2,12q,-0.2125214450313485,-0.0812422777702464,non_sig,-0.13127916726110211
INHBA,7p,-0.571973642783752,-0.5125602379835535,non_sig,-0.05941340480019841
NIT1,1q,-0.249895431193173,0.0024951737230385,non_sig,-0.2523906049162115
ARHGEF7,13q,-0.231692901368991,0.035981421057321106,non_sig,-0.2676743224263121
ITGA8,10p,-0.754232712351206,-0.509304297945777,non_sig,-0.244928414405429
ITGA4,2q,-0.46884121795326,-0.63672093138178,non_sig,0.16787971342851998
ITGA10,1q,-0.279271842011632,-0.475222259993203,non_sig,0.19595041798157098
ITGAV,2q,0.196228944161068,0.004838537794252,non_sig,0.191390406366816
ITGA7,12q,-0.495311116347776,-0.53551053120613,non_sig,0.04019941485835399
ITGA2B,17q,-0.5587620312277275,-0.4500232434969585,non_sig,-0.108738787730769
ITGA9,3p,-0.6112782554862755,-0.368997934038292,non_sig,-0.24228032144798345
ITGA3,17q,0.44486385340280055,0.067568285106515,non_sig,0.3772955682962855
ITGA1,5q,-0.016913091779640198,-0.399086769953609,non_sig,0.3821736781739688
ITGAM,16p,0.0608745344518187,-0.129611171921701,non_sig,0.1904857063735197
ITGA11,15q,-0.399793869827685,-0.445776047493311,non_sig,0.04598217766562601
ITGA5,12q,0.129447617947063,-0.179435194872991,non_sig,0.30888281282005403
ITGA2,5q,0.25473817564835,-0.175051241370198,non_sig,0.429789417018548
ITGA6,2q,0.12064044177849348,-0.03461214638717065,non_sig,0.15525258816566412
APCDD1,18p,-0.445179396325347,-0.2943645506426793,non_sig,-0.15081484568266768
GDAP1,8q,-0.239793355044299,-0.017434039225730648,non_sig,-0.22235931581856835
SNRPD3,22q,-0.0276614506442277,-0.0452622055776824,non_sig,0.017600754933454702
SNRPD1,18q,-0.0574594385656576,-0.07965610299727095,non_sig,0.022196664431613354
LSM4,19p,0.0328847493792142,-0.0077814768923346,non_sig,0.0406662262715488
NAPB,20p,-0.32774371658732,-0.116454507855307,non_sig,-0.21128920873201298
SNRK,3p,-0.296345007420033,0.0622073490001031,non_sig,-0.3585523564201361
SIK2,11q,-0.2055302807902755,-0.0405806910301026,non_sig,-0.16494958976017288
SIK3,11q,-0.210829434762683,0.0520128863841382,non_sig,-0.2628423211468212
MYL9,20q,0.38867486710077104,-0.08129751934064885,non_sig,0.4699723864414199
MYL12A,18p,0.0977585989081344,-0.0294277282950892,non_sig,0.1271863272032236
CD93,20p,-0.3931752184756485,-0.25452172209059654,non_sig,-0.13865349638505198
DNMT3B,20q,0.0440557841266955,-0.2637508058816685,non_sig,0.30780659000836397
DNMT3A,2p,-0.465500650962522,-0.1322548896110865,non_sig,-0.3332457613514355
GGT6,17p,-0.171827567220551,-0.152813264532618,non_sig,-0.019014302687933
GGT7,20q,-0.238025527548309,-0.1153477121898425,non_sig,-0.1226778153584665
SOCS6,18q,-0.386702903661734,0.11038209325291751,non_sig,-0.49708499691465147
RPS27A,2p,-0.0687911458065649,0.0002428421461746497,non_sig,-0.06903398795273955
UBA52,19p,-0.0007815612421486,0.06367102371182815,non_sig,-0.06445258495397675
GRB2,17q,-0.143955772727767,-0.142283901084718,non_sig,-0.0016718716430489944
GRAP,17p,-0.5532066242669076,-0.528329677524719,non_sig,-0.024876946742188544
ABHD3,18q,-0.166944543796462,-0.0404636960117844,non_sig,-0.1264808477846776
ABHD2,15q,-0.322088727524564,-0.20992373650954,non_sig,-0.11216499101502403
ABHD15,17q,-0.0354114709818649,0.109698925396119,non_sig,-0.1451103963779839
RGS1,1q,-0.7182049976697316,-0.27469779503118497,non_sig,-0.4435072026385466
AVP,20p,0.0667233811590005,0.244995045427869,non_sig,-0.1782716642688685
KDSR,18q,-0.1327388865508365,0.1191322970143025,non_sig,-0.251871183565139
RDH14,2p,-0.207820357940418,0.009312457892909,non_sig,-0.217132815833327
RDH13,19q,-0.05788438559566895,0.0040303859420762,non_sig,-0.06191477153774515
DHRS13,17q,-0.258642266963972,-0.0670691987660615,non_sig,-0.19157306819791053
YY1,14q,-0.287857572941421,0.0163119931557915,non_sig,-0.3041695660972125
DYNLT1,6q,0.044982410481579804,-0.00217066661011525,non_sig,0.047153077091695056
PFKL,21q,-0.321092473455936,-0.129624059170303,non_sig,-0.191468414285633
PFKP,10p,-0.2917532856075975,0.0440836155878451,non_sig,-0.3358369011954426
PFKM,12q,-0.418580862359726,-0.060450473482610845,non_sig,-0.3581303888771152
MYO3A,10p,0.0167638018295782,-0.102326696406828,non_sig,0.11909049823640619
MYO1D,17q,0.0090805661386963,-0.152984530985944,non_sig,0.1620650971246403
MYO1A,12q,-0.942273890408767,-0.486749878886145,non_sig,-0.45552401152262195
MYO1G,7p,-0.510050141748709,-0.1516375291019775,non_sig,-0.3584126126467315
MYO1F,19p,-0.41674793624115,-0.410740193464546,non_sig,-0.006007742776603986
MYO1B,2q,-0.124307546149756,0.0100918375912029,non_sig,-0.13439938374095892
MYO7A,11q,0.06358328495282829,0.0467233690586416,non_sig,0.016859915894186693
VPS4B,18q,-0.245083405105919,0.3008205928226325,non_sig,-0.5459039979285515
FIGNL1,7p,-0.0026444413055679,-0.0095527150666439,non_sig,0.006908273761076
ATAD1,10q,-0.265052844240633,0.145964463875212,non_sig,-0.411017308115845
VPS4A,16q,-0.247859942127712,0.12216522472545699,non_sig,-0.370025166853169
KATNAL2,18q,0.422132193523272,0.6772748911681701,non_sig,-0.25514269764489805
KATNA1,6q,-0.146691635408372,0.00029851102783869993,non_sig,-0.1469901464362107
SPAST,2p,-0.182739611077381,-0.0425758015777046,non_sig,-0.14016380949967638
KATNAL1,13q,-0.0653086262034657,0.0680260540888082,non_sig,-0.1333346802922739
FIGN,2q,-0.341433692363057,0.02818097583652375,non_sig,-0.3696146681995807
PAOX,10q,0.120787284054674,-0.0740608878131251,non_sig,0.1948481718677991
COX4I1,16q,-0.0663830458771932,0.03299101695348615,non_sig,-0.09937406283067934
BCL2,18q,-0.188455090937619,0.0101475676778108,non_sig,-0.1986026586154298
BCL2L2,14q,-0.196555363997254,0.0867771401917043,non_sig,-0.2833325041889583
BCL2L1,20q,0.08463779437464874,-0.0508309974827062,non_sig,0.13546879185735494
BAK1,6p,-0.204412723163579,-0.0526340527510276,non_sig,-0.1517786704125514
BAX,19q,-0.36590993219005397,0.01769822830586415,non_sig,-0.3836081604959181
BOK,2q,-0.05424275604076505,0.08637593906274425,non_sig,-0.1406186951035093
BCL2A1,15q,-0.344219334481511,-0.3708879243368905,non_sig,0.02666858985537951
ANKRD18B,9p,-0.0013766951463648,-0.1148573054507723,non_sig,0.1134806103044075
ANKRD20A1,9q,0.04593152347833265,-0.00868323303357155,non_sig,0.0546147565119042
ANKRD26,10p,-0.0789855784046912,0.05472467148642005,non_sig,-0.13371024989111124
ANKRD30A,10p,0.0321147451071865,0.044452196065814,non_sig,-0.012337450958627497
MSRB2,10p,-0.180401042687267,0.0178058576592839,non_sig,-0.19820690034655092
MSRB3,12q,-0.05283303603004455,-0.0055473864728546,non_sig,-0.04728564955718995
HAND2,4q,0.0473157102086251,-0.547558515831679,non_sig,0.5948742260403042
PRTFDC1,10p,-0.358232412627052,-0.168654833825624,non_sig,-0.18957757880142803
BRPF3,6p,-0.227847416740317,-0.05340206454627635,non_sig,-0.17444535219404064
JADE2,5q,-0.175027636425568,-0.0382158076941295,non_sig,-0.13681182873143852
BRPF1,3p,-0.0997379714776684,-0.0291203789862224,non_sig,-0.070617592491446
JADE1,4q,-0.125490592578106,-0.0263468003602809,non_sig,-0.0991437922178251
BRD1,22q,-0.13539683845300748,0.00893849697874725,non_sig,-0.14433533543175472
MYLK3,16q,0.11579848636760054,-0.279554345809034,non_sig,0.3953528321766345
CAMK1D,10p,-0.415918843104268,-0.0305741678205005,non_sig,-0.38534467528376753
CAMK1,3p,-0.47540077471103603,0.31619448067503053,non_sig,-0.7915952553860666
SLC9A3,5p,-0.0467713533576237,-0.0300290006247255,non_sig,-0.016742352732898202
SLC9A8,20q,0.07219089964595475,-0.145287711486184,non_sig,0.21747861113213873
SLC9A1,1p,-0.0072312767738806,-0.0449741632433939,non_sig,0.0377428864695133
UBE2G2,21q,-0.0988273421390331,0.0198005296307234,non_sig,-0.1186278717697565
UBE2V2,8q,-0.544042952086061,-0.07206843883864185,non_sig,-0.4719745132474192
UBE2G1,17p,-0.30763013649323245,0.0303293799948254,non_sig,-0.33795951648805783
UBE2I,16p,-0.192162506815215,0.043767088404484955,non_sig,-0.23592959521969994
UBE2C,20q,-0.825465968836804,-0.165259523523108,non_sig,-0.660206445313696
CDC34,19p,-0.223213933407057,0.08432044795987675,non_sig,-0.3075343813669338
UBE2V1,20q,-0.197162255838306,-0.04152929645995165,non_sig,-0.15563295937835434
UBE2J2,1p,-0.184197722663412,0.00897450671697855,non_sig,-0.19317222938039055
UBE2H,7q,-0.243953560762099,-0.0639877512850443,non_sig,-0.1799658094770547
UBE2K,4p,-0.3561353530212755,0.127324455945001,non_sig,-0.4834598089662765
UBE2T,1q,-0.0430919041985829,-0.231901530412992,non_sig,0.1888096262144091
UBE2N,12q,-0.30758763329698446,0.1422860108643135,non_sig,-0.44987364416129794
UBE2B,5q,-0.0828480073164893,0.0290100442202534,non_sig,-0.11185805153674269
UBE2S,19q,-0.5070637617224381,-0.09747093746937416,non_sig,-0.40959282425306387
UBE2R2,9p,-0.134381588833966,0.0934212299862712,non_sig,-0.2278028188202372
UBE2W,8q,-0.4533627693777,-0.13119249094589802,non_sig,-0.32217027843180196
PHYHIPL,10q,-0.329074237662382,-0.699292415799617,non_sig,0.370218178137235
ARHGAP12,10p,-0.200386606925158,-0.0207560288755006,non_sig,-0.1796305780496574
ARHGAP27,17q,-0.1366087620194195,-0.0670846653265578,non_sig,-0.06952409669286169
ARHGAP9,12q,-0.7118739436591205,-0.567055050428464,non_sig,-0.14481889323065644
ARHGAP15,2q,-0.772970463015191,-0.7569004027058005,non_sig,-0.01607006030939051
OVOL2,20p,0.646417597555201,-0.048416487176962106,non_sig,0.6948340847321631
PTPN21,14q,-0.278891886045372,0.177751339755885,non_sig,-0.45664322580125705
PTPN14,1q,0.1901848461965305,-0.0243903356477809,non_sig,0.2145751818443114
EMILIN2,18p,-0.232652921074486,-0.197178552597864,non_sig,-0.035474368476622026
EMILIN1,2p,-0.05275375568291385,-0.492005121478708,non_sig,0.43925136579579416
PCBP3,21q,-0.0504346225230669,0.0190467513864559,non_sig,-0.0694813739095228
NOVA2,19q,-0.19747817969846349,-0.16726666840494,non_sig,-0.03021151129352348
PCBP1,2p,-0.135903258389691,-0.0157399855581043,non_sig,-0.1201632728315867
PCBP4,3p,-0.208619924416649,0.05755928526236535,non_sig,-0.2661792096790144
FUBP3,9q,-0.0524828882875727,0.112217107564779,non_sig,-0.1646999958523517
PCBP2,12q,-0.1243790780093975,0.0002626719081153,non_sig,-0.1246417499175128
HNRNPK,9q,-0.059750151027626,0.0354025341858883,non_sig,-0.0951526852135143
NOVA1,14q,-0.3423510611737675,-0.281599890907423,non_sig,-0.06075117026634452
TMX1,14q,-0.222079526666667,-0.0199454527890264,non_sig,-0.2021340738776406
TMX4,20p,-0.342596523023486,-0.106386271974463,non_sig,-0.236210251049023
UPF3A,13q,-0.16491545593749052,0.09181809260663025,non_sig,-0.2567335485441208
SNPH,20p,0.0039218158620866,0.0480389676594941,non_sig,-0.0441171517974075
SYBU,8q,0.0092850018274029,-0.0363692158721493,non_sig,0.045654217699552205
NDFIP2,13q,-0.47154299720131554,0.0677172913932946,non_sig,-0.5392602885946102
NDFIP1,5q,-0.302010163911348,-0.08972141459764729,non_sig,-0.2122887493137007
SDCBP2,20p,-0.306530720825813,-0.4097800591440345,non_sig,0.10324933831822147
SDCBP,8q,-0.502500501191416,-0.2247758098581235,non_sig,-0.2777246913332925
UBE2L3,22q,-0.2281364578218475,-0.0168531589356379,non_sig,-0.2112832988862096
UBE2E1,3p,-0.501320984490723,0.18950407475244951,non_sig,-0.6908250592431726
UBE2L6,11q,-0.224105046350142,-0.0304538710582241,non_sig,-0.1936511752919179
UBE2E3,2q,-0.09468235900594896,0.04570510247160605,non_sig,-0.14038746147755501
UBE2D2,5q,-0.146285089563392,-0.0084042221206161,non_sig,-0.13788086744277592
UBE2D4,7p,0.12090049445662795,-0.0309861909956902,non_sig,0.15188668545231815
UBE2E2,3p,-0.390604625254429,0.09199228706934526,non_sig,-0.4825969123237743
GDF10,10q,-1.952412474832629,-0.159292129804707,non_sig,-1.793120345027922
NRP1,10p,-0.399387834196515,-0.188244267492267,non_sig,-0.21114356670424803
NRP2,2q,-0.650232767310682,-0.4509381830092565,non_sig,-0.19929458430142555
DOCK9,13q,-0.202149689883843,-0.058538674916253454,non_sig,-0.14361101496758955
DOCK7,1p,-0.184797773481679,0.0817166233366303,non_sig,-0.2665143968183093
DOCK6,19p,0.053816449927976254,-0.0330409818482318,non_sig,0.08685743177620805
DOCK8,9p,-0.538587064993856,-0.263272261546398,non_sig,-0.275314803447458
DOCK10,2q,-0.470922801678605,-0.284918499157922,non_sig,-0.186004302520683
SNX21,20q,-0.6475367753942055,-0.0951275723875578,non_sig,-0.5524092030066478
MYO18B,22q,-0.0250308252790197,-0.0360316134397295,non_sig,0.0110007881607098
MYH7,14q,-0.5107310715693725,-0.042856340896498604,non_sig,-0.4678747306728739
MYH6,14q,0.018221578694729,-0.0290262670677771,non_sig,0.0472478457625061
MYO18A,17q,-0.206018106079425,-0.0254324804816465,non_sig,-0.1805856255977785
ZSWIM3,20q,0.0118820056143259,-0.300824629787966,non_sig,0.3127066354022919
PLTP,20q,-0.6883253706322655,-0.27448104497943,non_sig,-0.4138443256528355
PPP4R1,18p,-0.291929486033808,-0.03705260055135725,non_sig,-0.2548768854824508
MX1,21q,-0.851575227726003,-0.806063129331516,non_sig,-0.045512098394487
DNM1,9q,-0.199028450794132,-0.312072709639139,non_sig,0.11304425884500702
DNM3,1q,-0.5120719992593324,-0.363233676539537,non_sig,-0.14883832271979547
MX2,21q,-0.577661370828533,-0.643095263921202,non_sig,0.065433893092669
DNM2,19p,-0.289661194981903,-0.04472694409571169,non_sig,-0.2449342508861913
DNM1L,12p,-0.216466722701264,-0.107609442057711,non_sig,-0.10885728064355299
RCL1,9p,-0.119347975492056,-0.0057887440637112,non_sig,-0.1135592314283448
RTCA,1p,-0.195309874917188,0.06266576557913085,non_sig,-0.2579756404963188
FKBP1A,20p,-0.379170542812436,-0.07789851299045834,non_sig,-0.30127202982197765
FKBP1B,2p,-0.1361902650223435,-0.0532308135790096,non_sig,-0.08295945144333389
FKBP11,12q,-0.0207459165029794,-0.0646885192924223,non_sig,0.0439426027894429
FKBP10,17q,0.168554361048118,0.101202036900648,non_sig,0.06735232414747
FKBP5,6p,-0.282589963172728,-0.01540823627567345,non_sig,-0.26718172689705455
FKBP4,12p,-0.404799156005105,-0.0390814628006543,non_sig,-0.36571769320445074
FKBP2,11q,-0.027999316721167948,0.06956011752610611,non_sig,-0.09755943424727406
FKBP7,2q,-0.417079366363956,-0.135315030442223,non_sig,-0.281764335921733
FKBP9,7p,-0.41048241889668274,-0.0544110898785565,non_sig,-0.3560713290181262
FKBP14,7p,-0.511327912445481,-0.0313184279794627,non_sig,-0.4800094844660183
FKBP3,14q,-0.357786529302943,0.013898900949352,non_sig,-0.371685430252295
HSPH1,13q,-0.250055080559866,0.025627568353663824,non_sig,-0.27568264891352984
HSPA4L,4q,-0.181380249948364,0.1984176426787595,non_sig,-0.3797978926271235
HYOU1,11q,-0.2310317437955465,0.05474540567228265,non_sig,-0.2857771494678292
CCDC85C,14q,-0.198821700025745,0.1129591397097555,non_sig,-0.3117808397355005
CCDC85B,11q,0.05138803447257595,0.0271892543880622,non_sig,0.02419878008451375
SLC16A7,12q,-0.0495029127793898,-0.038269364863915356,non_sig,-0.011233547915474443
SLC16A3,17q,-0.029914683894103,-0.1765538907795175,non_sig,0.14663920688541449
SLC4A11,20p,-0.628563507960864,-0.355703603080975,non_sig,-0.27285990487988904
SLC4A10,2q,-0.0597563767948406,-0.13804356180007651,non_sig,0.0782871850052359
SLC4A8,12q,-0.368579193911045,-0.220007282595547,non_sig,-0.148571911315498
SLC4A7,3p,-0.05336518740003948,0.05983316058829258,non_sig,-0.11319834798833206
SLC4A2,7q,-0.420328534685182,-0.1034432991657205,non_sig,-0.3168852355194615
SLC4A4,4q,-0.334171206823142,-0.255853856928147,non_sig,-0.078317349894995
PLXDC2,10p,-0.725049231209019,-0.332611172009064,non_sig,-0.392438059199955
LCA5,6q,-0.168525334735831,-0.0798939065474411,non_sig,-0.08863142818838991
SGSM3,22q,-0.010399763864237549,-0.0929095115304268,non_sig,0.08250974766618925
DMRTA2,1p,0.138012177850455,-0.162117305924951,non_sig,0.300129483775406
PSIP1,9p,-0.355211549132072,0.06742276682087185,non_sig,-0.4226343159529438
HDGF,1q,-0.376112821463143,-0.0334592938396449,non_sig,-0.3426535276234981
ZDHHC20,13q,-0.1473262804981,0.0184884892893108,non_sig,-0.1658147697874108
ZDHHC2,8p,-0.0482078539259916,-0.1034516567876825,non_sig,0.05524380286169091
ZDHHC3,3p,-0.0396702042503253,0.0229198326448025,non_sig,-0.0625900368951278
ZDHHC7,16q,-0.13015710761757776,0.049576322508504606,non_sig,-0.17973343012608237
HDAC3,5q,0.0545938675367368,-0.0221051364040542,non_sig,0.076699003940791
HDAC1,1p,-0.0965464124364046,-0.00953583347778765,non_sig,-0.08701057895861695
HDAC2,6q,-0.1423114976536535,0.01229861040794845,non_sig,-0.15461010806160194
MBNL2,13q,-0.0352296419278956,0.184119692727369,non_sig,-0.2193493346552646
MBNL1,3q,-0.058373263726753014,-0.0039789475611837506,non_sig,-0.054394316165569265
MORC2,22q,-0.0702141996793906,0.05010959654992845,non_sig,-0.12032379622931905
KIF5B,10p,-0.1760232454876695,0.0840077465263348,non_sig,-0.2600309920140043
KIF21A,12q,-0.1720819194395205,-0.05136757649747475,non_sig,-0.12071434294204575
KIF4B,5q,0.109808021612007,-0.0559648911759375,non_sig,0.1657729127879445
KIF21B,1q,0.1475857862194635,-0.136236994281266,non_sig,0.2838227805007295
KIF3A,5q,-0.183899947278723,-0.05087327689098505,non_sig,-0.13302667038773794
KIF5A,12q,-0.06906306217007391,-0.0279475109815288,non_sig,-0.04111555118854511
KIF7,15q,-0.145289011093178,-0.0959489266022235,non_sig,-0.04934008449095449
KIF5C,2q,-0.213681671713593,-0.30780906496647853,non_sig,0.09412739325288552
KIF3B,20q,-0.262345968618488,-0.10730525892346529,non_sig,-0.15504070969502273
KIF3C,2p,-0.0482188060031841,-0.049634961453260254,non_sig,0.0014161554500761522
KIF27,9q,-0.0046603170567218,0.11047496359137149,non_sig,-0.1151352806480933
KIF11,10q,-0.224762320910318,-0.184189296545759,non_sig,-0.04057302436455901
KIF22,16p,-0.178436144316107,-0.01056436747720965,non_sig,-0.16787177683889734
PSMC1,14q,-0.0483444206746343,0.0504874352728032,non_sig,-0.0988318559474375
PSMC4,19q,0.006218283031401749,0.03775064542874795,non_sig,-0.031532362397346206
PSMC2,7q,-0.0313121519727257,0.01288333602693605,non_sig,-0.04419548799966175
PSMC3,11p,0.02209273560074075,0.04918389297507635,non_sig,-0.027091157374335602
PSMC6,14q,-0.103146861714169,0.0633345764981355,non_sig,-0.1664814382123045
PSMC5,17q,0.0421903632051226,0.019031336162692702,non_sig,0.0231590270424299
F7,13q,-0.13131276242186235,-0.243681064810714,non_sig,0.11236830238885165
F10,13q,-0.1056248220043739,-0.275228179710865,non_sig,0.1696033577064911
C1R,12p,-0.3132632505506665,-0.188005116355306,non_sig,-0.1252581341953605
HGFAC,4p,-0.114596731209257,-0.104833458353571,non_sig,-0.009763272855685998
CFD,19p,-0.331283617578762,-0.5208091958881416,non_sig,0.18952557830937955
C1S,12p,-0.16240765865121598,-0.508161394312352,non_sig,0.345753735661136
CFI,4q,-0.394176970376277,-0.235428364476045,non_sig,-0.15874860590023201
KLK10,19q,-0.172339597771036,-0.604102713294301,non_sig,0.43176311552326496
CCDC102B,18q,-0.4242637523575765,0.22286320756573497,non_sig,-0.6471269599233115
CCDC102A,16q,-0.0982167913350014,0.04658465604889125,non_sig,-0.14480144738389264
E2F1,20q,0.204428704822161,-0.128867584469074,non_sig,0.333296289291235
E2F6,2p,-0.134355162551158,-0.0794535338363025,non_sig,-0.0549016287148555
E2F5,8q,-0.237406101521521,-0.025665918258189,non_sig,-0.211740183263332
E2F2,1p,-0.212622907711449,-0.163584557989386,non_sig,-0.049038349722063
E2F3,6p,-0.317876956459149,-0.02209849233659615,non_sig,-0.2957784641225528
E2F4,16q,-0.155697482019966,0.0381839751535812,non_sig,-0.1938814571735472
ATG2B,14q,-0.1695604018509425,-0.015370951545614,non_sig,-0.15418945030532852
ATG2A,11q,-0.07946347826934394,-0.03812381953976985,non_sig,-0.04133965872957409
DGCR6,22q,-0.218457327369067,-0.191957892677786,non_sig,-0.026499434691280993
DGCR6L,22q,-0.0471911180799643,-0.0484522868586718,non_sig,0.0012611687787074943
CHMP4B,20q,-0.18700404923180552,-0.1127935003464435,non_sig,-0.07421054888536202
CHMP4C,8q,-0.0689053251887459,-0.0359097866066543,non_sig,-0.032995538582091595
CHMP4A,14q,-0.132385820367288,-0.0077057788456881,non_sig,-0.1246800415215999
CHMP7,8p,-0.38837404700844946,0.1501775342739325,non_sig,-0.538551581282382
CHMP5,9p,-0.10977799819828,0.136470276698331,non_sig,-0.246248274896611
RPS6KA5,14q,-0.188219613953157,-0.1402297676191445,non_sig,-0.047989846334012515
RPS6KA1,1p,-0.344056633951188,-0.08530256856214774,non_sig,-0.2587540653890403
RPS6KB1,17q,-0.326527659414477,-0.05933849323962715,non_sig,-0.26718916617484983
RPS6KA2,6q,-0.17938509776474149,-0.1680603955944285,non_sig,-0.011324702170312978
RPS6KB2,11q,-0.0806560329367179,-0.0916653021832814,non_sig,0.011009269246563494
RPS6KA4,11q,-0.2809965072510855,-0.01806196429076555,non_sig,-0.26293454296031993
PROC,2q,-0.467575609526403,-0.507000169175269,non_sig,0.03942455964886604
NMT2,10p,-0.09940423905163875,0.0243566842575616,non_sig,-0.12376092330920035
NMT1,17q,-0.186911103802851,0.01280556484724555,non_sig,-0.19971666865009655
CBX1,17q,-0.0414494064423358,-0.01416967056887155,non_sig,-0.02727973587346425
CBX3,7p,-0.2719115815314785,-0.0318744521936655,non_sig,-0.240037129337813
APOBEC3B,22q,-0.0907741391139831,-0.0625564196923178,non_sig,-0.028217719421665302
APOBEC3G,22q,-0.257844326374151,-0.325157645964464,non_sig,0.067313319590313
APOBEC2,6p,1.2891058591027,0.0533422825724807,non_sig,1.2357635765302193
APOBEC3F,22q,-0.0937057517201443,-0.0778942091333923,non_sig,-0.015811542586751992
APOBEC3D,22q,-0.204603304763727,0.08670098517338834,non_sig,-0.2913042899371153
APOBEC3C,22q,-0.190369188232158,0.0380066770263673,non_sig,-0.22837586525852532
APOBEC3A,22q,-0.0908729969609583,-0.115036108272694,non_sig,0.024163111311735708
CDS2,20p,-0.401044363112884,-0.0815285340745188,non_sig,-0.3195158290383652
CDS1,4q,-0.0383666373667121,0.0395784991894095,non_sig,-0.07794513655612159
CCAR1,10q,-0.0967530220955726,0.05517731155977465,non_sig,-0.15193033365534725
CCAR2,8p,-0.131503189377762,0.16292104549366,non_sig,-0.294424234871422
SNX2,5q,-0.404401783268112,-0.044963405083173605,non_sig,-0.3594383781849384
COL6A1,21q,-0.630717137094598,-0.338299038346347,non_sig,-0.292418098748251
COL1A1,17q,-0.619178446210341,-0.639203627648799,non_sig,0.020025181438457995
COL5A1,9q,-0.4196937413811505,-0.608102105323775,non_sig,0.18840836394262445
COL9A3,20q,-2.18516880199715,-0.47536378965321247,non_sig,-1.7098050123439377
RADIL,7p,-0.939809479836444,-0.380708466081156,non_sig,-0.5591010137552881
RASIP1,19q,-0.141159585499173,-0.110106181997829,non_sig,-0.031053403501344015
PAK1,11q,-0.11772253274071655,0.036624587955648796,non_sig,-0.15434712069636536
PAK2,3q,-0.381719503382176,0.00943781945972295,non_sig,-0.3911573228418989
PAK4,19q,-0.09401026027114659,-0.0341758448751835,non_sig,-0.05983441539596309
PAK6,15q,0.0974951715669098,-0.134873217830998,non_sig,0.23236838939790783
MIEF1,22q,-0.17599310631478648,0.07528218031135855,non_sig,-0.25127528662614507
MIEF2,17p,-0.160845694975686,-0.006849756627808549,non_sig,-0.15399593834787745
CUL4A,13q,-0.271599889394239,0.05522471809369025,non_sig,-0.32682460748792924
CUL3,2q,-0.265722813959314,-0.0315292650287061,non_sig,-0.23419354893060793
CUL2,10p,-0.23899181007996,0.0157407150246437,non_sig,-0.2547325251046037
CUL1,7q,-0.315400077135374,-0.06790162323707286,non_sig,-0.24749845389830114
CUL5,11q,-0.376502356182381,0.025326455492326053,non_sig,-0.401828811674707
MEOX2,7p,-1.1374393079335465,-0.9445957802307395,non_sig,-0.192843527702807
POTEF,2q,0.0403661334561147,-0.030747702736945,non_sig,0.07111383619305969
POTEI,2q,-0.129315171735588,-0.0275235635852772,non_sig,-0.10179160815031081
BANF1,11q,-0.0583162266141867,-0.05085274444462855,non_sig,-0.007463482169558153
CDCA4,14q,-0.129637483307263,0.0399801354562688,non_sig,-0.1696176187635318
FAM20C,7p,-0.155745581136321,-0.274377326108855,non_sig,0.11863174497253401
FAM20B,1q,-0.180788877888176,-0.016495846715474702,non_sig,-0.16429303117270128
CTSZ,20q,-0.12029843389713496,-0.064151619955885,non_sig,-0.05614681394124996
CTSO,4q,-0.1960572997184855,0.095622292993244,non_sig,-0.2916795927117295
CTSC,11q,0.03490286411275845,0.1048558983128545,non_sig,-0.06995303420009605
CTSS,1q,-0.5508008442180445,-0.1047908332849275,non_sig,-0.44601001093311704
CTSB,8p,-0.05992199085406565,0.0720772300771897,non_sig,-0.13199922093125535
CTSK,1q,-0.5223791760673759,-0.327084421450161,non_sig,-0.19529475461721496
CTSL,9q,-0.0768804298096786,-0.112456982448598,non_sig,0.0355765526389194
CTSV,9q,0.0422788728973993,-0.0130300327390822,non_sig,0.055308905636481505
CTSH,15q,0.0280014470575465,-0.13839712046021252,non_sig,0.16639856751775903
TINAGL1,1p,-0.006651690411015099,-0.299037680974054,non_sig,0.2923859905630389
FOXK1,7p,-0.35205839325745847,-0.103239456819726,non_sig,-0.24881893643773245
FOXK2,17q,-0.140712913949319,-0.0101636386853178,non_sig,-0.1305492752640012
LGMN,14q,-0.152314425632628,0.0443679367761423,non_sig,-0.1966823624087703
PIGK,1p,0.0280210001896898,-0.00597703569852465,non_sig,0.03399803588821445
UCKL1,20q,-0.296456379385954,-0.0695553545681524,non_sig,-0.22690102481780158
SUN1,7p,-0.423749497653377,-0.0813207264374878,non_sig,-0.3424287712158892
SUN2,22q,-0.228695488102138,-0.020140186568830702,non_sig,-0.20855530153330729
SH3GL2,9p,-0.6988001457137155,-0.568973045699619,non_sig,-0.12982710001409647
SH3GL3,15q,-0.34287724214156573,-0.286661055904825,non_sig,-0.05621618623674074
SH3GL1,19p,-0.1879701193959965,0.166295019916934,non_sig,-0.35426513931293047
SH3GLB1,1p,-0.258120779396745,0.0611361440405556,non_sig,-0.3192569234373006
SH3GLB2,9q,-0.293549155807346,0.0158176252282107,non_sig,-0.30936678103555665
ATP1B3,3q,-0.279691632370582,-0.145813966700843,non_sig,-0.13387766566973897
ATP1B1,1q,-0.165160996203546,0.403023439974225,non_sig,-0.568184436177771
LURAP1L,9p,-0.05009500607739305,0.1099020270609715,non_sig,-0.15999703313836455
ATP6V1E1,22q,-0.2096188010516515,0.0182191960493004,non_sig,-0.2278379971009519
TOP1,20q,-0.4305614975995365,-0.20301845299125298,non_sig,-0.2275430446082835
TOP1MT,8q,0.09493665665817995,-0.132777354873773,non_sig,0.22771401153195298
MCF2L,13q,-0.1922468729274095,0.04411654338965455,non_sig,-0.23636341631706403
NFX1,9p,-0.147227026844966,0.04539431414488965,non_sig,-0.19262134098985564
NFXL1,4p,-0.109671340817619,0.116499325334327,non_sig,-0.226170666151946
PABPC4,1p,-0.0759005545470193,0.0443711557331712,non_sig,-0.1202717102801905
PABPC1,8q,-0.114026936735307,-0.0016798947051259998,non_sig,-0.112347042030181
PABPC1L,20q,-0.0641476012570593,0.0143750873617229,non_sig,-0.0785226886187822
ARF3,12q,-0.08976921458436095,-0.058284399467397247,non_sig,-0.0314848151169637
ARL13B,3q,0.0445493850416978,-0.116963616217059,non_sig,0.1615130012587568
ARF5,7q,-0.462659499710871,-0.161115681134323,non_sig,-0.301543818576548
ARL5A,2q,-0.332301272017618,-0.0465099944447497,non_sig,-0.2857912775728683
ARL1,12q,-0.0615719939017081,-0.054014950673390905,non_sig,-0.007557043228317198
ARFRP1,20q,-0.2491469404650205,-0.1394943811071685,non_sig,-0.10965255935785201
SAR1B,5q,-0.210062539881932,0.00755160738182345,non_sig,-0.21761414726375544
ARL2,11q,-0.03346117813037155,-0.05550541510229165,non_sig,0.0220442369719201
ARL5B,10p,-0.2781430364074125,-0.02643933956699765,non_sig,-0.2517036968404148
SAR1A,10q,-0.215288786553185,-0.0183657428684132,non_sig,-0.19692304368477181
ARL3,10q,-0.316934427328107,-0.10784551620705,non_sig,-0.209088911121057
ARF6,14q,-0.120759142416183,-0.0015281273009916,non_sig,-0.11923101511519141
ARL6,3q,-0.4411304592212715,-0.176009227859594,non_sig,-0.2651212313616775
USP25,21q,-0.277559708162234,-0.01625299406046825,non_sig,-0.26130671410176576
USP28,11q,-0.255947982241552,-0.04092904254242975,non_sig,-0.21501893969912228
CCNK,14q,-0.0881651374459781,-0.0095892836407254,non_sig,-0.0785758538052527
CCNT2,2q,-0.107680308339392,0.03313649127960555,non_sig,-0.14081679961899757
AXIN1,16p,-0.133145982078155,0.0044792595331909,non_sig,-0.1376252416113459
AXIN2,17q,-0.5826274405276145,-0.5178326869932866,non_sig,-0.06479475353432795
RASSF2,20p,-0.868877773469976,-0.6093719821867005,non_sig,-0.25950579128327544
RASSF6,4q,-0.6036988694062465,-0.4372918780259585,non_sig,-0.16640699138028803
RASSF4,10q,-0.255591267780567,-0.1533839887143445,non_sig,-0.10220727906622251
GNAO1,16q,-0.260667636435896,-0.643217519690494,non_sig,0.382549883254598
GNAQ,9q,0.013536628385376,0.0629953101030032,non_sig,-0.0494586817176272
GNAI3,1p,-0.254790268009133,0.08377826898036356,non_sig,-0.33856853698949657
GNAI1,7q,-0.070606539219068,0.1093618998525315,non_sig,-0.17996843907159948
GNA15,19p,0.0899067494737562,-0.645672665686282,non_sig,0.7355794151600382
GNAS,20q,-0.11908921218642053,-0.060597467167466196,non_sig,-0.058491745018954336
GNAZ,22q,-0.662611954124555,-0.13381915487981724,non_sig,-0.5287927992447378
GNA11,19p,0.08430527374068775,0.131525346847103,non_sig,-0.04722007310641524
GNAI2,3p,-0.0488398511848266,-0.00240382434082825,non_sig,-0.04643602684399835
GNA13,17q,-0.161757478540458,0.01565133599391565,non_sig,-0.17740881453437365
GNAT3,7q,-0.655648337973771,-0.281021505009438,non_sig,-0.37462683296433297
GNA12,7p,-0.0987484635796169,-0.03691160446153915,non_sig,-0.06183685911807776
ELAVL2,9p,-0.56016440893684,-0.274154216391932,non_sig,-0.28601019254490806
ELAVL3,19p,-0.401884819163437,-0.353822734783764,non_sig,-0.048062084379672965
ELAVL4,1p,-0.26171789537318,-0.1927489936985905,non_sig,-0.06896890167458952
ELAVL1,19p,-0.026614453055694202,0.0374666739205809,non_sig,-0.0640811269762751
SF3B4,1q,0.0894905568175346,0.0612458178169948,non_sig,0.028244739000539795
RBMS3,3p,0.18593191510337947,0.153524408121675,non_sig,0.03240750698170447
RBMS2,12q,0.1406427952055745,0.057599123438977454,non_sig,0.08304367176659704
RBMS1,2q,0.1103071461709645,0.14364108770683748,non_sig,-0.03333394153587298
SLC2A9,4p,-0.716108667054509,0.2156958422436815,non_sig,-0.9318045092981906
ANXA11,10q,-0.212935355928772,0.03443205195752755,non_sig,-0.24736740788629955
ANXA9,1q,-0.798772116885847,-0.43811798949019654,non_sig,-0.3606541273956505
ANXA13,8q,-0.7294453665945395,-0.480122930491524,non_sig,-0.24932243610301552
ANXA1,9q,-0.273180022493234,-0.088484566336087,non_sig,-0.18469545615714697
ANXA8,10q,-0.6547041034043515,-0.77601795110167,non_sig,0.12131384769731857
ANXA3,4q,-0.205349238885371,-0.3222284201641345,non_sig,0.11687918127876351
ANXA5,4q,-0.2709806059110525,-0.02361398567851945,non_sig,-0.24736662023253306
ANXA7,10q,-0.241580051678336,0.0536726429315295,non_sig,-0.2952526946098655
ANXA4,2p,-0.380757400291781,-0.2502480350781725,non_sig,-0.1305093652136085
ANXA10,4q,-0.412376691184,-0.46079905163540047,non_sig,0.04842236045140047
ANXA6,5q,-0.827334156407932,-0.0987926993352005,non_sig,-0.7285414570727314
ANXA2,15q,0.171697771985182,-0.0613912039959745,non_sig,0.2330889759811565
NFS1,20q,-0.1522362218096875,-0.0288901618047889,non_sig,-0.12334606000489859
SCLY,2q,-0.383626732483913,0.0703831072481968,non_sig,-0.4540098397321098
SETD3,14q,-0.157617533392024,-0.0447441052391717,non_sig,-0.1128734281528523
SETD6,16q,-0.1489776172139845,0.11844374814857185,non_sig,-0.26742136536255634
GRHPR,9p,-0.167485223392623,0.09899451871842474,non_sig,-0.26647974211104775
CTBP1,4p,-0.06250374819256645,0.0102007569912265,non_sig,-0.07270450518379294
PHGDH,1p,-0.273180890674208,0.047036364495208,non_sig,-0.32021725516941596
CTBP2,10q,-0.125118916342607,0.0770820752296744,non_sig,-0.20220099157228139
ABCA3,16p,-0.2178545676607395,0.01837859223035845,non_sig,-0.23623315989109794
ABCA12,2q,0.0822441661830395,-0.1442440983547065,non_sig,0.226488264537746
ABCA7,19p,-0.194586287202635,0.1078146123892072,non_sig,-0.3024008995918422
ABCA1,9q,0.0393410399779395,-0.0550547079737269,non_sig,0.0943957479516664
ABCA13,7p,0.1483350241567959,-0.12327995924070051,non_sig,0.2716149833974964
ABCA2,9q,-0.081704243298478,-0.02419997091170505,non_sig,-0.057504272386772956
ABCA4,1p,0.149850639713497,0.0252212384689785,non_sig,0.12462940124451849
ABCA5,17q,-0.783767065283136,-0.16436313547828102,non_sig,-0.619403929804855
ABCA10,17q,-0.09624140644621759,0.05974368935416155,non_sig,-0.15598509580037914
ABCA9,17q,-0.27234821971429,0.10121366575709925,non_sig,-0.37356188547138924
CHML,1q,-0.30025420990788,-0.09327028562635,non_sig,-0.20698392428153
GDI2,10p,-0.46255704894315597,0.104044933228076,non_sig,-0.5666019821712319
RNF138,18q,-0.289722003324347,0.116970240072003,non_sig,-0.40669224339635
RNF166,16q,-0.21482554724386999,-0.02656435267983065,non_sig,-0.18826119456403934
RNF114,20q,-0.466791965345243,-0.20827704361618699,non_sig,-0.258514921729056
MICAL3,22q,-0.199541022738093,-0.038722337516778796,non_sig,-0.1608186852213142
MICAL1,6q,-0.375436324229165,0.0995020109206939,non_sig,-0.4749383351498589
MICAL2,11p,-0.275846346146517,-0.09345838664580419,non_sig,-0.1823879595007128
SOD1,21q,-0.230545370972481,0.122781197843857,non_sig,-0.353326568816338
CCS,11q,-0.10806977702086601,0.03780500664355495,non_sig,-0.14587478366442097
SOD3,4p,-0.47916008972943047,-0.694927460035372,non_sig,0.2157673703059415
MEP1B,18q,-0.359238404589902,-0.0212739559827109,non_sig,-0.3379644486071911
MEP1A,6p,-0.019413523054545523,-0.550877445326769,non_sig,0.5314639222722235
PAX5,9p,-0.741791442609397,-0.656772016114028,non_sig,-0.08501942649536898
PAX1,20p,-0.335465116365289,-0.213969259179843,non_sig,-0.12149585718544598
PAX3,2q,-0.0978307588770054,-0.710007032203937,non_sig,0.6121762733269316
PAX9,14q,-0.556260929786016,-0.2111405386848165,non_sig,-0.3451203911011995
PAX2,10q,-0.827080533062208,-0.577244785461686,non_sig,-0.24983574760052196
PAX6,11p,-0.195915779819837,-0.280577794309738,non_sig,0.08466201448990102
PAX8,2q,-0.528990760129388,-0.446366817930541,non_sig,-0.08262394219884694
PAX7,1p,-0.11513965153395361,0.117952881695328,non_sig,-0.2330925332292816
TFAM,10q,0.004537700528754,0.06501581639044154,non_sig,-0.06047811586168755
HMGB1,13q,-0.30278395357271,-0.039632663393923004,non_sig,-0.26315129017878697
HMGB2,4q,-0.3566947205239825,0.010932590397106,non_sig,-0.36762731092108847
ICA1,7p,-0.291128970586212,-0.06885855237392505,non_sig,-0.22227041821228696
CPN1,10q,-0.1066059827326149,-0.701543808507751,non_sig,0.5949378257751361
CPM,12q,-0.0257168126799829,-0.323739962177373,non_sig,0.2980231494973901
CPE,4q,-0.308836269327851,-0.370064464139877,non_sig,0.06122819481202596
AEBP1,7p,-0.1386779938944275,-0.37675372663942,non_sig,0.23807573274499247
CPD,17q,-0.225962356494572,0.05645443986640365,non_sig,-0.28241679636097566
TTC7B,14q,0.050057123107398405,-0.005633779900191,non_sig,0.0556909030075894
TTC7A,2p,-0.225911274786814,-0.0731784732081387,non_sig,-0.1527328015786753
RBM39,20q,0.0376123315559078,-0.0069450984179454,non_sig,0.044557429973853195
RBM23,14q,-0.234261969115408,0.0689348588757583,non_sig,-0.3031968279911663
GRIA1,5q,-0.148568137272315,-0.0551628133725371,non_sig,-0.09340532389977789
NDN,15q,-0.246086422875277,-0.0165750778711092,non_sig,-0.22951134500416778
SGK3,8q,-0.889179612473599,-0.301174372818856,non_sig,-0.588005239654743
STK32C,10q,-0.135358760117081,0.03971679298426615,non_sig,-0.17507555310134715
MYOF,10q,0.0332605123300485,0.230778044273184,non_sig,-0.19751753194313548
DYSF,2p,0.171604890558389,-0.241108574618176,non_sig,0.41271346517656504
FER1L6,8q,-0.078120824122268,-0.23367602551237848,non_sig,0.15555520139011048
FER1L5,2q,0.2745719305161015,-0.19571551820646,non_sig,0.4702874487225615
TBX2,17q,-0.715866245761274,-0.14354580223784,non_sig,-0.572320443523434
TBX18,6q,0.0025883957462970175,0.1158824532512685,non_sig,-0.11329405750497148
TBX1,22q,-0.8583407101449275,0.49591024402018,non_sig,-1.3542509541651075
TBX15,1p,-0.627661664795991,-0.664310496617615,non_sig,0.03664883182162404
TBX3,12q,-0.169604256007239,-0.167656018979361,non_sig,-0.001948237027877997
SLAIN1,13q,-0.197627720816897,-0.30401189508924453,non_sig,0.10638417427234753
SLAIN2,4p,-0.1349447149299425,0.1437333824034959,non_sig,-0.2786780973334384
KCNK1,1q,-0.312108313479566,0.07817906933442735,non_sig,-0.3902873828139934
SH3BGRL2,6q,-0.160142170582939,0.0433233967380371,non_sig,-0.2034655673209761
SH3BGR,21q,-0.8184476202946345,-0.477209010112838,non_sig,-0.34123861018179646
SH3BGRL3,1p,-0.24678893826421,0.0532285407955655,non_sig,-0.3000174790597755
MSX1,4p,0.142258528942208,-0.404957719894769,non_sig,0.547216248836977
MSX2,5q,0.15696752026479702,-0.192446716320204,non_sig,0.34941423658500104
TRMT2A,22q,-0.24933816052536,-0.02738216701750385,non_sig,-0.22195599350785616
TRPM2,21q,0.181584328013124,-0.09942008928032715,non_sig,0.28100441729345116
TRPM4,19q,-0.165384767478255,0.112450186798978,non_sig,-0.27783495427723304
TRPM6,9q,-0.0828191418813495,-0.04168430502321035,non_sig,-0.04113483685813916
TRPM7,15q,-0.07140776809290106,0.0335662740853642,non_sig,-0.10497404217826525
PAPOLA,14q,-0.188840437434452,-0.0170188061720063,non_sig,-0.1718216312624457
PAPOLG,2p,-0.126603981966313,-0.0885293005580733,non_sig,-0.038074681408239705
C1GALT1,7p,-0.34192969295476605,-0.104032473575667,non_sig,-0.23789721937909905
KLB,4p,-0.1432781445535695,-0.0822930344511211,non_sig,-0.06098511010244839
CHRM3,1q,-0.505387656528678,-0.19488290210420078,non_sig,-0.3105047544244772
STARD13,13q,-0.0494777779842328,-0.0200864183025204,non_sig,-0.0293913596817124
DLC1,8p,-0.20175280057434,-0.16974756035010002,non_sig,-0.03200524022423998
LDB1,10q,-0.254085568611187,-0.135896667469727,non_sig,-0.11818890114145997
SLC6A6,3p,-0.1245276327790015,-0.0330822424609063,non_sig,-0.0914453903180952
SLC6A9,1p,0.0983966335580257,-0.10814522688262651,non_sig,0.2065418604406522
SLC6A15,12q,-0.3145297140378135,-0.462115168432021,non_sig,0.1475854543942075
SLC6A17,1p,-0.535165713001824,-0.518502635143353,non_sig,-0.016663077858470987
SLC6A11,3p,-0.284524796623725,-0.44586638532198053,non_sig,0.16134158869825554
REEP3,10q,-0.06426845355009965,0.0282808034183027,non_sig,-0.09254925696840235
REEP2,5q,0.249591071475307,-0.172909702127979,non_sig,0.422500773603286
REEP4,8p,-0.0346092454458544,0.0074363159540206,non_sig,-0.042045561399874996
REEP1,2p,-0.877546459991754,-0.31269834752632353,non_sig,-0.5648481124654304
REEP5,5q,-0.191031112102155,0.1233311907045,non_sig,-0.314362302806655
TLL2,10q,0.0486887757407388,-0.0748982555525931,non_sig,0.1235870312933319
BMP1,8p,-0.06632073184802706,-0.196047776214663,non_sig,0.12972704436663593
TLL1,4q,-0.328866218831223,0.4872296851761745,non_sig,-0.8160959040073975
NDUFA4,7p,-0.06641472842744889,-0.0264312478683294,non_sig,-0.03998348055911949
NDUFA4L2,12q,-0.711675485555307,-0.254869180199034,non_sig,-0.45680630535627303
SCIN,7p,-0.8062188025622625,-0.837323730912137,non_sig,0.03110492834987444
GSN,9q,-0.18998491789520153,-0.374402717274286,non_sig,0.18441779937908445
CAPG,2p,-0.460365483076395,-0.05040062617111405,non_sig,-0.40996485690528095
VILL,3p,-0.4098253118655555,-0.3614729444236025,non_sig,-0.04835236744195298
FLII,17p,-0.04352327684980305,0.004625995093022224,non_sig,-0.04814927194282527
VIL1,2q,-0.600598885904367,-0.733081917047507,non_sig,0.13248303114313997
AVIL,12q,-0.911558933719269,-0.456434361534947,non_sig,-0.455124572184322
CYP2W1,7p,-0.7445126469196419,-0.530831929101063,non_sig,-0.2136807178185789
CYP2S1,19q,-0.235230275063388,-0.5681464944125629,non_sig,0.3329162193491749
CYP2J2,1p,-0.206164580505177,-0.06076911423113015,non_sig,-0.14539546627404684
CYP2U1,4q,-0.0844166819608475,-0.07413115394673625,non_sig,-0.010285528014111256
PIK3AP1,10q,-0.632500022006913,-0.46846803954745,non_sig,-0.16403198245946304
BANK1,4q,-0.1281799278605372,-0.355662916683055,non_sig,0.2274829888225178
MICALL2,7p,-0.30899625800423747,-0.172237603666522,non_sig,-0.13675865433771547
MICALL1,22q,-0.20064740689246252,0.01406252793711105,non_sig,-0.21470993482957357
FOXA1,14q,-0.718764462935518,-0.199957216400651,non_sig,-0.518807246534867
FOXD3,1p,-0.363345936943816,-0.942098044067549,non_sig,0.578752107123733
FOXA2,20p,-0.29356049382661376,-0.621152974557917,non_sig,0.3275924807313032
FOXD2,1p,0.016621954546560513,0.0868754700736667,non_sig,-0.07025351552710618
DACH1,13q,-0.5949227558740975,-0.459533665761457,non_sig,-0.1353890901126405
PGM5,9q,0.2216814898430495,-0.11911846449371599,non_sig,0.34079995433676546
PGM1,1p,-0.422865023522036,-0.0028662368794876002,non_sig,-0.41999878664254836
UNKL,16p,-0.028752673439646655,0.096989387121102,non_sig,-0.12574206056074866
UNK,17q,-0.248691750265525,-0.0662911200323393,non_sig,-0.1824006302331857
ATG4B,2q,-0.189036486425173,-0.1085746349234155,non_sig,-0.08046185150175751
ATG4C,1p,-0.169185583699574,-0.0428424705995181,non_sig,-0.12634311310005591
ATG4D,19p,-0.168540371031102,0.163904239643754,non_sig,-0.332444610674856
B3GALT5,21q,-0.484361246128692,-0.6118061174243635,non_sig,0.1274448712956715
B3GALNT1,3q,-0.540489128167209,-0.284533091760203,non_sig,-0.2559560364070059
B3GALT6,1p,-0.09628072595169584,-0.05236860114659135,non_sig,-0.043912124805104494
B3GNT6,11q,-1.08038977680151,0.700661723287995,non_sig,-1.781051500089505
B3GNT7,2q,-0.636898287274497,-0.926456636125903,non_sig,0.28955834885140597
B3GNT9,16q,-0.49214403916523,0.536208226461356,non_sig,-1.028352265626586
B3GNT3,19p,-0.151188664320253,-0.436849431919659,non_sig,0.28566076759940606
B3GNT2,2p,0.0643271194247649,-0.1007718502159968,non_sig,0.1650989696407617
FGF1,5q,-0.193193362938153,-0.19677476908886948,non_sig,0.0035814061507164763
FGF2,4q,-0.49034123299032406,-0.119286021390376,non_sig,-0.37105521159994803
KAT6B,10q,0.0057113055846234,-0.020869371063586953,non_sig,0.02658067664821035
KAT5,11q,0.0744104150635497,-0.0397346228246163,non_sig,0.114145037888166
KAT8,16p,-0.128756668883467,-0.0243450200145792,non_sig,-0.10441164886888782
KAT7,17q,-0.128389880379769,0.00120819955766145,non_sig,-0.12959807993743044
KAT6A,8p,-0.130254543684914,0.0935076875651176,non_sig,-0.22376223125003158
PRPSAP1,17q,-0.157904484867786,-0.0759845963247082,non_sig,-0.08191988854307779
PRPSAP2,17p,-0.293534444881764,-0.0132681154537769,non_sig,-0.2802663294279871
POGLUT1,3q,-0.311253281446279,-0.09823962488773744,non_sig,-0.21301365655854157
CPVL,7p,-0.10150937888686215,-0.543534094728693,non_sig,0.4420247158418308
CTSA,20q,-0.37568254183195104,-0.0871784558242236,non_sig,-0.2885040860077275
SCPEP1,17q,-0.309134993688882,0.04652280229629225,non_sig,-0.3556577959851742
NMRK1,9q,-0.2164581267725145,-0.0432271922948067,non_sig,-0.1732309344777078
ARHGDIB,12p,-0.960526456580992,-0.884257702211576,non_sig,-0.07626875436941605
ARHGDIA,17q,-0.240341126369197,-0.00981271109215115,non_sig,-0.23052841527704585
CELSR1,22q,-0.12164658425220001,-0.022202755449115,non_sig,-0.09944382880308501
CELSR3,3p,-0.0217064365574475,-0.009450803204746248,non_sig,-0.012255633352701252
CELSR2,1p,-0.393539977991209,-0.07724688696643164,non_sig,-0.3162930910247773
GOLM1,9q,0.123031775539458,0.090148285868396,non_sig,0.032883489671062
NOL4,18q,0.09408067792740085,-0.0639123792586239,non_sig,0.15799305718602474
CPNE1,20q,-0.275182142276052,-0.2142510586826365,non_sig,-0.06093108359341548
CPNE5,6p,0.0375666982964014,-0.122499572901957,non_sig,0.1600662711983584
CPNE2,16q,-0.260921395257291,0.00897035561797125,non_sig,-0.2698917508752623
CPNE7,16q,-0.223620790662255,-0.12630855116809347,non_sig,-0.09731223949416151
CPNE6,14q,-0.344356308508921,0.0004438749520283,non_sig,-0.3448001834609493
CPNE8,12q,0.0952843677896587,0.0817214332151579,non_sig,0.013562934574500793
CPNE4,3q,0.0900016436140727,-0.612861257995821,non_sig,0.7028629016098937
CPNE3,8q,-0.615114707106177,-0.16149489848534498,non_sig,-0.453619808620832
GLYR1,16p,-0.141924751239769,0.062219305264403856,non_sig,-0.20414405650417286
HIBADH,7p,-0.587336433361147,-0.0959975117234149,non_sig,-0.49133892163773213
POU2F1,1q,-0.469135999654221,-0.0377870843182502,non_sig,-0.43134891533597075
EPB41L3,18p,-0.647851826262965,-0.273909891285839,non_sig,-0.373941934977126
EPB41L5,2q,0.05454961640851996,0.0075055688779007,non_sig,0.04704404753061926
EPB41L1,20q,-0.5647067084246187,-0.36943167373117625,non_sig,-0.19527503469344243
FRMD3,9q,-0.738040108351498,0.135021080986406,non_sig,-0.873061189337904
EPB41L2,6q,-0.24511728748580813,0.2330330473173925,non_sig,-0.4781503348032006
EPB41L4B,9q,-0.102633279460673,0.09987514889354145,non_sig,-0.20250842835421445
EPB41,1p,-0.31906343185246,-0.231671358913987,non_sig,-0.08739207293847301
FRMD5,15q,-0.0463035054907803,0.023653085308379847,non_sig,-0.06995659079916014
PARVB,22q,-0.300621756566253,-0.05199460758128565,non_sig,-0.24862714898496735
PARVA,11p,-0.37364628262816346,0.0865722069766582,non_sig,-0.46021848960482165
PARVG,22q,-0.589520031578278,-0.5135335175164815,non_sig,-0.07598651406179657
ZFP90,16q,-0.063465394392062,-0.0074636610372226,non_sig,-0.056001733354839406
ZNF566,19q,-0.317592678636339,-0.09324077967248201,non_sig,-0.224351898963857
EFNA5,5q,-0.254654860505459,0.159276128112483,non_sig,-0.413930988617942
EFNB3,17p,-0.363755692232519,0.18245209924802552,non_sig,-0.5462077914805445
EFNB2,13q,-0.204775172438128,0.339599976507449,non_sig,-0.544375148945577
EFNA1,1q,-0.39298749234005,0.0506465344701839,non_sig,-0.4436340268102339
KCTD4,13q,-0.231838552547128,-0.364008987417758,non_sig,0.13217043487063
PPP1R2,3q,-0.287596295979381,0.011943857561228299,non_sig,-0.2995401535406093
TYRP1,9p,-0.605457525678855,-0.6773109802554504,non_sig,0.07185345457659542
TYR,11q,-0.7173209991717575,-0.5970348444155424,non_sig,-0.12028615475621507
DCT,13q,-0.759765333921566,-0.5164288671953106,non_sig,-0.24333646672625542
CDIP1,16p,0.07188696002316705,-0.132864225833504,non_sig,0.20475118585667104
ZFAND5,9q,-0.29212749812306,0.0883071863520229,non_sig,-0.3804346844750829
ZFAND6,15q,-0.184205187300197,0.03581998339556265,non_sig,-0.22002517069575966
ZFAND3,6p,-0.215924592596473,0.08527432955843135,non_sig,-0.30119892215490435
ZC3H7B,22q,-0.173371054254835,0.00627382832710615,non_sig,-0.17964488258194117
ZC3H7A,16p,-0.180934102377552,0.0010886623885247,non_sig,-0.1820227647660767
DCAF8,1q,-0.285736823069651,-0.0348551664894307,non_sig,-0.25088165658022027
WDTC1,1p,-0.22581991827371,0.0262989307174325,non_sig,-0.2521188489911425
SPIN1,9q,-0.126463440191172,0.0351916150644516,non_sig,-0.1616550552556236
DCAF12,9p,-0.107878036542475,0.0377061924204711,non_sig,-0.1455842289629461
OTUD6B,8q,-0.386371003806899,-0.129392666621161,non_sig,-0.256978337185738
TEF,22q,0.0811807381354882,-0.0080381028446297,non_sig,0.08921884098011791
DBP,19q,-0.12004352369545075,-0.1970676713292,non_sig,0.07702414763374925
XYLT1,16p,-0.2226434936253035,-0.0549335008313681,non_sig,-0.1677099927939354
XYLT2,17q,-0.0359627182805881,0.0842246263434273,non_sig,-0.1201873446240154
SLIT2,4p,-0.483659018290299,-0.592554576531785,non_sig,0.108895558241486
SLIT1,10q,0.0553427672181776,-0.0571174980630671,non_sig,0.1124602652812447
SLIT3,5q,-0.573061445963445,-0.233593065922758,non_sig,-0.339468380040687
ZBTB5,9p,-0.181224054134542,0.0325192007905957,non_sig,-0.2137432549251377
ZBTB7A,19p,0.0455128543487266,0.0019527631120644,non_sig,0.0435600912366622
ADCY9,16p,-0.0705664494493221,0.0345583524499899,non_sig,-0.105124801899312
ADCY6,12q,-0.003999018465511553,0.0317909500388511,non_sig,-0.035789968504362654
ADCY3,2p,-0.1465630799035745,-0.05095371301862135,non_sig,-0.09560936688495315
ADCY7,16q,-0.0575881052093546,-0.0658884558278659,non_sig,0.008300350618511303
ADCY5,3q,0.24474028444123,0.0223867510715523,non_sig,0.2223535333696777
TM9SF2,13q,-0.0673931108617152,-0.00144489576040985,non_sig,-0.06594821510130536
TM9SF1,14q,-0.145955732219253,-0.0358727312331306,non_sig,-0.1100830009861224
TM9SF3,10q,-0.190845419081942,0.14310866770521902,non_sig,-0.333954086787161
TM9SF4,20q,-0.4264204338885875,-0.1523940679455165,non_sig,-0.27402636594307106
PMM1,22q,-0.07718769724920505,-0.0058830192645765,non_sig,-0.07130467798462854
PMM2,16p,-0.26817399037406,0.0962091073059893,non_sig,-0.3643830976800493
EPB41L4A,5q,0.01275653239336995,0.0381584297093688,non_sig,-0.025401897315998852
SLC24A5,15q,-0.111830710923772,-0.14249932056925574,non_sig,0.030668609645483735
HS3ST1,4p,-0.05297566373958265,-0.520446856571537,non_sig,0.4674711928319544
DESI1,22q,-0.381729541707258,0.19049281391733,non_sig,-0.572222355624588
DESI2,1q,0.0820749420866496,-0.03584111924226565,non_sig,0.11791606132891524
CREBBP,16p,-0.0700915662215143,-0.039582411376142046,non_sig,-0.030509154845372255
EP300,22q,-0.1398653824077925,0.0069661805452231,non_sig,-0.1468315629530156
MAF,16q,-0.0244294023240228,-0.2579794024190025,non_sig,0.23355000009497973
MAFK,7p,-0.405159359015354,-0.05795377590156345,non_sig,-0.3472055831137906
MAFF,22q,0.156566830976441,0.08687909872609126,non_sig,0.06968773225034974
MAFG,17q,-0.163834502971137,0.023963598770292298,non_sig,-0.1877981017414293
LPIN3,20q,-0.422352158629062,-0.08628297031854375,non_sig,-0.33606918831051824
LPIN1,2p,-0.240685420733123,-0.0609862441062043,non_sig,-0.1796991766269187
LPIN2,18p,-0.262616977733933,-0.144632009480105,non_sig,-0.11798496825382801
CYB5A,18q,-0.0031986252486154,0.0201156399004793,non_sig,-0.0233142651490947
CYB5B,16q,-0.372017173321319,-0.105406975901698,non_sig,-0.266610197419621
NAP1L1,12q,-0.35140012496023665,0.0479051267542718,non_sig,-0.3993052517145084
IL10RB,21q,-0.0258192051148362,-0.0351706033229866,non_sig,0.009351398208150397
IFNAR1,21q,-0.20851099090765352,-0.0418574409888278,non_sig,-0.16665354991882572
TMOD1,9q,-0.0503740075059296,-0.0952209798144523,non_sig,0.04484697230852269
TMOD2,15q,-0.45084595672502,-0.07608047360591774,non_sig,-0.37476548311910224
TMOD3,15q,0.0497137747108919,0.035706793614182844,non_sig,0.014006981096709059
LMOD1,1q,-0.5913646545511405,-0.40119067054587054,non_sig,-0.19017398400526997
CHD6,20q,-0.3813404183697625,-0.04678583690617405,non_sig,-0.33455458146358846
CHD9,16q,-0.0603779275002929,-0.0084124991443615,non_sig,-0.0519654283559314
CHD1L,1q,-0.312881800547104,-0.108961493437577,non_sig,-0.20392030710952702
CHD8,14q,-0.148661455028161,0.0270935210503619,non_sig,-0.1757549760785229
CHD7,8q,-0.146189045372558,-0.11727636710574399,non_sig,-0.028912678266814013
DTNA,18q,0.03152112209137295,0.043424533820133344,non_sig,-0.011903411728760395
DTNB,2p,-0.06113400887281625,0.0168718156727568,non_sig,-0.07800582454557306
SNX13,7p,-0.184249121385374,-0.1751579059559005,non_sig,-0.009091215429473498
SNX25,4q,-0.1232056451123965,0.06083527081849055,non_sig,-0.18404091593088706
DCLK1,13q,-0.603132064306924,-0.4265720836176935,non_sig,-0.1765599806892305
CAMK2G,10q,-0.1931433566280075,0.013891962009004397,non_sig,-0.20703531863701188
CAMKK1,17p,-0.25375866972149697,-0.09883275594273336,non_sig,-0.1549259137787636
STK33,11p,-0.271830053642247,0.009379473503748,non_sig,-0.281209527145995
CAMK2B,7p,-0.095237156496593,-0.0954356727960598,non_sig,0.0001985162994667944
DCLK2,4q,-0.17239348007612548,0.0085087834554027,non_sig,-0.1809022635315282
STK11,19p,-0.1310259642427875,0.1177855922691265,non_sig,-0.248811556511914
CAMKK2,12q,-0.398766670590066,0.0603388254496859,non_sig,-0.45910549603975187
CAMK2D,4q,-0.15560843812916753,0.132125154859485,non_sig,-0.28773359298865253
DCLK3,3p,-0.0593815721730092,-0.06232277304180944,non_sig,0.002941200868800245
PHKG2,16p,-0.141874865399788,-0.06613637649627904,non_sig,-0.07573848890350895
CPEB3,10q,-0.0960267168435943,-0.0127260653465318,non_sig,-0.0833006514970625
CPEB4,5q,0.216485000540144,-0.0629657642397687,non_sig,0.2794507647799127
CPEB2,4p,-0.10060302397333315,0.227013461304997,non_sig,-0.32761648527833015
SEMA5A,5p,-0.6570960586162775,-0.291059272387392,non_sig,-0.3660367862288855
SEMA4C,2q,-0.137947315694688,-0.008830724163879,non_sig,-0.12911659153080898
SEMA3E,7q,0.139537667659818,-0.148867455384117,non_sig,0.288405123043935
SEMA4A,1q,-0.7874016954631105,-0.375199761907688,non_sig,-0.41220193355542245
SEMA3B,3p,-0.1197412143036738,-0.0882936287430661,non_sig,-0.03144758556060771
SEMA6A,5q,-0.5854883194628231,-0.200401442250674,non_sig,-0.38508687721214907
SEMA3D,7q,0.0679691351973163,0.012563423275451551,non_sig,0.05540571192186475
SEMA3C,7q,0.0010883921382316003,-0.1637142971409605,non_sig,0.16480268927919212
SEMA5B,3q,-0.13458193929900703,-0.859203710700692,non_sig,0.7246217714016849
SEMA4D,9q,-0.223409945797692,0.0607941607317114,non_sig,-0.2842041065294034
SEMA3F,3p,0.147900889745919,-0.463547767832623,non_sig,0.611448657578542
SEMA6B,19p,-0.203171725136007,0.0753762446223158,non_sig,-0.2785479697583228
SEMA3A,7q,-0.664228104954361,-0.219017233350746,non_sig,-0.44521087160361505
SEMA6D,15q,-0.1900758074801135,-0.01542313688942205,non_sig,-0.17465267059069145
SEMA4B,15q,0.0802050754782651,-0.187204581895379,non_sig,0.2674096573736441
SLPI,20q,-0.670198510230975,-0.606771449174598,non_sig,-0.06342706105637697
PI3,20q,-1.057941539113843,-0.511103509136137,non_sig,-0.5468380299777059
EXOC6,10q,-0.165832310824522,-0.0186116947174286,non_sig,-0.1472206161070934
EXOC6B,2p,-0.132526308799672,-0.0265655437810843,non_sig,-0.1059607650185877
VPS26B,11q,-0.256678674080362,-0.04487996973272035,non_sig,-0.21179870434764164
VPS26A,10q,-0.182078715429558,0.025074989184008398,non_sig,-0.20715370461356641
SPINT1,15q,0.13720203304105905,-0.6377153041942163,non_sig,0.7749173372352753
AMBP,9q,-0.415238928645647,-0.10437165702675866,non_sig,-0.31086727161888833
TFPI,2q,-0.3673309031110945,-0.5137960716887525,non_sig,0.146465168577658
TFPI2,7q,-0.330624974777943,-0.609709023285415,non_sig,0.279084048507472
RGS19,20q,-0.3410196180126665,-0.120018575665054,non_sig,-0.2210010423476125
MAB21L1,13q,-0.426465991271722,-0.195234848162814,non_sig,-0.23123114310890802
TSC22D1,13q,-0.04951965713959344,0.02901031089486642,non_sig,-0.07852996803445986
TSC22D4,7q,-0.611253086777229,-0.201197190140888,non_sig,-0.410055896636341
TSC22D2,3q,-0.084059692034735,0.04522620620783855,non_sig,-0.12928589824257355
MFAP5,12p,-0.114079267032801,-0.324099129863707,non_sig,0.21001986283090598
MFAP2,1p,0.14589653774143285,-0.3294921289798,non_sig,0.47538866672123287
TMEM38B,9q,-0.1268676137455835,0.0449958562441994,non_sig,-0.1718634699897829
BARHL2,1p,-1.03093850650183,-1.08006178039849,non_sig,0.04912327389666005
GPC6,13q,-0.139846169331288,-0.335075078971834,non_sig,0.19522890964054598
GPC1,2q,0.119656615705786,-0.278830926756477,non_sig,0.39848754246226303
GLI2,2q,0.20780160308372,-0.27155341377826,non_sig,0.47935501686198
OXA1L,14q,-0.153181370386802,0.006160254935839,non_sig,-0.15934162532264098
COX18,4q,-0.0840999709474563,-0.0365970145548049,non_sig,-0.0475029563926514
AHR,7p,-0.556989905917712,-0.321670622143028,non_sig,-0.23531928377468403
FBXW7,4q,0.0667224344800625,0.29440392862937054,non_sig,-0.22768149414930805
VPS13A,9q,-0.165006196156849,-0.0139015822184863,non_sig,-0.1511046139383627
VPS13C,15q,-0.254405166289682,-0.05217529644955695,non_sig,-0.20222986984012506
TGDS,13q,-0.43176674799901305,0.03969249980481125,non_sig,-0.4714592478038243
GALE,1p,-0.143455537115664,-0.1086240907238355,non_sig,-0.0348314463918285
HSD3B1,1p,-0.366105671464842,-0.5263303115802296,non_sig,0.16022464011538756
UXS1,2q,-0.0757113888061936,0.0308695721172592,non_sig,-0.1065809609234528
AKTIP,16q,-0.1875748295486025,0.000864145995071,non_sig,-0.1884389755436735
UBE2F,2q,-0.2492631726366725,0.0650123722251585,non_sig,-0.314275544861831
GPR180,13q,-0.280785903228639,-0.0333597604317136,non_sig,-0.2474261427969254
SOX11,2p,-1.251128698852211,-0.35789855279779104,non_sig,-0.89323014605442
ABCC4,13q,-0.230025441413579,0.0089558408152043,non_sig,-0.2389812822287833
ABCC6,16p,0.0470380139439646,-0.1265026393519299,non_sig,0.1735406532958945
ABCC2,10q,-0.46586546271603047,-0.3513845234502475,non_sig,-0.11448093926578295
ABCC1,16p,-0.221586643450256,0.0452678426299295,non_sig,-0.26685448608018547
ABCC8,11p,0.115855746185479,0.0177780202919632,non_sig,0.09807772589351581
ABCC10,6p,-0.140053254068227,-0.0800254490445028,non_sig,-0.06002780502372419
ABCC3,17q,-0.198667571982444,-0.3064522714157105,non_sig,0.10778469943326652
CFTR,7q,-0.413330370717044,0.11690161433720586,non_sig,-0.5302319850542498
ABCC5,3q,-0.0335004025319418,-0.182401174077703,non_sig,0.1489007715457612
GALNS,16q,-0.145626375304393,0.00040375837187825,non_sig,-0.14603013367627127
ARSA,22q,-0.19201728577246802,0.119779621811306,non_sig,-0.311796907583774
LRP10,14q,0.0637743526005521,-0.0267328614709253,non_sig,0.0905072140714774
LRP12,8q,-0.081655336927476,-0.0723769679851101,non_sig,-0.009278368942365889
COMT,22q,-0.1297749279420285,-0.0243114270445517,non_sig,-0.1054635008974768
ITGB8,7p,-0.436178398277322,-0.2665779902380795,non_sig,-0.16960040803924253
ITGB4,17q,-0.168125505016059,-0.440753287572562,non_sig,0.272627782556503
MGRN1,16p,0.0240449410956812,0.0961079545839192,non_sig,-0.072063013488238
RNF157,17q,-0.245022655886841,0.0604461227471293,non_sig,-0.3054687786339703
ASGR1,17p,-0.747754378386993,-0.395851713947097,non_sig,-0.351902664439896
ASGR2,17p,-0.4763771668408435,-0.364615333542916,non_sig,-0.11176183329792755
DNTT,10q,-0.51906535443621,-0.286569661889322,non_sig,-0.23249569254688807
POLM,7p,-0.302767757415855,-0.170449434092929,non_sig,-0.13231832332292598
POLL,10q,-0.2396245812275905,0.030647198995437448,non_sig,-0.27027178022302795
TNNC2,20q,0.162085133412705,0.1435378308199285,non_sig,0.01854730259277651
SP4,7p,-0.04632595677155705,-0.0560628512825919,non_sig,0.00973689451103485
SP2,17q,0.10774564341972,-0.01376081477752455,non_sig,0.12150645819724455
SP1,12q,0.0429137063700955,0.03697449596521575,non_sig,0.005939210404879748
SP3,2q,-0.123168743349562,0.0416288920095503,non_sig,-0.1647976353591123
CSE1L,20q,-0.4037366520705395,-0.16640693557332198,non_sig,-0.2373297164972175
IPO8,12p,-0.33025572175862,-0.0955680539865275,non_sig,-0.2346876677720925
IPO7,11p,-0.2958748932264005,0.0472399570983649,non_sig,-0.3431148503247654
RIMKLB,12p,-0.2947010945483665,0.14899305476822,non_sig,-0.4436941493165865
FAM171A1,10p,-0.162262372072081,-0.029219497709093552,non_sig,-0.13304287436298745
FAM171B,2q,0.431877504212876,-0.102331344604167,non_sig,0.534208848817043
FAM171A2,17q,-0.068446883187858,0.0293833133685715,non_sig,-0.0978301965564295
OCIAD2,4p,0.06039872442434155,-0.0011506177233847,non_sig,0.06154934214772625
OCIAD1,4p,-0.08720756815556675,0.0278290019027939,non_sig,-0.11503657005836065
ETV6,12p,-0.454081528079446,-0.0166841002784032,non_sig,-0.4373974278010428
TCL1B,14q,-0.188038719092047,-0.538148753196885,non_sig,0.35011003410483804
TCL1A,14q,-0.6777421405565944,-0.654860336535233,non_sig,-0.022881804021361418
OLR1,12p,-0.821965707301208,-0.664468942039221,non_sig,-0.15749676526198697
IGF2BP3,7p,-0.2191298163696545,0.149871319468836,non_sig,-0.3690011358384905
IGF2BP2,3q,-0.0767925471893318,-0.0337764854180589,non_sig,-0.0430160617712729
IGF2BP1,17q,-0.543725975184327,-0.7668169719553265,non_sig,0.22309099677099953
MTRR,5p,-0.453773042728865,-0.1793598294798155,non_sig,-0.2744132132490495
POR,7q,-0.205951957986305,0.021127204008719,non_sig,-0.227079161995024
NDOR1,9q,-0.2194741432913095,0.028257782366044648,non_sig,-0.24773192565735414
NOS3,7q,-0.164803278324654,0.0043073371959192,non_sig,-0.1691106155205732
STAU1,20q,-0.2832060577450005,-0.11431213040996899,non_sig,-0.16889392733503153
STAU2,8q,-0.390384921950378,-0.105220389731491,non_sig,-0.285164532218887
GSTO1,10q,-0.26790956128301,0.011829942671790751,non_sig,-0.2797395039548008
GSTZ1,14q,-0.382634061238381,-0.0117907289784667,non_sig,-0.3708433322599143
ARVCF,22q,-0.045832079734602495,-0.0965009461911247,non_sig,0.05066886645652221
PKP3,11p,0.1707669396372685,-0.597624401387572,non_sig,0.7683913410248405
PKP2,12p,-0.312828881721726,-0.197605333304177,non_sig,-0.115223548417549
PKP4,2q,0.0119057542160613,0.0803313915443015,non_sig,-0.0684256373282402
CTNND2,5p,-0.150111661308226,0.02048209942389575,non_sig,-0.17059376073212176
PKP1,1q,-0.5117636859583995,-0.606856100432204,non_sig,0.09509241447380445
CTNND1,11q,0.255369130079481,0.0682695515787294,non_sig,0.1870995785007516
LRP6,12p,-0.111208708970613,0.0672967692875596,non_sig,-0.1785054782581726
LRP4,11p,-0.2458160663933725,-0.062208530305552956,non_sig,-0.18360753608781955
LRP5,11q,-0.150131737196044,-0.0531934820868859,non_sig,-0.0969382551091581
LILRB1,19q,-0.959365389377774,-0.570176679900987,non_sig,-0.3891887094767871
CSTF2T,10q,0.0120932095772414,0.07204435739024635,non_sig,-0.05995114781300495
CDCA7L,7p,-0.227975403690552,-0.200441037114149,non_sig,-0.027534366576402985
CDCA7,2q,-0.1080509318775355,-0.0756960461448195,non_sig,-0.032354885732716
FBXL2,3p,0.0477863322540942,0.050815453476590805,non_sig,-0.003029121222496607
FBXL20,17q,-0.276490658830211,0.02374748255235075,non_sig,-0.3002381413825618
SLCO4A1,20q,-1.1782110810762,-0.247182908637776,non_sig,-0.9310281724384241
SLCO4C1,5q,3.25757451518435,-0.334477476882557,non_sig,3.592051992066907
SLCO3A1,15q,-0.09998267056741786,0.239427281014548,non_sig,-0.33940995158196585
SLCO2A1,3q,-0.798452924316652,-0.32421826603981796,non_sig,-0.4742346582768341
SCNN1G,16p,-0.639727435003156,-0.47955722923016453,non_sig,-0.16017020577299146
SCNN1B,16p,-0.106035935689486,-0.118036134982417,non_sig,0.012000199292931002
SCNN1A,12p,-0.378464543015141,-0.246581989366249,non_sig,-0.13188255364889198
POLB,8p,-0.2230023619556185,0.0370313265651402,non_sig,-0.2600336885207587
TIAM1,21q,-0.09297450128454776,0.0296540087069395,non_sig,-0.12262850999148726
TIAM2,6q,0.0397089903845691,-0.0877940755191411,non_sig,0.1275030659037102
OGFR,20q,-0.305305876896231,-0.12365907749205199,non_sig,-0.18164679940417902
OGFRL1,6q,-0.0088530731114299,0.0020732130204041497,non_sig,-0.01092628613183405
UGGT2,13q,-0.1249434600485325,0.0537660942319044,non_sig,-0.1787095542804369
UGGT1,2q,-0.0628552611571378,-0.0133905850802067,non_sig,-0.0494646760769311
NDST2,10q,-0.006757747237387649,-0.04608790171847475,non_sig,0.03933015448108711
NDST1,5q,-0.1914511519092185,-0.0023976657195552,non_sig,-0.1890534861896633
TMC7,16p,-0.258087278690345,0.19811186197188102,non_sig,-0.456199140662226
TMC1,9q,-0.0827974281115265,-0.0225614152712617,non_sig,-0.06023601284026481
TMC4,19q,0.295747038435671,-0.257175412468818,non_sig,0.552922450904489
TMC6,17q,-0.0019403904763756,-0.117782808901906,non_sig,0.11584241842553039
TMC5,16p,-0.505977266696393,-0.51353042846586,non_sig,0.007553161769466965
RAD23B,9q,-0.244530702719435,0.0763624447798511,non_sig,-0.3208931474992861
RAD23A,19p,-0.24591973662446948,0.129118122479362,non_sig,-0.3750378591038315
PTPRB,12q,-0.0001917165352942011,0.0281128478590017,non_sig,-0.0283045643942959
LMX1B,9q,-0.56030137156236,-0.505880491788349,non_sig,-0.054420879774011
LMO4,1p,-0.16607793382611752,-0.0633984477982116,non_sig,-0.10267948602790591
LMO3,12p,-0.376986883679041,-0.546213127240533,non_sig,0.16922624356149196
PNMA2,8p,-0.104661175991438,-0.173386611400241,non_sig,0.068725435408803
PNMA1,14q,-0.237939559967769,-0.1533606574135615,non_sig,-0.0845789025542075
ZFR,5p,-0.1647068493567065,-0.0669584387395027,non_sig,-0.09774841061720378
STRBP,9q,-0.338821273876164,0.117301921399525,non_sig,-0.456123195275689
ILF3,19p,-0.0198758881281779,0.045060504222637396,non_sig,-0.0649363923508153
DSE,6q,-0.0776455025948494,-0.0315166790783639,non_sig,-0.0461288235164855
TNRC6A,16p,-0.0262592445350119,0.0874252809946161,non_sig,-0.113684525529628
TNRC6C,17q,-0.2917166431138225,-0.0878590019693235,non_sig,-0.203857641144499
TNRC6B,22q,-0.09128443592483905,0.11317313302468851,non_sig,-0.20445756894952755
HS6ST1,2q,0.08696317837409365,0.29921668858088146,non_sig,-0.21225351020678782
RASA3,13q,-0.3430162948855445,0.143862046845019,non_sig,-0.48687834173056355
RASA4,7q,-0.6799165276738646,-0.33489023891145,non_sig,-0.3450262887624146
RASAL1,12q,-0.128959842540081,-0.3460299825250345,non_sig,0.21707013998495348
RASA2,3q,-0.107921743860347,-0.0568809835467456,non_sig,-0.0510407603136014
DAPK1,9q,-0.08835429381531551,-0.2171644041906825,non_sig,0.128810110375367
DAPK2,15q,-0.0323894959415345,-0.13231481440554999,non_sig,0.09992531846401548
DAPK3,19p,0.03194574051875955,-0.07223363157476809,non_sig,0.10417937209352764
CCNA1,13q,0.0828909287418478,-0.443280640627201,non_sig,0.5261715693690489
CCNA2,4q,-0.192916450550186,0.01461618403935655,non_sig,-0.20753263458954255
CCNE1,19q,0.013736752004010899,-0.01393023481994135,non_sig,0.02766698682395225
CCND1,11q,-0.0232658770408363,-0.261635979736858,non_sig,0.23837010269602169
CCNB2,15q,-0.209395364497621,-0.0804571474438476,non_sig,-0.1289382170537734
CCND3,6p,-0.545529040209965,-0.168397309732197,non_sig,-0.37713173047776793
CCNB1,5q,-0.165916023508344,-0.07853829317034625,non_sig,-0.08737773033799776
CCND2,12p,-1.2133848548083,-0.5074345802129729,non_sig,-0.705950274595327
DIDO1,20q,-0.16478069678246748,-0.0236756397318506,non_sig,-0.14110505705061688
PHF3,6q,-0.111442665821546,0.013432428900715401,non_sig,-0.1248750947222614
CREB5,7p,0.18336348837564848,-0.07204358987361606,non_sig,0.25540707824926456
ATF7,12q,-0.05028752204996855,0.0406440775482832,non_sig,-0.09093159959825176
ATF2,2q,-0.105365475537975,0.0973082478897549,non_sig,-0.20267372342772988
NEK9,14q,-0.308861172521151,-0.0356928850657695,non_sig,-0.27316828745538146
HSPA12B,20p,-0.0090846177191128,0.219211727670025,non_sig,-0.2282963453891378
HSPA12A,10q,-0.42781876097049754,-0.158969440924063,non_sig,-0.2688493200464345
CLOCK,4q,-0.0238380627319905,0.06757003388656685,non_sig,-0.09140809661855735
NPAS2,2q,-0.48535499863882,0.264648227065886,non_sig,-0.750003225704706
RNF13,3q,-0.201860034188968,-0.11235875059737349,non_sig,-0.08950128359159451
RNF149,2q,-0.0951216263054218,-0.088682597157161,non_sig,-0.006439029148260805
RNF150,4q,0.111721778112232,-0.296347629305089,non_sig,0.408069407417321
RNF130,5q,-0.2551108871854625,0.128507758511481,non_sig,-0.3836186456969435
UCHL3,13q,-0.254875281955423,0.047574095445852504,non_sig,-0.30244937740127553
UCHL5,1q,-0.1827050220284432,-0.06311879161501241,non_sig,-0.11958623041343078
UCHL1,4p,-1.045869120224425,-0.861141871936607,non_sig,-0.18472724828781806
HECW1,7p,-0.108163460370145,-0.0394542607891321,non_sig,-0.0687091995810129
NEDD4L,18q,-0.129281680895326,0.058608512495728446,non_sig,-0.18789019339105445
WWP2,16q,-0.206061796824136,0.051179975397799296,non_sig,-0.2572417722219353
SMURF1,7q,-0.0708297990692528,-0.193440079565926,non_sig,0.12261028049667319
ITCH,20q,-0.4558112720281565,-0.11075818465985801,non_sig,-0.34505308736829854
SMURF2,17q,-0.4071739958215775,-0.139244830264442,non_sig,-0.2679291655571355
NEDD4,15q,0.016550103300442348,0.0739029567089156,non_sig,-0.05735285340847325
HECW2,2q,-0.141687339699889,0.015383320364125649,non_sig,-0.15707066006401466
WWP1,8q,-0.229603738497611,-0.13377780508076897,non_sig,-0.09582593341684204
VGLL3,3p,-0.0627183581458235,-0.904805397262458,non_sig,0.8420870391166345
CABLES1,18q,-0.012156651426762848,-0.0870820121103172,non_sig,0.07492536068355435
CABLES2,20q,-0.3849530007020865,0.049115585298985,non_sig,-0.4340685860010715
ICOSLG,21q,-0.03879562456950475,0.0123355147865253,non_sig,-0.05113113935603005
CD276,15q,-0.0834155094977526,0.242778685896938,non_sig,-0.3261941953946906
ZDHHC8,22q,0.208753290974558,0.01160302787419745,non_sig,0.19715026310036055
ZDHHC5,11q,0.03428793025106835,0.05186902379256695,non_sig,-0.017581093541498602
F5,1q,-0.477456057110722,-0.177431026273894,non_sig,-0.30002503083682797
CP,3q,-0.6938023849943855,-0.3455218578014435,non_sig,-0.348280527192942
HEPHL1,11q,-0.0011161253410631503,0.0472702719675017,non_sig,-0.04838639730856485
THNSL1,10p,-0.207329657407114,0.0134082295801469,non_sig,-0.2207378869872609
CDX2,13q,-0.637731102882662,-0.642045328359038,non_sig,0.004314225476376055
CDX1,5q,-0.443144598272741,-0.31295948373612403,non_sig,-0.13018511453661696
RHOU,1q,-0.4270543770506778,-0.07756518808847154,non_sig,-0.34948918896220627
RND3,2q,0.0751451725725942,-0.07939329677858364,non_sig,0.15453846935117785
RHOH,4p,-1.29777679913119,-0.3096693954393555,non_sig,-0.9881074036918345
RHOG,11p,-0.197286261183132,0.00870422605335395,non_sig,-0.20599048723648594
RHOD,11q,0.07926808467387521,-0.307812719017948,non_sig,0.3870808036918232
RHOB,2p,-0.130042858810894,-0.0861884066010619,non_sig,-0.0438544522098321
RHOC,1p,-0.0365586560423579,0.09161783605993175,non_sig,-0.12817649210228965
RHOA,3p,-0.0270233508246316,0.0785876623630826,non_sig,-0.1056110131877142
RHOF,12q,-0.179894134709864,0.0347298818627521,non_sig,-0.21462401657261612
RAC2,22q,-0.49324758198810303,-0.335055718397258,non_sig,-0.15819186359084503
RHOQ,2p,-0.10569015783690645,-0.119318469877156,non_sig,0.013628312040249543
RAC1,7p,0.00215893996556035,-0.0199938513854951,non_sig,0.02215279135105545
RAC3,17q,-0.0828278139397701,0.0111454753102879,non_sig,-0.09397328925005799
CDC42,1p,0.0207286269591962,0.009296746036540326,non_sig,0.011431880922655875
ATP7B,13q,-0.1902981201164525,-0.0136095752677023,non_sig,-0.1766885448487502
SGSM2,17p,-0.0291929350583499,0.0018353868173392501,non_sig,-0.03102832187568915
SGSM1,22q,0.009577092658851549,-0.0646757002236401,non_sig,0.07425279288249165
LYZ,12q,-0.29547187532788055,-0.523295399453499,non_sig,0.22782352412561846
AFF3,2q,0.34947706499209297,0.233300377375979,non_sig,0.11617668761611397
AFF1,4q,-0.0401832361625534,0.020745467309721,non_sig,-0.0609287034722744
AFF4,5q,-0.0528563285203579,0.04158536863210785,non_sig,-0.09444169715246575
GPX8,5q,0.124631304610178,0.29257709627532447,non_sig,-0.16794579166514645
GPX1,3p,-0.158801722867817,0.351254306875026,non_sig,-0.510056029742843
GPX3,5q,0.0003334127697652983,-0.36325501201876,non_sig,0.36358842478852527
GPX4,19p,-0.19381807662489298,0.0908494298386138,non_sig,-0.2846675064635068
GPX7,1p,-0.786068158058955,-0.682432558426561,non_sig,-0.103635599632394
GPX2,14q,-0.229782856668241,-0.427988293708269,non_sig,0.19820543704002802
ISL2,15q,-0.16721184386565902,0.0444647478281546,non_sig,-0.21167659169381361
AGAP2,12q,-0.16685967993595407,-0.0807256229395027,non_sig,-0.08613405699645138
AGAP3,7q,-0.384177792931794,-0.0902498558767075,non_sig,-0.29392793705508646
AGAP1,2q,-0.193412092313545,0.08231277063641265,non_sig,-0.2757248629499577
FAM13A,4q,-0.214156468399313,-0.0366125501246065,non_sig,-0.1775439182747065
PSMB5,14q,-0.127448481427516,0.102806457321676,non_sig,-0.230254938749192
PSMB6,17p,0.02425777821388345,0.1157201933698415,non_sig,-0.09146241515595806
PSMB8,6p,0.0863651035085871,0.01976841779340975,non_sig,0.06659668571517735
PSMB9,6p,0.0168670223275928,-0.02859355112989275,non_sig,0.045460573457485554
PSMB10,16q,-0.438858380663147,-0.14085542884361102,non_sig,-0.29800295181953596
PSMB7,9q,-0.0871391060181697,0.129959359662316,non_sig,-0.21709846568048569
PSMB1,6q,-0.0420972382037068,-0.0373529761862455,non_sig,-0.004744262017461295
UBALD1,16p,-0.263400873378807,0.0746948750071712,non_sig,-0.3380957483859782
UBALD2,17q,0.09044426734489136,-0.06417115385470595,non_sig,0.1546154211995973
NNMT,11q,-0.619609651821077,-0.8404832204301045,non_sig,0.22087356860902752
PPP1R3D,20q,-0.0628332388301371,-0.18757094458531698,non_sig,0.12473770575517988
PPP1R3G,6p,-0.0856127790683284,-0.162004980678517,non_sig,0.07639220161018861
TECR,19p,-0.0619583131492092,-0.024826109019969,non_sig,-0.037132204129240204
EFS,14q,-0.336299319854701,-0.4445096934817545,non_sig,0.10821037362705349
NEDD9,6p,-0.5263615274321255,-0.10868492516331554,non_sig,-0.41767660226881
BCAR1,16q,-0.104773091127888,-0.056557820102027104,non_sig,-0.0482152710258609
CLEC2B,12p,-0.405244156278516,-0.3723290020788935,non_sig,-0.03291515419962249
MAP7,6q,-0.060602909800575644,-0.163262876789681,non_sig,0.10265996698910534
FST,5q,-0.029627229080785147,-0.456699675468818,non_sig,0.4270724463880329
FSTL3,19p,-0.0879506244702979,0.198026416239276,non_sig,-0.2859770407095739
CMTM5,14q,-0.7857519401674555,-0.4907990418022705,non_sig,-0.294952898365185
CMTM3,16q,-0.086067311971018,0.0885408079482481,non_sig,-0.1746081199192661
GALNT1,18q,-0.1504378080022785,0.05669358601542275,non_sig,-0.20713139401770125
GALNT16,14q,-0.06451055082030879,-0.05967902318642445,non_sig,-0.004831527633884343
GALNT7,4q,-0.0798909718624044,-0.01260817462622215,non_sig,-0.06728279723618225
GALNT8,12p,-0.241504212393268,0.0998278335375362,non_sig,-0.3413320459308042
GALNT5,2q,-0.455358032145726,-0.247101661718645,non_sig,-0.208256370427081
GALNT11,7q,-0.217889656899297,0.001989372865774,non_sig,-0.219879029765071
GALNT12,9q,-0.2880599467899335,-0.15654299439928598,non_sig,-0.13151695239064753
GALNT3,2q,-0.157414722437154,-0.387723478516442,non_sig,0.23030875607928802
GALNT2,1q,0.064242121673846,0.0312092068618152,non_sig,0.03303291481203081
GALNT10,5q,-0.11587329823385151,-0.0125469397208873,non_sig,-0.1033263585129642
GALNT14,2p,-0.0183405569563877,-0.33615870598539,non_sig,0.3178181490290023
GALNT6,12q,-0.119740886359954,-0.200200594469414,non_sig,0.08045970810945999
GALNT13,2q,1.4989096186142308,-0.111945512396148,non_sig,1.6108551310103787
SFRP4,7p,-1.11499416901351,-0.237385163587523,non_sig,-0.8776090054259869
FZD1,7q,-0.0928421521947133,0.00918855259011715,non_sig,-0.10203070478483045
FZD7,2q,0.268878953092048,-0.250543871581988,non_sig,0.519422824674036
FZD2,17q,-0.541802019090964,-0.12482544896467049,non_sig,-0.4169765701262935
PRLR,5p,0.2043528830773405,0.0153435211130646,non_sig,0.1890093619642759
GCNT1,9q,0.118930957012005,-0.0839191278384433,non_sig,0.2028500848504483
GCNT2,6p,-0.5347987598091805,0.386078815096366,non_sig,-0.9208775749055464
GCNT3,15q,-0.6579265441657925,-0.780566646053375,non_sig,0.12264010188758245
SLC34A2,4p,-0.4761910446570935,-0.303177366600853,non_sig,-0.17301367805624052
ITPRIP,10q,-0.189700101193397,0.0031167382532866997,non_sig,-0.1928168394466837
RPA2,1p,-0.112219301349317,-0.007455136007058801,non_sig,-0.1047641653422582
TLE1,9q,-0.083604470933518,0.0682611046822511,non_sig,-0.1518655756157691
TLE4,9q,-0.0337768256423703,0.0276945954631099,non_sig,-0.0614714211054802
TLE3,15q,-0.052811681358765,-0.016147682007796302,non_sig,-0.0366639993509687
TLE2,19p,0.293824759144829,-0.0837247775205203,non_sig,0.3775495366653493
GLUD1,10q,-0.241721355118876,0.050954458790782156,non_sig,-0.29267581390965813
TBC1D8,2q,0.0121730494259531,0.0040040765275384,non_sig,0.0081689728984147
TBC1D9B,5q,-0.325669172398295,-0.09586735519387535,non_sig,-0.22980181720441967
TBC1D9,4q,-0.05921587522636135,-0.0437095233584955,non_sig,-0.01550635186786585
AP1G2,14q,-0.309750994163076,-0.0277672467388406,non_sig,-0.2819837474242354
AP1G1,16q,-0.16876618148169,0.0067785489672912,non_sig,-0.1755447304489812
AP2A1,19q,-0.10216415441972496,-0.0933971192551742,non_sig,-0.008767035164550754
AP2A2,11p,-0.2406186309645875,0.05272254201083605,non_sig,-0.29334117297542356
AP4E1,15q,-0.14968464867175402,-0.0334574487110132,non_sig,-0.11622719996074082
HSBP1,16q,-0.07135105850802355,0.0268429231831384,non_sig,-0.09819398169116195
TXNL4A,18q,-0.05657731576664015,-0.0234392932379899,non_sig,-0.03313802252865025
TXNL4B,16q,-0.234137632527099,0.0156144918918858,non_sig,-0.24975212441898478
A2ML1,12p,-0.5544341900339,-0.3128716669115495,non_sig,-0.24156252312235055
PZP,12p,-0.507818596011236,-0.294672968650686,non_sig,-0.21314562736055004
C3,19p,-0.3398440362419195,-0.4012575056758645,non_sig,0.06141346943394499
CD109,6q,0.4010134426963155,-0.07023123675783616,non_sig,0.47124467945415166
A2M,12p,-0.474700051152487,-0.57766895928241,non_sig,0.10296890812992304
C4A,6p,-0.299438335929666,-0.2812032853352185,non_sig,-0.01823505059444752
RAB11FIP2,10q,-0.190212028221223,0.09372600328915495,non_sig,-0.28393803151037794
RAB11FIP5,2p,0.186858694158835,0.0155149710906703,non_sig,0.1713437230681647
RAB11FIP1,8p,0.1834541913044745,-0.08760360419968045,non_sig,0.27105779550415493
LONP2,16q,-0.0807641137681043,-0.01165977463172265,non_sig,-0.06910433913638166
LONP1,19p,-0.3207192555337685,0.0543494122410849,non_sig,-0.3750686677748534
SULT1B1,4q,-0.208564119992694,-0.08620660275120723,non_sig,-0.12235751724148677
SULT1A1,16p,-0.567327635457045,-0.470933682504037,non_sig,-0.09639395295300801
SULT1A3,16p,-0.6308763920334,-0.5435586351856975,non_sig,-0.08731775684770249
SULT1C4,2q,-0.8242688730579986,-0.223922353179465,non_sig,-0.6003465198785336
SULT2B1,19q,-0.244882980093731,-0.561034361646127,non_sig,0.31615138155239597
SULT1C2,2q,-0.9282454909327176,-0.241285835303499,non_sig,-0.6869596556292186
SULT2A1,19q,0.0936369934008532,0.0005767980700415003,non_sig,0.0930601953308117
SULT1E1,4q,-0.89992781734359,-0.35691225594050147,non_sig,-0.5430155614030885
FGD3,9q,-0.471529878098137,-0.6104904647202389,non_sig,0.13896058662210192
FGD4,12p,-0.199365343446621,0.0998144225008695,non_sig,-0.2991797659474905
FAM53B,10q,0.08278264023507854,-0.2413297078004955,non_sig,0.32411234803557404
FAM53C,5q,-0.0878654903877307,0.09307164630429116,non_sig,-0.18093713669202185
ADNP2,18q,-0.140363308912325,0.0680037725288168,non_sig,-0.2083670814411418
ADNP,20q,-0.414551422089266,-0.1334846130025045,non_sig,-0.2810668090867615
CSNK2A1,20p,-0.222572163223218,0.0126970396107453,non_sig,-0.2352692028339633
CSNK2A2,16q,-0.224467790220431,0.0008899671969128001,non_sig,-0.22535775741734382
CRK,17p,-0.170256622980247,0.143670074399634,non_sig,-0.313926697379881
CRKL,22q,-0.1481402880978495,0.055825003926369646,non_sig,-0.20396529202421915
PARD6G,18q,0.0982952238180212,-0.0421244217194129,non_sig,0.14041964553743408
PARD6B,20q,-0.2522504553257945,-0.2896833725047025,non_sig,0.03743291717890801
PARD6A,16q,-0.1847113704417645,-0.1359030618671455,non_sig,-0.048808308574618986
AMPH,7p,-0.464557373648122,-0.251479858515406,non_sig,-0.213077515132716
BIN2,12q,-0.55434377616022,-0.637347021820377,non_sig,0.08300324566015693
BIN1,2q,-0.507666075046743,0.0787662961360592,non_sig,-0.5864323711828022
OAT,10q,-0.113984919911463,0.049146276061051555,non_sig,-0.16313119597251458
ABAT,16p,-0.5508576214305749,-0.331317351050548,non_sig,-0.21954027038002694
PHYKPL,5q,-0.30922970662655547,-0.0635242951443249,non_sig,-0.24570541148223057
WSB1,17q,0.0947406903655959,-0.2363535179348735,non_sig,0.33109420830046943
WSB2,12q,0.10283398377761765,-0.0570657472416787,non_sig,0.15989973101929636
MPV17L2,19p,-0.13880028088773,0.09825803454498865,non_sig,-0.23705831543271866
MPV17,2p,-0.200451250279601,-0.100518372388436,non_sig,-0.099932877891165
ADAT1,16q,-0.17256594388518448,-0.017380501044136402,non_sig,-0.15518544284104807
BCAT1,12p,-0.75920293411731,-0.3899972771545685,non_sig,-0.3692056569627415
BCAT2,19q,-0.115621500913375,-0.1017480885871395,non_sig,-0.013873412326235499
PHKB,16q,-0.265568508525212,-0.0746959687600347,non_sig,-0.19087253976517732
CCT6A,7p,-0.01620257427304115,-0.0262794117878672,non_sig,0.010076837514826052
CCT8,21q,-0.171566840218695,0.0065028170727904,non_sig,-0.1780696572914854
CCT3,1q,-0.253324303376117,-0.0725509687253469,non_sig,-0.1807733346507701
CCT5,5p,-0.2014076064196385,0.0357109814207411,non_sig,-0.2371185878403796
TCP1,6q,-0.247856813303058,0.067439426465136,non_sig,-0.315296239768194
CCT2,12q,-0.0479091573199156,0.037555264614749645,non_sig,-0.08546442193466525
HSPD1,2q,-0.19532238192338,0.0871455806000534,non_sig,-0.2824679625234334
CCT4,2p,-0.334867275271488,-0.0151616229931919,non_sig,-0.3197056522782961
CCT7,2p,-0.218930653842328,-0.0102515786000872,non_sig,-0.20867907524224077
STK38L,12p,-0.185646716612803,-0.1717520009021,non_sig,-0.013894715710702998
STK38,6p,-0.1226491621699502,-0.06817672212006275,non_sig,-0.05447244004988745
TRIL,7p,-0.3664647020199445,-0.412231649913624,non_sig,0.045766947893679466
NACAD,7p,-0.54388653369487,-0.245501165532511,non_sig,-0.29838536816235894
NIPSNAP1,22q,-0.0962753906168503,0.043306252778512105,non_sig,-0.1395816433953624
NIPSNAP3B,9q,-0.196669426167235,-0.02200450942472025,non_sig,-0.17466491674251478
NIPSNAP3A,9q,-0.201304393688394,-0.0209617852360601,non_sig,-0.1803426084523339
SLC15A3,11q,0.06207688569789026,-0.10324184392539451,non_sig,0.16531872962328475
GYS1,19q,-0.375151358097793,-0.155350593916783,non_sig,-0.21980076418101
EMB,5q,-0.28311682303094,0.10446056906505,non_sig,-0.38757739209598996
NPTN,15q,0.0895745001476258,0.0537125780195796,non_sig,0.0358619221280462
SCD5,4q,-0.0564267552607777,-0.0358170400117544,non_sig,-0.020609715249023303
SCD,10q,-0.1275826423369305,-0.034503888250514,non_sig,-0.0930787540864165
TACC2,10q,-0.18258084532886,0.0206944783028376,non_sig,-0.2032753236316976
TACC1,8p,0.09237963424998119,0.16884521774129502,non_sig,-0.07646558349131383
MGST1,12p,0.0557079319628329,0.0169857151536725,non_sig,0.038722216809160395
PTGES,9q,-0.31002357611812004,-0.602963934242649,non_sig,0.292940358124529
ELOVL7,5q,-0.0791198968878696,0.0809408018102553,non_sig,-0.1600606986981249
ELOVL1,1p,-0.235420816910396,0.0848933252724289,non_sig,-0.32031414218282495
ELOVL5,6p,0.10981347047808396,0.04968675090927825,non_sig,0.060126719568805706
ELOVL2,6p,0.580376137310208,-0.06636450485603496,non_sig,0.6467406421662429
ELOVL4,6q,-0.08662273585898415,-0.117682451831438,non_sig,0.03105971597245384
ELOVL6,4q,-0.0088751916212763,0.144082563662312,non_sig,-0.15295775528358832
NAA11,4q,0.360807824270903,-0.9521650118234675,non_sig,1.3129728360943704
NAA20,20p,0.0007569831092422517,0.06640271794509406,non_sig,-0.0656457348358518
NAA50,3q,-0.0028320486753384,0.0014206470757096,non_sig,-0.004252695751048
CHGA,14q,-0.954684714204693,-0.642353398429157,non_sig,-0.3123313157755361
CHGB,20p,-0.4153098948299735,-0.35022969701212403,non_sig,-0.06508019781784946
ITGAL,16p,-0.37228149568368996,-0.5388978825782276,non_sig,0.16661638689453762
ITGAX,16p,-0.0380151465187989,-0.27657337358418,non_sig,0.2385582270653811
GRB10,7p,-0.426144892580055,-0.15647390407724499,non_sig,-0.26967098850281
GRB14,2q,-0.248326889965845,-0.012773914316613599,non_sig,-0.23555297564923142
GRB7,17q,-0.010874496795876602,-0.21006699921910948,non_sig,0.1991925024232329
RAPH1,2q,0.0358373769340041,-0.0147313389681248,non_sig,0.0505687159021289
APBB1IP,10p,-0.805551262651699,-0.783144462558698,non_sig,-0.022406800093001
SYT4,18q,-0.6291118069909095,-0.412025597608592,non_sig,-0.21708620938231754
SYT8,11p,-0.1273627492696204,-0.21186593617763,non_sig,0.08450318690800959
SYT7,11q,-0.397207785433105,-0.2012647525939795,non_sig,-0.19594303283912548
SYT11,1q,-0.3323215901052775,-0.0499182634856712,non_sig,-0.2824033266196063
SYT13,11p,-0.456113506168498,-0.274293207016528,non_sig,-0.18182029915197
SYT1,12q,-0.10342501301100074,-0.311623632576302,non_sig,0.20819861956530125
EPS8,12p,-0.344562405569857,0.109647996774782,non_sig,-0.454210402344639
EPS8L1,19q,-0.3321640799892325,-0.42908817811877753,non_sig,0.09692409812954506
EPS8L2,11p,-0.241914870775584,-0.0912429643080151,non_sig,-0.1506719064675689
EPS8L3,1p,-0.595778865263884,-0.683339626851648,non_sig,0.08756076158776394
RCAN1,21q,-0.167686540522736,-0.1305923142256605,non_sig,-0.03709422629707548
RCAN3,1p,-0.14594076187590402,-0.14455647896170148,non_sig,-0.0013842829142025337
PIK3C3,18q,-0.1997700236930695,0.0775535476597862,non_sig,-0.2773235713528557
PIK3CG,7q,-0.608119696888134,-0.35065288798680905,non_sig,-0.257466808901325
PIK3CB,3q,-0.113070574315731,-0.07719888076007,non_sig,-0.035871693555661
PIK3CD,1p,-0.495060089740533,-0.230845419428538,non_sig,-0.26421467031199497
PIK3CA,3q,-0.0745864230239704,-0.0752339331820743,non_sig,0.0006475101581039089
FAM151A,1p,0.3086087613994485,-0.175064509494694,non_sig,0.48367327089414247
LIN54,4q,-0.01821616403942045,0.109337705332888,non_sig,-0.12755386937230845
RTN4R,22q,-0.03678925144512745,-0.0119905037535579,non_sig,-0.02479874769156955
RTN4RL2,11q,0.010604892393776301,-0.103251615034083,non_sig,0.1138565074278593
SECISBP2,9q,-0.311378477952886,0.092850251256186,non_sig,-0.404228729209072
SECISBP2L,15q,-0.0072724438773946,0.02857200527563615,non_sig,-0.03584444915303075
SYN2,3p,0.127658764172339,-1.3095073344815868,non_sig,1.4371660986539259
TXNRD2,22q,-0.0012737723489903501,-0.0259819574806048,non_sig,0.02470818513161445
TXNRD1,12q,-0.27275044513039604,-0.0601949564642113,non_sig,-0.21255548866618473
GSR,8p,-0.337042512916486,0.1940307059808145,non_sig,-0.5310732188973005
DLD,7q,-0.276129600489488,-0.00432846126813905,non_sig,-0.2718011392213489
TXNRD3,3q,-0.277631980065308,-0.03092612202442195,non_sig,-0.24670585804088602
HAPLN1,5q,-0.24761491687828002,-0.715098242622771,non_sig,0.467483325744491
ACAN,15q,-0.0424174658243742,-0.25276068419618947,non_sig,0.21034321837181527
BCAN,1q,-0.2354817730349099,-0.0795414041899362,non_sig,-0.1559403688449737
VCAN,5q,-0.474850417831917,-0.574666635121605,non_sig,0.09981621728968798
HAPLN3,15q,-0.23159697073684848,-0.123230185785263,non_sig,-0.10836678495158548
NXN,17p,-0.362479411033157,0.0426307243357549,non_sig,-0.4051101353689119
TIMP2,17q,-0.400678429409708,0.021825360296355952,non_sig,-0.42250378970606395
TIMP3,22q,-0.6502204239464235,-0.438313708140638,non_sig,-0.21190671580578552
APP,21q,-0.07763033654721649,0.113944017085234,non_sig,-0.19157435363245048
APLP1,19q,-0.403176867940786,-0.141199610803637,non_sig,-0.26197725713714903
APLP2,11q,-0.377278743529554,-0.106920551963244,non_sig,-0.27035819156630997
ADCK1,14q,0.0826509038545035,-0.089399760932825,non_sig,0.1720506647873285
ADCK5,8q,-0.228865017866539,-0.07003974765393114,non_sig,-0.15882527021260787
QRICH1,3p,-0.236390201418525,0.1107168004065,non_sig,-0.34710700182502496
GK5,3q,-0.102269792757936,-0.018388218232546,non_sig,-0.08388157452539
PARP12,7q,0.04414958160663775,-0.0888759038809024,non_sig,0.13302548548754015
MYOM2,8p,-0.0696704285173552,-0.194855815551634,non_sig,0.12518538703427878
STAP1,4q,-0.636530040182229,-0.61507648182647,non_sig,-0.021453558355759017
STAP2,19p,-0.05458625659486975,-0.05668505643037876,non_sig,0.0020987998355090076
AP2B1,17q,-0.121928174455641,-0.010965800529178449,non_sig,-0.11096237392646255
AP4B1,1p,-0.06785457457387255,0.050934758429204044,non_sig,-0.11878933300307659
AP3B1,5q,-0.251461424702723,-0.00852332168112155,non_sig,-0.24293810302160143
AP1B1,22q,-0.09307618843446305,-0.0185763319583126,non_sig,-0.07449985647615046
AP3B2,15q,-0.358447125447677,-0.43018416766122203,non_sig,0.07173704221354504
SLC52A3,20p,-0.045658065182712294,1.0096226378382545,non_sig,-1.0552807030209668
SLC52A2,8q,-0.09890894572103305,-0.019717708626227,non_sig,-0.07919123709480605
SKAP2,7p,-0.38017212722607296,-0.413880243839149,non_sig,0.033708116613076045
PYGL,14q,-0.100308780110511,-0.0547995113151174,non_sig,-0.045509268795393604
PYGM,11q,-0.452906388891667,-0.37356770712472454,non_sig,-0.07933868176694248
PYGB,20p,-0.469049168193116,-0.1199386332880875,non_sig,-0.34911053490502847
ARFGEF2,20q,-0.44384083583551,-0.1670104775222025,non_sig,-0.2768303583133075
CYTH3,7p,-0.3419662447163815,-0.1822097061552205,non_sig,-0.15975653856116098
CYTH4,22q,-0.115169992834225,-0.5709446086928485,non_sig,0.45577461585862344
ARFGEF1,8q,-0.47182917740539,-0.1284601362543195,non_sig,-0.3433690411510705
CYTH1,17q,-0.289076878357103,-0.0117462880039048,non_sig,-0.2773305903531982
CYTH2,19q,-0.0136710916488324,0.00937919039540455,non_sig,-0.023050282044236953
TMEFF1,9q,-0.14243820792996698,-0.37376909342976905,non_sig,0.23133088549980207
TMEFF2,2q,0.072476742215416,0.353401895965685,non_sig,-0.280925153750269
RWDD2B,21q,-0.214365128065502,-0.0106694108623359,non_sig,-0.20369571720316612
CAPS,19p,-0.411487051260937,-0.5095456835900395,non_sig,0.0980586323291025
STK17A,7p,-0.24441036350715,-0.23382668815638652,non_sig,-0.010583675350763488
STK17B,2q,-0.387211764124175,-0.06325162597545281,non_sig,-0.3239601381487222
USP16,21q,-0.210135003708342,0.0450583155578671,non_sig,-0.25519331926620914
USP3,15q,-0.146078339442378,-0.0496300585609532,non_sig,-0.09644828088142479
ING1,13q,-0.146962177544287,0.0914127749798876,non_sig,-0.23837495252417462
ING4,12p,-0.141985777376092,0.0519846795711366,non_sig,-0.1939704569472286
ING5,2q,0.0477974596176235,0.0366531458959243,non_sig,0.011144313721699203
ING3,7q,-0.144668123101357,0.0624085121006169,non_sig,-0.2070766352019739
ING2,4q,0.0134397553881372,-0.00246691242660085,non_sig,0.01590666781473805
HABP2,10q,-0.223076272586549,-0.0994772289616168,non_sig,-0.1235990436249322
GZMA,5q,-1.21088250051293,-0.6510068696462935,non_sig,-0.5598756308666365
LMO7,13q,-0.1120018201382916,-0.06424159424595643,non_sig,-0.04776022589233517
LIMCH1,4p,0.1635216801514826,0.05518467500599905,non_sig,0.10833700514548356
ARSB,5q,-0.156245104373525,0.0217984207013747,non_sig,-0.1780435250748997
SGSH,17q,-0.120775658618134,0.207146885654824,non_sig,-0.32792254427295797
ARSG,17q,0.405825718616308,-0.0255586077721807,non_sig,0.4313843263884887
ARSI,5q,-0.0124234513694111,0.0557892528795008,non_sig,-0.0682127042489119
PPP2R2B,5q,-0.175607106701017,-0.002669668982842211,non_sig,-0.1729374377181748
PPP2R2A,8p,-0.40199289496456503,0.170191481971016,non_sig,-0.572184376935581
PPP2R2D,10q,-0.196084907347104,0.0626085992000894,non_sig,-0.25869350654719336
PDZD2,5p,-0.3575957717623245,-0.160472681845291,non_sig,-0.19712308991703348
IL16,15q,-0.541711082970167,-0.405017807687412,non_sig,-0.136693275282755
GPATCH8,17q,0.0208641942195379,0.019031186673166348,non_sig,0.0018330075463715532
SEMA4G,10q,-0.20383523011424048,-0.130802419666264,non_sig,-0.07303281044797649
SEMA7A,15q,0.123601194278168,-0.358583173274243,non_sig,0.482184367552411
SEMA4F,2p,-0.07724927742923446,-0.110598270139228,non_sig,0.033348992709993544
CHORDC1,11q,-0.422662447616458,0.0349653910071634,non_sig,-0.4576278386236214
ARPC5L,9q,-0.107074454945903,0.0773590170665344,non_sig,-0.1844334720124374
ARPC5,1q,-0.119702328580113,-0.0677155439752423,non_sig,-0.05198678460487069
AURKA,20q,-0.500490613924775,-0.17843665004820702,non_sig,-0.322053963876568
AURKB,17p,-0.0674564945162501,-0.041748615922521104,non_sig,-0.025707878593729
DLST,14q,-0.249708431268061,0.0525020836698314,non_sig,-0.3022105149378924
DBT,1p,0.0193149035887542,-0.0054355839313144,non_sig,0.0247504875200686
DLAT,11q,-0.26439607932762,-0.0466923756322811,non_sig,-0.2177037036953389
PDHX,11p,0.01956058984533995,0.042198404469941955,non_sig,-0.022637814624602005
PLIN2,9p,-0.322821134685781,0.1383787498766845,non_sig,-0.4611998845624655
PLIN3,19p,-0.0759295384203437,0.188872759921622,non_sig,-0.26480229834196567
PLIN1,15q,-0.585755045790127,0.15682264063651002,non_sig,-0.7425776864266371
PCED1B,12q,-0.42733030867092403,-0.05282923471195495,non_sig,-0.3745010739589691
ZSWIM8,10q,0.0225118309026358,-0.03438439408152325,non_sig,0.056896224984159055
B4GALNT3,12p,-0.450731880698627,-0.2829255745189685,non_sig,-0.16780630617965853
B4GALNT4,11p,0.245582918066526,-0.964339978004233,non_sig,1.209922896070759
EEF1G,11q,-0.140652099865609,0.018453360274129853,non_sig,-0.15910546013973886
VKORC1L1,7q,-0.310479161806276,-0.01110809586080595,non_sig,-0.29937106594547
VKORC1,16p,-0.162682950643463,0.080646134904114,non_sig,-0.24332908554757698
RXRA,9q,-0.343672842078299,-0.0109798045577191,non_sig,-0.33269303752057994
NR2F1,5q,-0.27233675895298,-0.06333083183586645,non_sig,-0.20900592711711352
RXRB,6p,-0.234429728271389,-0.008046692015953,non_sig,-0.226383036255436
NR2F6,19p,0.0050260295962696,-0.0559506893270883,non_sig,0.060976718923357896
NR2F2,15q,0.0630513657295121,-0.07874628252498705,non_sig,0.14179764825449914
NR2C2,3p,-0.0555447165274654,0.0161801345215899,non_sig,-0.0717248510490553
NR2C1,12q,-0.216402347157656,0.03543193591340805,non_sig,-0.25183428307106404
HNF4A,20q,0.324153657695284,-0.5833806151064655,non_sig,0.9075342728017495
RXRG,1q,0.03066654182492265,-0.2221045904613865,non_sig,0.25277113228630915
LAMC1,1q,0.160224000984167,0.117055214642679,non_sig,0.043168786341488005
BBOX1,11p,-0.477481121998613,-0.592840235814349,non_sig,0.11535911381573599
CAPN1,11q,-0.340959813392437,-0.121362593553314,non_sig,-0.21959721983912298
SRI,7q,-0.522634139621498,-0.153495515608066,non_sig,-0.36913862401343195
GCA,2q,-0.179444438572607,-0.0193624315229404,non_sig,-0.1600820070496666
PEF1,1p,-0.0630355412520793,-0.02987293328860125,non_sig,-0.03316260796347805
CAPNS1,19q,-0.0154812048526309,-0.0407865057991307,non_sig,0.025305300946499798
PDCD6,5p,-0.350846860476421,-0.135172470075391,non_sig,-0.21567439040103
CAPN8,1q,0.08478324877677926,-0.0388630228873649,non_sig,0.12364627166414416
PANX2,22q,-0.354570717182785,-0.0059256345877571,non_sig,-0.3486450825950279
PANX1,11q,-0.11941620666894451,-0.07353779197253145,non_sig,-0.04587841469641306
PBX3,9q,-0.1082753291639485,-0.175435680002668,non_sig,0.06716035083871949
PBX1,1q,-0.1730200936151175,-0.171211659364192,non_sig,-0.0018084342509255003
PBX2,6p,-0.23999427807964702,-0.07182802520030235,non_sig,-0.16816625287934467
DYNC1LI2,16q,-0.0464206335455195,0.1321535672829785,non_sig,-0.178574200828498
DYNC1LI1,3p,-0.227134643510513,0.08202362768734975,non_sig,-0.30915827119786277
RPS6KC1,1q,-0.0515055724676758,0.011751314704629,non_sig,-0.0632568871723048
SPRYD3,12q,-0.0281839138101332,-0.01259934614988355,non_sig,-0.01558456766024965
RANBP9,6p,-0.18998888506657602,0.001033590304971,non_sig,-0.191022475371547
RANBP10,16q,-0.155362418969437,0.04944654410338345,non_sig,-0.20480896307282045
MAP3K7,6q,-0.1445879839187135,0.0870648962526949,non_sig,-0.2316528801714084
VEGFA,6p,0.2736585953414255,-0.05356205515372825,non_sig,0.32722065049515375
CETN3,5q,-0.139254717189789,0.0450912260834433,non_sig,-0.18434594327323228
CALML4,15q,-0.892109326512959,-0.708559038685719,non_sig,-0.18355028782724003
CALM2,2p,-0.143679943267335,-0.05000055733371535,non_sig,-0.09367938593361964
CALML3,10p,-0.142214236811549,-0.0535824824619015,non_sig,-0.08863175434964748
FAM50B,6p,-0.0207041234246999,0.168640879352422,non_sig,-0.1893450027771219
SRPK2,7q,-0.29673369158052,-0.1058530748825095,non_sig,-0.19088061669801049
SRPK1,6p,-0.2026745859488705,0.00720327205792135,non_sig,-0.20987785800679185
COL6A2,21q,-0.595949830253339,-0.487224991794537,non_sig,-0.10872483845880204
EIF2B2,14q,-0.05808766994255165,-0.03655118888198065,non_sig,-0.021536481060571003
EIF2B1,12q,-0.2161786766504165,-0.03964729975069185,non_sig,-0.17653137689972465
EIF2B4,2p,-0.139279542134087,-0.0423596486723737,non_sig,-0.0969198934617133
HGF,7q,-0.326027829547892,-0.297153811009881,non_sig,-0.028874018538011026
PCLO,7q,-0.375029098335792,-0.1971852809366505,non_sig,-0.1778438173991415
BSN,3p,-0.191905446531845,-0.0107633000424794,non_sig,-0.18114214648936558
PLXNB2,22q,0.1499114407946625,0.0421280433874658,non_sig,0.10778339740719671
PLXNB1,3p,0.19549552250942,0.0005556258296565001,non_sig,0.19493989667976352
PLXND1,3q,-0.268317891138708,-0.059768308529944345,non_sig,-0.20854958260876366
PLXNC1,12q,-0.391151488476113,-0.5016304293106325,non_sig,0.11047894083451953
PLXNA1,3q,0.084502852816921,-0.147539463498849,non_sig,0.23204231631577
PLXNA2,1q,-0.370924437405897,-0.08167746860920015,non_sig,-0.2892469687966968
PLXNA4,7q,-0.391676162699251,0.0093616842069827,non_sig,-0.4010378469062337
DLX1,2q,-0.217892050791591,-0.36364706917594347,non_sig,0.14575501838435248
HTRA1,10q,-0.333615785641181,-0.33526295340478496,non_sig,0.0016471677636039628
HTRA3,4p,-0.631301123401159,0.0792432159130376,non_sig,-0.7105443393141966
HTRA2,2p,-0.106084440456338,-0.00317050590628645,non_sig,-0.10291393455005154
ALG10,12p,0.0022853710028785997,-0.11407060043676201,non_sig,0.1163559714396406
LIG3,17q,-0.283314538891752,-0.06394063786894766,non_sig,-0.21937390102280435
LIG1,19q,-0.403859350202624,-0.05375337711716065,non_sig,-0.3501059730854633
JMY,5q,-0.197611221433654,-0.0921439670986721,non_sig,-0.1054672543349819
WHAMM,15q,-0.262297529518623,0.0343085891364357,non_sig,-0.2966061186550587
ACYP1,14q,-0.293839318389584,-0.0456016022512418,non_sig,-0.2482377161383422
ACYP2,2p,-0.163056141766559,-0.04558848078106775,non_sig,-0.11746766098549125
CSTB,21q,-0.374241587787288,-0.0788936582865207,non_sig,-0.29534792950076727
SHMT2,12q,-0.08033807090605385,-0.07586197028128361,non_sig,-0.004476100624770246
SHMT1,17p,-0.257976169625525,-0.10071315442823164,non_sig,-0.15726301519729335
LPCAT2,16q,-0.109045606361202,-0.308108482872594,non_sig,0.199062876511392
LPCAT4,15q,0.0038836623322066,-0.008980787564803368,non_sig,0.012864449897009968
LPCAT1,5p,-0.3236213465583765,-0.263272905905817,non_sig,-0.06034844065255951
PDCL,9q,-0.29987360709074,-0.0332150519639599,non_sig,-0.2666585551267801
PDCL3,2q,-0.184629451086567,-0.012230231575956,non_sig,-0.172399219510611
PDC,1q,-1.0963161768221215,-0.40553068244637247,non_sig,-0.690785494375749
RUNX1,21q,-0.163985085104915,-0.0627467616457974,non_sig,-0.1012383234591176
RUNX2,6p,-0.0235247470060496,-0.0746482117731697,non_sig,0.0511234647671201
RUNX3,1p,-0.281701631315001,-0.182891298861139,non_sig,-0.09881033245386198
TMED10,14q,-0.0517425400727823,0.0646022052224519,non_sig,-0.1163447452952342
TMED4,7p,-0.4475859478413725,0.0042491230165759,non_sig,-0.4518350708579484
TMED9,5q,0.0822983511178105,0.0470578553869398,non_sig,0.0352404957308707
MUC5B,11p,-0.3644510918141185,-0.1556736031766005,non_sig,-0.208777488637518
MUC6,11p,-0.610255004893797,-0.37841688318566846,non_sig,-0.23183812170812856
MUC2,11p,-0.367703492871431,-0.474786138159749,non_sig,0.10708264528831801
MUC5AC,11p,-0.538450890319199,-0.549228150503854,non_sig,0.010777260184654969
ROR2,9q,-0.14067711224888,-0.453725961822856,non_sig,0.31304884957397605
ROR1,1p,-0.121113025166014,-0.08863349280989555,non_sig,-0.032479532356118446
EPHA2,1p,-0.134734175691633,0.15233491394974302,non_sig,-0.287069089641376
EPHA5,4q,-0.09899124430905534,-0.07429052885040191,non_sig,-0.024700715458653433
EPHB2,1p,0.271738430600308,0.0502577146081626,non_sig,0.22148071599214542
EPHA4,2q,-0.298306506092577,-0.15173830169087948,non_sig,-0.1465682044016975
EPHB1,3q,-0.450756013814323,-0.0707503095555808,non_sig,-0.3800057042587422
EPHA7,6q,-0.2287473524745445,-0.1960484696643355,non_sig,-0.032698882810208996
EPHB3,3q,0.170731125877022,-0.1289077674242415,non_sig,0.2996388933012635
EPHA3,3p,-0.609443625324681,-0.319571160246467,non_sig,-0.289872465078214
EPHA8,1p,0.6456537370168596,-0.43280078022521445,non_sig,1.078454517242074
MORF4L1,15q,-0.122228951608799,-0.0557248891915956,non_sig,-0.0665040624172034
FHOD3,18q,-0.0965555551734159,0.247799720605983,non_sig,-0.3443552757793989
FHOD1,16q,-0.339617597813918,-0.147784555536679,non_sig,-0.191833042277239
MECR,1p,0.125633920641643,-0.053527073916317655,non_sig,0.17916099455796064
CISD2,4q,-0.1044951321230515,0.02194317603805495,non_sig,-0.12643830816110646
CISD3,17q,-0.170226933727799,0.0083589215937731,non_sig,-0.17858585532157212
CISD1,10q,-0.0646742851193258,-0.08505195377542975,non_sig,0.02037766865610395
ACACB,12q,-0.26291388310643,-0.0869573615919907,non_sig,-0.1759565215144393
TNFRSF13C,22q,-1.06473719627263,-0.652892242063523,non_sig,-0.41184495420910694
TNFRSF17,16p,-1.186183254957395,-0.818598065137811,non_sig,-0.367585189819584
CNIH1,14q,-0.3372229874502035,0.120039393867446,non_sig,-0.4572623813176495
CNIH4,1q,-0.08171992299562625,-0.0257574953521822,non_sig,-0.05596242764344405
NRXN1,2p,-1.68344856571786,-0.29958967221554533,non_sig,-1.3838588935023146
CNTNAP2,7q,0.19367706672810903,-0.342832174607337,non_sig,0.536509241335446
CNTNAP1,17q,-0.425329338524985,-0.1264583893442915,non_sig,-0.2988709491806935
CNTNAP3B,9p,0.0034726329952248,-0.516143187598154,non_sig,0.5196158205933789
CNTNAP3,9p,-0.161681928301246,-0.268288193853193,non_sig,0.10660626555194702
NAGA,22q,-0.10697856604045675,0.0574144797553309,non_sig,-0.16439304579578765
CKMT2,5q,0.0686495373831093,-0.454957769362299,non_sig,0.5236073067454083
CKMT1A,15q,-0.0679527326381939,-0.7862154393962295,non_sig,0.7182627067580356
CKM,19q,-0.425119627816317,-0.452774120875203,non_sig,0.02765449305888601
CKB,14q,-0.881934477566261,-0.703221175877096,non_sig,-0.178713301689165
SLC5A3,21q,-0.177260056057281,-0.0910026502959572,non_sig,-0.08625740576132382
SLC5A1,22q,-0.510937472237745,-0.321316451289234,non_sig,-0.18962102094851102
CAMSAP1,9q,-0.255467655515237,0.073082874750069,non_sig,-0.328550530265306
CAMSAP2,1q,-0.108373139093219,-0.0131339343606698,non_sig,-0.0952392047325492
CAMSAP3,19p,0.0234808602200848,0.00837562012049745,non_sig,0.01510524009958735
SAMD4A,14q,-0.243943914773645,0.0505702403101318,non_sig,-0.29451415508377676
SAMD4B,19q,-0.124242302902103,-0.05037885703341845,non_sig,-0.07386344586868455
PLEKHJ1,19p,-0.037503803943404246,0.037796538159615,non_sig,-0.07530034210301925
MOCS3,20q,-0.45750543413248,-0.1591382343295,non_sig,-0.29836719980298
UBA5,3q,-0.341889473518051,-0.03298758603776055,non_sig,-0.30890188748029046
AFG3L2,18p,-0.28121367298176,0.030207995329203048,non_sig,-0.311421668310963
SPG7,16q,-0.131648210669651,0.0033560734995631,non_sig,-0.1350042841692141
YME1L1,10p,-0.0377286692960801,0.0036972138067656,non_sig,-0.0414258831028457
HSPB2,11q,0.0285238477761394,-0.4205979517751105,non_sig,0.4491217995512499
HSPB7,1p,-0.520791714114647,-0.0790704566462325,non_sig,-0.4417212574684145
HSPB8,12q,-0.185967277007957,-0.5028957373820655,non_sig,0.3169284603741085
CRYAB,11q,-0.532532487336323,-0.568163765377731,non_sig,0.03563127804140798
HSPB6,19q,-0.519348316404166,-0.6113509368008095,non_sig,0.09200262039664353
HSPB1,7q,-0.252127702335383,-0.156314610153605,non_sig,-0.095813092181778
CRNKL1,20p,-0.213626573639718,-0.0311587116900624,non_sig,-0.18246786194965559
XAB2,19p,-0.0495344801578665,-0.0432156992893903,non_sig,-0.006318780868476204
ALOX5AP,13q,-0.7515072700631675,-0.603722965098588,non_sig,-0.1477843049645795
MGST2,4q,-0.02897237869710845,-0.0050373172775319,non_sig,-0.02393506141957655
PTPN3,9q,-0.0079497450728254,-0.0375398624309206,non_sig,0.0295901173580952
PRMT2,21q,-0.0204620305358921,-0.148500162266954,non_sig,0.1280381317310619
PRMT1,19q,-0.231742563508924,-0.0494480215854678,non_sig,-0.1822945419234562
PRMT6,1p,-0.1689085939312995,0.0401655499473162,non_sig,-0.2090741438786157
CARM1,19p,-0.251317980608905,0.107809843022425,non_sig,-0.35912782363133
PRMT3,11p,-0.442609389575646,-0.0771481475822777,non_sig,-0.36546124199336827
USP12,13q,-0.0966965790827974,-0.011066972349408,non_sig,-0.0856296067333894
USP46,4q,-0.0579578476850556,0.0338055612203556,non_sig,-0.09176340890541121
ACADSB,10q,-0.279797741448732,0.0779282622835451,non_sig,-0.3577260037322771
IVD,15q,0.0811998044490911,0.114676028512133,non_sig,-0.033476224063041904
ACADS,12q,-0.09525738175650265,-0.09705958096700415,non_sig,0.0018021992105014956
GCDH,19p,-0.17003272979753,0.134956632679644,non_sig,-0.304989362477174
ACAD8,11q,-0.314865299444416,-0.0249200611069188,non_sig,-0.2899452383374972
ACADVL,17p,-0.176103371019587,0.06644252664014594,non_sig,-0.24254589765973295
ACADM,1p,-0.39039975248379,-0.0040755067101356,non_sig,-0.3863242457736544
ACAD9,3q,-0.27527838316296,-0.07941684648996694,non_sig,-0.19586153667299305
ACADL,2q,-0.1463353265344706,-0.40498251066769797,non_sig,0.2586471841332274
KDM1B,6p,-0.23404903822325301,-0.09685337153722755,non_sig,-0.13719566668602545
KDM1A,1p,-0.049769169439434,-0.0776924216738876,non_sig,0.027923252234453598
GTF3A,13q,-0.421905907340659,0.00032151471914955,non_sig,-0.42222742205980857
ZNF324,19q,-0.345230643549229,-0.0025022385768056496,non_sig,-0.34272840497242335
MCM5,22q,-0.08441473332104549,-0.1347292279783385,non_sig,0.05031449465729301
MCM6,2q,-0.0973647647373561,-0.0737231789568779,non_sig,-0.023641585780478203
MCM2,3q,-0.199466408209609,-0.0826746740670643,non_sig,-0.1167917341425447
MCM3,6p,-0.09873206954488334,-0.016154849321440047,non_sig,-0.0825772202234433
MCM7,7q,0.0498332786509482,-0.03397543602964085,non_sig,0.08380871468058905
MCM8,20p,-0.095702152057194,-0.0556666284799793,non_sig,-0.040035523577214696
MCM4,8q,0.0821231643328887,-0.061615531030928344,non_sig,0.14373869536381706
MCM9,6q,-0.0630245617597757,-0.118952179629142,non_sig,0.0559276178693663
XPNPEP1,10q,-0.320824747732756,0.0656114714551438,non_sig,-0.3864362191878998
FARP1,13q,-0.126880526226995,0.079975371698252,non_sig,-0.206855897925247
FARP2,2q,-0.025640213459507996,-0.006705405905709801,non_sig,-0.018934807553798196
TGFB1,19q,-0.20771515607561247,-0.0929220852489861,non_sig,-0.11479307082662638
TGFB2,1q,0.422281186787589,-0.378541356431584,non_sig,0.800822543219173
ELANE,19p,-0.1282146606035555,-0.29217089187053147,non_sig,0.16395623126697598
PRTN3,19p,-0.3060958574925625,-0.399528733337985,non_sig,0.09343287584542248
TXNDC5,6p,-0.3152007329602355,0.02931544862852445,non_sig,-0.34451618158875996
PDIA3,15q,-0.07425784314935685,0.09985293868332082,non_sig,-0.17411078183267767
PDIA2,16p,-0.825890188774212,-0.400426378217731,non_sig,-0.425463810556481
RIN2,20p,-0.3257652997657625,-0.4196658722475255,non_sig,0.09390057248176298
RINL,19q,-0.187384954193272,-0.208727130742123,non_sig,0.02134217654885101
RIN1,11q,0.2214853005428325,0.0048275580458331,non_sig,0.2166577424969994
RIN3,14q,-0.377732973300686,-0.057493776154826,non_sig,-0.32023919714586
SETBP1,18q,-0.0688066724986125,-0.043108177917434,non_sig,-0.025698494581178496
ASH1L,1q,-0.130863672980487,-0.0235005866976258,non_sig,-0.1073630862828612
RNF24,20p,-0.8709950700077065,-0.422970574837062,non_sig,-0.44802449517064447
GOLPH3,5p,-0.401350605395652,-0.0697938598171004,non_sig,-0.3315567455785516
GOLPH3L,1q,-0.204349666026991,0.0066316945176865,non_sig,-0.2109813605446775
PAPSS1,4q,-0.328127431838547,0.09252885654247056,non_sig,-0.42065628838101754
PAPSS2,10q,-0.22420431530854,-0.3611707645251725,non_sig,0.1369664492166325
HMOX1,22q,-0.28875000252825,-0.1157151651427975,non_sig,-0.1730348373854525
HMOX2,16p,-0.162431638265387,0.14952498365129452,non_sig,-0.3119566219166815
UBE3A,15q,-0.271000690840393,0.036243444538860095,non_sig,-0.3072441353792531
HACE1,6q,-0.19705641482423802,-0.188983385724719,non_sig,-0.008073029099519013
NSFL1C,20p,-0.537113726263208,0.011253662817828799,non_sig,-0.5483673890810368
UBXN2B,8q,-0.253059838447962,-0.0338499208395967,non_sig,-0.21920991760836528
UBXN2A,2p,0.10124122324781,0.01017039839032075,non_sig,0.09107082485748925
PDZRN3,3p,-0.723631339564477,-0.511815683021671,non_sig,-0.21181565654280599
CALCB,11p,2.00130065782829,-0.704270044481409,non_sig,2.705570702309699
CALCA,11p,-0.49968954606912297,-0.6501306138012175,non_sig,0.15044106773209454
GPBP1,5q,-0.08996140567155436,0.0527274948259142,non_sig,-0.14268890049746857
GPBP1L1,1p,-0.06325729341052186,0.08924176615864646,non_sig,-0.15249905956916832
COPS4,4q,-0.08115809255076731,0.08189668204154694,non_sig,-0.16305477459231427
PSMD12,17q,-0.0423452764441291,-0.02277897286517855,non_sig,-0.019566303578950554
THAP1,8p,-0.237536533329673,0.2196212962996505,non_sig,-0.4571578296293235
SLC16A6,17q,-0.653489111051712,-0.469491380055266,non_sig,-0.183997730996446
SLC16A4,1p,0.035148236531544,-0.365558315802979,non_sig,0.400706552334523
SLC16A1,1p,-0.20087068390031,0.00132286601061465,non_sig,-0.20219354991092464
ERVW-1,7q,-0.198565973845371,-0.46385181671403,non_sig,0.26528584286865897
SYCE1,10q,-0.1577474475978175,-0.524787138533535,non_sig,0.3670396909357175
ANO10,3p,-0.0857126992810909,-0.05040108849321065,non_sig,-0.035311610787880254
ANO9,11p,-0.0747999555443057,-0.0900622777102084,non_sig,0.015262322165902703
ANO2,12p,0.10370539801409355,-0.0363816081987912,non_sig,0.14008700621288475
ANO1,11q,-0.5528514155585367,-0.7354297319937939,non_sig,0.18257831643525724
ANO6,12q,-0.09487273674406921,0.096972271747331,non_sig,-0.1918450084914002
SLC18B1,6q,-0.276409387630573,0.23312390065882,non_sig,-0.509533288289393
EHMT1,9q,-0.174627402082207,-0.0293612322071356,non_sig,-0.1452661698750714
EHMT2,6p,-0.0437266961192955,-0.0468034758304179,non_sig,0.003076779711122399
SUV39H2,10p,-0.26657395737434,0.015174467280644349,non_sig,-0.28174842465498434
STMN1,1p,-0.433209471117121,-0.119036459807589,non_sig,-0.314173011309532
STMN3,20q,-0.029545716954922648,-0.185941442261053,non_sig,0.15639572530613036
STMN2,8q,-0.446131391612857,-0.111388820246568,non_sig,-0.334742571366289
ARHGEF38,4q,-0.057733286107083545,0.08409627378098025,non_sig,-0.14182955988806378
DNMBP,10q,-0.308544360543736,-0.0549278123436954,non_sig,-0.25361654820004065
ARHGEF37,5q,-0.0039806503591711,-0.10119266209206379,non_sig,0.09721201173289269
PPP1R12A,12q,-0.1116250226810063,0.030011432490557974,non_sig,-0.14163645517156426
PPP1R12B,1q,-0.0970790708645566,-0.101041372758848,non_sig,0.003962301894291406
PPP1R27,17q,-0.9172022490447731,-0.279326222479998,non_sig,-0.6378760265647752
PPP1R12C,19q,-0.1657291220658055,0.057775344356701896,non_sig,-0.2235044664225074
GFOD1,6p,-0.1194128344976335,-0.05689666504666335,non_sig,-0.06251616945097015
GFOD2,16q,-0.176480463214953,0.022884886292975352,non_sig,-0.19936534950792836
NRSN2,20p,-0.297357907717342,0.174863806583424,non_sig,-0.472221714300766
HBEGF,5q,-0.148061480734214,-0.233451235642345,non_sig,0.085389754908131
EREG,4q,-0.228720318992845,-0.692539164435987,non_sig,0.46381884544314195
TGFA,2p,0.0057047475738713,-0.200859583453092,non_sig,0.20656433102696328
PEX1,7q,-0.378046683660899,-0.1159654913278025,non_sig,-0.2620811923330965
VCP,9p,-0.0463101379970172,0.0634140777774188,non_sig,-0.109724215774436
NVL,1q,-0.0522448211684942,-0.130685407405745,non_sig,0.0784405862372508
PEX6,6p,-0.00186190067259935,0.00835463167109835,non_sig,-0.0102165323436977
TLR3,4q,0.12388391359528,-0.3345923226223495,non_sig,0.4584762362176295
MSH3,5q,-0.145843977920704,0.030833193517734003,non_sig,-0.176677171438438
MSH6,2p,-0.312322832022776,-0.10854324771982951,non_sig,-0.2037795843029465
ARID3A,19p,-0.384437323530729,-0.2477896943579165,non_sig,-0.1366476291728125
ARID3B,15q,-0.291094490534087,-0.1277784985157165,non_sig,-0.1633159920183705
ATRNL1,10q,1.08619043024992,-0.263577415655422,non_sig,1.349767845905342
ATRN,20p,-0.292326757917198,-0.0451420283570535,non_sig,-0.24718472956014448
PLD4,14q,-0.405323678119478,-0.452711213666159,non_sig,0.047387535546681014
PLD3,19q,-0.270633811472478,-0.0504798739173664,non_sig,-0.2201539375551116
SBNO2,19p,0.014145208419892745,-0.0028347153112386,non_sig,0.016979923731131344
SBNO1,12q,-0.16279069395878398,-0.05495618480670735,non_sig,-0.10783450915207662
MON1B,16q,-0.2184495913149665,-0.0703722907175391,non_sig,-0.1480773005974274
MON1A,3p,-0.12771313923161,0.057415888604731694,non_sig,-0.18512902783634172
SERGEF,11p,-0.28133846436036947,-1.31469407204654e-05,non_sig,-0.281325317419649
RCC2,1p,-0.171083405960344,-0.1123353774224595,non_sig,-0.058748028537884495
RBM38,20q,0.23522291296599648,-0.134889154991203,non_sig,0.3701120679571995
MAST2,1p,-0.0327692767438776,-0.02431668185206605,non_sig,-0.008452594891811549
BUB3,10q,0.0031698145372609,0.04808519907342265,non_sig,-0.04491538453616175
RAE1,20q,0.2411456783113695,-0.0478891833713191,non_sig,0.2890348616826886
CXCL6,4q,0.015090709025766202,-0.198797878665753,non_sig,0.2138885876915192
CXCL1,4q,-0.19438620557394748,-0.48057768954641555,non_sig,0.2861914839724681
PF4,4q,-0.776994148481072,-0.529599680482878,non_sig,-0.24739446799819398
CXCL3,4q,-0.1647919017455675,-0.0003217346876105,non_sig,-0.164470167057957
CXCL13,4q,-0.579192358329322,-0.630915236009501,non_sig,0.051722877680178914
CXCL5,4q,-0.447011226498181,-0.349634360509806,non_sig,-0.09737686598837497
MTG2,20q,-0.5831774762045835,-0.0834077546753335,non_sig,-0.49976972152925
GTPBP10,7q,-0.273062260748956,-0.0641047894837694,non_sig,-0.2089574712651866
CD180,5q,-0.355352129368241,-0.579170412130347,non_sig,0.22381828276210602
LRRC32,11q,-0.3485789687939205,-0.6502737950283479,non_sig,0.30169482623442745
SOX4,6p,-0.38183873604395546,0.205027345984034,non_sig,-0.5868660820279894
TRAM1,8q,-0.432142198072987,-0.197260988085589,non_sig,-0.23488120998739798
TRAM2,6p,-0.09596098779205084,-0.368271286662295,non_sig,0.27231029887024416
C2CD4C,19p,-0.0680215969300297,0.22861791118948852,non_sig,-0.2966395081195182
RALGPS2,1q,0.056151322896576754,-0.161856593530994,non_sig,0.21800791642757075
PPA2,4q,-0.00916835405488305,0.11767008616861599,non_sig,-0.12683844022349905
PPA1,10q,-0.291081558644576,0.0798275152214459,non_sig,-0.3709090738660219
CNN2,19p,-0.00995204344506115,0.0630433146901979,non_sig,-0.07299535813525905
TAGLN2,1q,-0.0872217235401383,-0.107941044630399,non_sig,0.0207193210902607
TAGLN3,3q,-0.0157572611109665,-0.484827029121607,non_sig,0.46906976801064054
CNN3,1p,-0.388696702243234,-0.05157715666722045,non_sig,-0.33711954557601354
CNN1,19p,-0.8864414519404116,-0.753761626918937,non_sig,-0.13267982502147457
TAGLN,11q,-0.8140381340884875,-0.7969106277103291,non_sig,-0.017127506378158408
AOC1,7q,-0.1152567922699049,-0.2746006825542325,non_sig,0.15934389028432758
FOXG1,14q,-0.760556248788286,-0.6764528577089735,non_sig,-0.08410339107931253
TCERG1,5q,-0.0106462350129155,0.0189598902302045,non_sig,-0.02960612524312
ZCCHC14,16q,-0.0747096362547666,0.15770797533854,non_sig,-0.2324176115933066
ZCCHC2,18q,-0.0958104771300561,0.1286972842558215,non_sig,-0.22450776138587758
CDKAL1,6p,-0.26164107868423647,-0.0146295970002197,non_sig,-0.24701148168401676
CDK5RAP1,20q,-0.287711324396563,-0.164605467273064,non_sig,-0.123105857123499
PICK1,22q,-0.0025237728154469,-0.03673862084314255,non_sig,0.03421484802769565
ARFIP2,11p,-0.2220754375734515,-0.0487166458940376,non_sig,-0.1733587916794139
G6PC3,17q,-0.0824869806671,0.143472552561577,non_sig,-0.225959533228677
DCDC2,6p,-0.474450500424229,-0.5471243971721931,non_sig,0.0726738967479641
CAMK4,5q,-0.51813341821616,-0.354510388430202,non_sig,-0.163623029785958
MAPKAPK2,1q,-0.34024180004443,-0.0992176092254206,non_sig,-0.2410241908190094
MKNK2,19p,-0.236099549929456,0.0685994100009961,non_sig,-0.3046989599304521
MKNK1,1p,-0.322924763892805,-0.020453811420719448,non_sig,-0.30247095247208555
MAPKAPK3,3p,-0.418963056779486,0.0051738446559260005,non_sig,-0.424136901435412
MAPKAPK5,12q,-0.41235660867115,-0.0183671119033807,non_sig,-0.3939894967677693
PRDM8,4q,-0.186752058570786,-0.0520626256650922,non_sig,-0.1346894329056938
ID4,6p,-1.1935652412551456,-0.589544549303597,non_sig,-0.6040206919515486
ID1,20q,-0.350220108575546,-0.103219483211096,non_sig,-0.24700062536444997
ID3,1p,-0.15419868591437,-0.17741060337883152,non_sig,0.023211917464461523
RGS10,10q,-0.216431229117919,-0.02277124719542195,non_sig,-0.19365998192249706
RGS20,8q,-0.05707268031557995,-0.0151809088743821,non_sig,-0.04189177144119785
RGS17,6q,-0.455757377036513,-0.248060093749027,non_sig,-0.207697283287486
RGS14,5q,-0.6001502820273346,-0.5364533014728236,non_sig,-0.063696980554511
RGS18,1q,-1.228070468993665,-0.704822067500526,non_sig,-0.523248401493139
RGS12,4p,-0.12459792810232814,0.0986211046307508,non_sig,-0.22321903273307894
BECN1,17q,-0.207419790375132,0.0338390562495233,non_sig,-0.2412588466246553
WNT7A,3p,-0.393941206839979,-0.544530420459548,non_sig,0.150589213619569
WNT11,11q,-0.4937532253031315,-0.408273499115239,non_sig,-0.08547972618789246
WNT5A,3p,-0.325546820430069,-0.45598371268855,non_sig,0.13043689225848099
WNT5B,12p,-0.249989444366992,-0.241441542577688,non_sig,-0.008547901789304008
WNT10A,2q,-0.1555490931824103,-0.020013207016121703,non_sig,-0.13553588616628862
WNT7B,22q,0.32328354409308285,0.0427729383010276,non_sig,0.2805106057920552
PAPPA,9q,-0.166727338334496,-0.233503290434593,non_sig,0.06677595210009701
PAPPA2,1q,0.468772079176716,-0.0513594168924368,non_sig,0.5201314960691528
PALM,19p,0.04358297811081665,-0.410112789051446,non_sig,0.4536957671622626
PALMD,1p,-0.7863750864305894,-0.753934466056689,non_sig,-0.032440620373900386
KIF13A,6p,-0.04225222447300745,-0.0231417564967192,non_sig,-0.01911046797628825
KIF1A,2q,-0.193923900318322,-0.13831478481193,non_sig,-0.055609115506392
KIF13B,8p,-0.2630923559788315,0.0206139033593171,non_sig,-0.28370625933814864
KIF1C,17p,-0.0702049882093568,0.154359687075979,non_sig,-0.2245646752853358
KIF1B,1p,-0.1308327382787765,-0.040046872829211745,non_sig,-0.09078586544956477
KIF16B,20p,-0.21556966527630325,-0.058319593002255296,non_sig,-0.15725007227404797
KIF14,1q,0.0662427946022775,-0.0502754201619147,non_sig,0.11651821476419219
VAX1,10q,-0.4786559070545,-0.570228714648507,non_sig,0.09157280759400699
EMX2,10q,-1.434232781393845,-0.104736145926394,non_sig,-1.329496635467451
ZNF143,11p,0.0073039624894263005,-0.00821970756434465,non_sig,0.015523670053770951
ZNF76,6p,-0.0123282288186526,-0.0399410028759424,non_sig,0.027612774057289798
OLFML2A,9q,-0.300572171605421,-0.452970649514823,non_sig,0.15239847790940203
MYOC,1q,0.2200308244188496,-0.104535459339236,non_sig,0.3245662837580856
OLFML3,1p,-0.45593025917704,-0.568572490800973,non_sig,0.11264223162393305
OLFML2B,1q,0.881873492045483,-0.526148022720748,non_sig,1.4080215147662312
CHL1,3p,-0.326555757442173,-0.1477019728062445,non_sig,-0.17885378463592852
CNTN6,3p,0.158564007980696,-0.814713255394501,non_sig,0.973277263375197
NFASC,1q,-0.2545013072381735,-0.4109720453256505,non_sig,0.15647073808747702
CNTN5,11q,-0.16438805656896457,-0.502897176131502,non_sig,0.3385091195625374
CNTN1,12q,-0.3176122393501165,-0.5586901496065404,non_sig,0.2410779102564239
NRCAM,7q,-0.668461742453162,-0.598021044334963,non_sig,-0.07044069811819909
ADD3,10q,-0.244060085244453,-0.0167070664514141,non_sig,-0.2273530187930389
ADD2,2p,-0.386955860243308,-0.54944956648956,non_sig,0.16249370624625198
ADD1,4p,0.011650007444234497,0.005368364528889,non_sig,0.006281642915345497
BAIAP2L2,22q,-0.355487111090536,-0.294838034202287,non_sig,-0.060649076888249
BAIAP2L1,7q,0.236296683163091,0.20026927942377198,non_sig,0.03602740373931901
BAIAP2,17q,0.0955912658595445,0.02252058197797599,non_sig,0.07307068388156851
STARD4,5q,0.031875901702581,-0.0642124368875782,non_sig,0.0960883385901592
STARD5,15q,-0.418311091848436,-0.10420051059731256,non_sig,-0.31411058125112346
UBA6,4q,-0.2159410497836875,0.10498148944128499,non_sig,-0.3209225392249725
UBA7,3p,-0.357281494579471,-0.22195716616996852,non_sig,-0.13532432840950248
IGFBP6,12q,0.1510296418869455,-0.37036256555046154,non_sig,0.5213922074374071
IGFBP4,17q,0.0527191543575643,-0.0791833917095139,non_sig,0.13190254606707819
IGFBP1,7p,-0.355819105847167,-0.345497225172679,non_sig,-0.010321880674488026
IGFBP5,2q,-0.27573147386149355,-0.652561421214336,non_sig,0.3768299473528425
IGFBP2,2q,-0.262662009734859,-0.295584166000104,non_sig,0.03292215626524503
IGFBP3,7p,-0.9030859117505641,-0.660190120392616,non_sig,-0.24289579135794803
KLHL9,9p,-0.12068377727922365,0.03150233240096035,non_sig,-0.152186109680184
KLHL5,4p,-0.0800044538103208,0.0326976342036258,non_sig,-0.1127020880139466
KLHL8,4q,-0.143578266711639,0.2066318308729505,non_sig,-0.35021009758458954
KLHL12,1q,-0.182942251965383,0.04537455066854415,non_sig,-0.22831680263392715
KLHL20,1q,-0.09151343605234505,-0.0889026017225106,non_sig,-0.002610834329834444
KLHL21,1p,0.0144772267253554,0.043419326254548606,non_sig,-0.028942099529193206
KEAP1,19p,-0.302166674270613,0.0652567991568806,non_sig,-0.3674234734274936
KLHL18,3p,-0.01014219187697335,-0.0773490906313747,non_sig,0.06720689875440135
WNK4,17q,0.1622066447713813,-0.164635722690023,non_sig,0.32684236746140427
WNK1,12p,-0.345369401504113,-0.0220749669045223,non_sig,-0.3232944345995907
WNK2,9q,-0.577132048766072,-0.0647897797593456,non_sig,-0.5123422690067264
ZNF280D,15q,-0.170601977826702,0.08607594173915639,non_sig,-0.2566779195658584
OSGEP,14q,-0.195396250458418,-0.0123111116487152,non_sig,-0.18308513880970279
OSGEPL1,2q,-0.133633823803325,-0.0334451865815312,non_sig,-0.1001886372217938
SDF2L1,22q,-0.18760603738188247,0.1173873294322095,non_sig,-0.30499336681409195
SDF2,17q,0.147861923402437,0.118028267587276,non_sig,0.02983365581516101
POMT1,9q,0.01658329749621435,-0.047030274803688044,non_sig,0.06361357229990239
PPIL2,22q,-0.09011986216757656,-0.0269034262187453,non_sig,-0.06321643594883125
PPIL3,2q,-0.232304833602463,0.0073816855302207,non_sig,-0.2396865191326837
PPIL1,6p,-0.22724572646660002,0.033885235131567146,non_sig,-0.2611309615981672
PPIC,5q,0.228173924667912,0.1331593377487305,non_sig,0.09501458691918149
PPIF,10q,-0.231045394535571,0.05649254120868255,non_sig,-0.28753793574425357
PPWD1,5q,-0.114963667880022,-0.0470195098147885,non_sig,-0.0679441580652335
PPIB,15q,-0.167273062494892,0.0722578510166302,non_sig,-0.23953091351152217
PPIH,1p,-0.127904461250171,-0.02596147231233025,non_sig,-0.10194298893784073
PPIA,7p,-0.26471267203224746,-0.16891255938719452,non_sig,-0.09580011264505295
LUC7L3,17q,-0.0924922026543283,-0.01531882707045615,non_sig,-0.07717337558387215
LUC7L,16p,-0.176389410001056,0.0222667672048597,non_sig,-0.19865617720591572
LUC7L2,7q,-0.147275435679167,-0.05691848968911825,non_sig,-0.09035694599004876
DMGDH,5q,-0.09425678623728798,-0.329722713751552,non_sig,0.235465927514264
SARDH,9q,-0.505001603317549,-0.33539194062490896,non_sig,-0.16960966269264
PDPR,16q,-0.213718592355315,0.06986884554669626,non_sig,-0.28358743790201124
TMBIM6,12q,-0.04755466404640455,0.025235690766167,non_sig,-0.07279035481257155
GHITM,10q,-0.343014907057745,0.08762352478144614,non_sig,-0.43063843183919115
GMEB2,20q,0.172161070030428,-0.0066741592291233,non_sig,0.17883522925955128
GMEB1,1p,-0.0076542062274656,-0.03389246711896915,non_sig,0.02623826089150355
GPR158,10p,-0.3020880644731405,-0.0772105756741066,non_sig,-0.2248774887990339
APBA3,19p,-0.0256185141424135,0.0195016604486605,non_sig,-0.045120174591074
APBA1,9q,0.129030755432705,-0.17580163755708,non_sig,0.30483239298978504
APBA2,15q,-0.0268775767753349,0.05562621259802565,non_sig,-0.08250378937336056
STMN4,8p,-0.359921693267055,0.0818956735717897,non_sig,-0.44181736683884465
YPEL3,16p,0.215351778137533,-0.0231712861112577,non_sig,0.23852306424879072
YPEL5,2p,0.131679630743048,0.042095509226591596,non_sig,0.08958412151645641
TNFRSF6B,20q,-0.19425004669843024,0.004209715208246,non_sig,-0.19845976190667625
TNFRSF11B,8q,0.0025894185680169,-0.305042716898176,non_sig,0.30763213546619295
TNFRSF14,1p,0.952520717823339,-0.2677006679947655,non_sig,1.2202213858181046
TJP3,19p,0.04284120485253025,-0.34405010450373097,non_sig,0.3868913093562612
TJP2,9q,-0.0559682222829981,0.217355541347863,non_sig,-0.2733237636308611
TJP1,15q,0.24415970461548,0.03387446347896705,non_sig,0.21028524113651295
DBX1,11p,0.1113883320281617,0.101069183919164,non_sig,0.0103191481089977
TNIP3,4q,-0.197732139702405,-0.0819718221548118,non_sig,-0.1157603175475932
TNIP1,5q,-0.2244135055009035,-0.01221382288533665,non_sig,-0.21219968261556685
RNASE4,14q,-0.260259512124875,-0.115868075671584,non_sig,-0.14439143645329103
RNASE6,14q,-0.603043905703862,-0.626884643725554,non_sig,0.023840738021691954
RNASE1,14q,-0.598914081681777,-0.307635039105028,non_sig,-0.29127904257674897
ANG,14q,-0.34127818524907505,-0.1439555699659005,non_sig,-0.19732261528317455
RNASE2,14q,-0.184154471605883,-0.38081887652299395,non_sig,0.19666440491711096
RNASE3,14q,0.1358228030950115,-0.45091590420141947,non_sig,0.586738707296431
ANKRD40,17q,-0.0498829494184754,0.00956887718301715,non_sig,-0.05945182660149255
GSTT2,22q,-0.37116171394436104,-0.267689711976429,non_sig,-0.10347200196793205
ABI3,17q,-0.322166650474336,-0.45934596089358803,non_sig,0.13717931041925202
ABI1,10p,-0.0500887884904375,0.104041673439366,non_sig,-0.1541304619298035
ABI2,2q,-0.0381805040121417,0.0332972587635421,non_sig,-0.0714777627756838
MIF,22q,-0.1698402394714025,0.06374837268302799,non_sig,-0.2335886121544305
DDT,22q,-0.21174899220173,0.02938320717594225,non_sig,-0.24113219937767225
SLC39A3,19p,-0.3159091269299315,-0.037915439258092404,non_sig,-0.2779936876718391
SLC39A1,1q,0.379692621186752,-0.13496684385931002,non_sig,0.5146594650460621
SEC24B,4q,-0.139861617471143,0.0635374166089861,non_sig,-0.2033990340801291
SEC24A,5q,-0.300509683083472,-0.0785035821076886,non_sig,-0.22200610097578338
SEC24D,4q,-0.286820287396863,0.00202306790606545,non_sig,-0.28884335530292843
TPPP3,16q,-0.450190734172802,-0.5752409027020735,non_sig,0.12505016852927153
TPPP,5p,-0.44155176070936,-0.01105981122985225,non_sig,-0.43049194947950775
GNG10,9q,0.0509905746850198,0.11807423061581601,non_sig,-0.06708365593079621
GNG5,1p,0.23632593979837,0.14433208177468598,non_sig,0.09199385802368401
GNG4,1q,0.268509121705769,-0.518735891245806,non_sig,0.787245012951575
GNG12,1p,0.128051697915719,0.38159649883436453,non_sig,-0.2535448009186455
GNG2,14q,-0.2121850981626665,-0.1766022186373205,non_sig,-0.035582879525346
GNG7,19p,-0.4804722148853625,-0.154107291680837,non_sig,-0.3263649232045255
RNF167,17p,-0.21263161313984802,0.08909430147082606,non_sig,-0.3017259146106741
RANBP3,19p,-0.0265653859796078,0.12196851729186715,non_sig,-0.14853390327147495
ZNF704,8q,-0.731340345912343,0.04007687980017405,non_sig,-0.771417225712517
ZNF395,8p,-0.0796975901715911,0.0684702050197224,non_sig,-0.1481677951913135
ARHGEF40,14q,0.0803021149210468,-0.0193606463074295,non_sig,0.09966276122847631
PLEKHG4B,5p,0.0468407977926566,-0.0260952452697061,non_sig,0.0729360430623627
PLEKHG4,16q,-0.07288902369845815,-0.0465234828458205,non_sig,-0.026365540852637648
PLCL2,3p,-0.154638754367543,-0.0180866858506483,non_sig,-0.13655206851689472
PLCB3,11q,-0.1293839878220415,-0.0076669723085595,non_sig,-0.12171701551348199
PLCB1,20p,-0.197407855739719,-0.1292206942065395,non_sig,-0.0681871615331795
PLCL1,2q,-0.529013924622357,-0.2286477696347765,non_sig,-0.30036615498758046
PLCB2,15q,-0.915922808920952,-0.489449575765042,non_sig,-0.42647323315591
PLCB4,20p,-0.281899221289562,-0.1925422822550695,non_sig,-0.08935693903449252
PLCH1,3q,-0.1279389528372784,-0.0209068433938919,non_sig,-0.10703210944338651
PLCG1,20q,-1.007792375010693,-0.21848985929807502,non_sig,-0.7893025157126179
PLCZ1,12p,-0.191944568678139,-0.08976021160194936,non_sig,-0.10218435707618964
PLCD3,17q,-0.0770945899232561,-0.1050938598504785,non_sig,0.027999269927222403
PLCD1,3p,-0.0637426997445669,0.03975460282027625,non_sig,-0.10349730256484314
PLCG2,16q,-0.470879510491278,-0.503955711718088,non_sig,0.03307620122680993
SPON1,11p,-0.455778774623114,-0.676433641183171,non_sig,0.22065486656005695
THSD7A,7p,-0.17055901064450552,-0.208238219967686,non_sig,0.037679209323180474
SPON2,4p,-0.806894812891954,-0.01963020427267015,non_sig,-0.7872646086192838
TOR2A,9q,-0.3044418282078125,0.0006502437883075,non_sig,-0.30509207199612004
TOR3A,1q,-0.154862695409432,-0.0507098667155966,non_sig,-0.10415282869383541
TOR1A,9q,-0.132491573777192,0.0094157357763387,non_sig,-0.1419073095535307
TOR1B,9q,-0.218956519941089,0.0098138259901394,non_sig,-0.2287703459312284
PPP1R9A,7q,-0.2942997792567365,0.112164173210889,non_sig,-0.4064639524676255
PPP1R9B,17q,-0.234975600343405,0.0381814174993787,non_sig,-0.2731570178427837
PJA2,5q,-0.331101987888767,0.07879806035178664,non_sig,-0.40990004824055365
KREMEN2,16p,-0.6825034801867405,-0.1403819848935835,non_sig,-0.542121495293157
SH2D3C,9q,-0.13461859125736314,-0.3021682595223565,non_sig,0.16754966826499335
SH2D3A,19p,0.1682266962309315,-0.0099877550749999,non_sig,0.17821445130593142
BCAR3,1p,-0.1734405394079795,-0.05346015810177725,non_sig,-0.11998038130620224
FCHO2,5q,-0.134148850148003,0.0769842824332829,non_sig,-0.2111331325812859
SGIP1,1p,-0.10345116922123625,-0.0161060301602262,non_sig,-0.08734513906101005
FCHO1,19p,-0.528346418355688,-0.206781086221761,non_sig,-0.32156533213392696
FOLH1,11p,-0.3867029448694145,-0.415654491564922,non_sig,0.028951546695507535
NAALAD2,11q,0.09473155745350414,-0.173961741644511,non_sig,0.26869329909801515
NAALADL2,3q,-0.190866073829869,-0.26935288705544,non_sig,0.07848681322557102
TFRC,3q,0.0868820392222053,-0.053528925257144144,non_sig,0.14041096447934945
TFR2,7q,0.2209061214561625,-0.0519940774243952,non_sig,0.2729001988805577
ZNF219,14q,-0.409817192731687,0.0586770949131929,non_sig,-0.4684942876448799
ZNF536,19q,0.0407892780989739,-0.035734668215564605,non_sig,0.0765239463145385
EMX1,2p,2.3868796604243365,-0.18802610315541152,non_sig,2.574905763579748
PIEZO1,16q,-0.233862002453805,0.021221419740896648,non_sig,-0.25508342219470165
PIEZO2,18p,0.139372642006314,-0.0055536045195739,non_sig,0.1449262465258879
RTKN,2p,-0.0643530759842608,-0.0686254847399756,non_sig,0.004272408755714802
MEGF10,5q,0.407441281806552,-0.3201822626780185,non_sig,0.7276235444845705
MEGF6,1p,0.10919862847090886,0.0941817718739322,non_sig,0.015016856596976658
FTSJ3,17q,-0.251465852505963,-0.0284229893534236,non_sig,-0.22304286315253938
CPSF6,12q,0.037912984686117104,0.00433744149177125,non_sig,0.03357554319434586
CPSF7,11q,0.022008739078030852,-0.00399834642579415,non_sig,0.026007085503825002
SEC31A,4q,-0.012284062760690807,0.17249700644398025,non_sig,-0.18478106920467105
PON3,7q,-0.343849904596152,-0.179246965672908,non_sig,-0.164602938923244
PON2,7q,-0.379092992096844,0.03613488079658935,non_sig,-0.4152278728934333
PON1,7q,-0.797558748895013,-0.1227105347314935,non_sig,-0.6748482141635195
BCAS4,20q,-0.723880163886079,-0.0777261812284652,non_sig,-0.6461539826576138
BLOC1S4,4p,-0.09461348265138961,0.07512870082513129,non_sig,-0.1697421834765209
GLIPR2,9p,-0.215536558817846,0.0809100852098188,non_sig,-0.2964466440276648
CX3CL1,16q,-0.404864034056551,-0.2119479621521385,non_sig,-0.1929160719044125
DTNBP1,6p,-0.342404871260617,0.08072227649945715,non_sig,-0.4231271477600742
XRCC3,14q,-0.2886199935577835,0.005144534336873401,non_sig,-0.2937645278946569
RAD51,15q,-0.1841510143987945,-0.0725118242437629,non_sig,-0.1116391901550316
RAD51B,14q,-0.212363102413038,-0.05800409407178485,non_sig,-0.15435900834125316
RAD51C,17q,-0.2451477585817825,-0.152602459789984,non_sig,-0.09254529879179851
RAD51D,17q,6.12859618981572,-0.0811156340580587,non_sig,6.209711823873779
LCN2,9q,-0.8572192752921359,-0.802690595002554,non_sig,-0.05452868028958191
PTGDS,9q,0.0487373889340419,-0.5406441400454305,non_sig,0.5893815289794724
SAFB,19p,-0.0237876236163224,0.0488083156596289,non_sig,-0.0725959392759513
SLTM,15q,-0.0500459490888726,0.045385341647423,non_sig,-0.09543129073629561
SAFB2,19p,-0.0368263238620431,0.0188693650378842,non_sig,-0.05569568889992729
PWWP2B,10q,-0.209019931664963,0.138527032179311,non_sig,-0.34754696384427397
PWWP2A,5q,-0.117550440540827,0.05147837406463245,non_sig,-0.16902881460545946
MBOAT1,6p,-0.0851128138965899,-0.03917800861547065,non_sig,-0.04593480528111925
MBOAT2,2p,0.227230984046267,-0.1239406496155605,non_sig,0.35117163366182746
MBOAT7,19q,0.011034631140137302,0.02379350506136265,non_sig,-0.012758873921225348
LPCAT3,12p,-0.448854763892577,-0.064949303532766,non_sig,-0.383905460359811
MPO,17q,-0.540321788863693,-0.305338750445015,non_sig,-0.23498303841867796
PXDN,2p,0.112065263739115,-0.503593122154171,non_sig,0.6156583858932859
EPX,17q,-0.252329238969288,-0.2671602561349955,non_sig,0.014831017165707505
PSD3,8p,-0.14295448376861,-0.0210212031700152,non_sig,-0.1219332805985948
PSD4,2q,-0.286782497029728,-0.21868654552373,non_sig,-0.06809595150599801
KIF24,9p,-0.2231907256314485,-0.0489250912314297,non_sig,-0.1742656344000188
KIF2C,1p,-0.3270668248812,-0.031576902704636645,non_sig,-0.29548992217656334
KIF2A,5q,-0.282976454266126,-0.032630318035206954,non_sig,-0.25034613623091906
RIOK1,6p,-0.3241138433907115,-0.1033180021666415,non_sig,-0.22079584122406998
RIOK3,18q,-0.0790534892929999,0.10488550488326495,non_sig,-0.18393899417626486
CA13,8q,-0.306979261849242,-0.27243722981884855,non_sig,-0.034542032030393466
CA4,17q,0.121565754409519,-0.487542255283858,non_sig,0.609108009693377
CA2,8q,-1.01985831870532,-0.7219825147161645,non_sig,-0.2978758039891556
CA1,8q,-0.874834802581271,-0.6360834003695199,non_sig,-0.23875140221175106
CA14,1q,-0.6326013267480415,-0.454816602136016,non_sig,-0.1777847246120255
CA5A,16q,-0.3985965117932775,-0.846396387881563,non_sig,0.44779987608828553
CA3,8q,-0.5987242476332899,-0.501168260799036,non_sig,-0.09755598683425393
CA12,15q,-0.690398667168992,-0.483153769915931,non_sig,-0.207244897253061
CA9,9p,-0.407657711572019,-0.416100776814379,non_sig,0.008443065242359993
CA8,8q,-1.02115260296974,-0.60853410576881,non_sig,-0.41261849720093
ZFHX3,16q,-0.109616866731267,0.04038322098218845,non_sig,-0.15000008771345547
ZFHX4,8q,0.03908225060807625,-0.0441410317164225,non_sig,0.08322328232449874
TGFB3,14q,-0.430209827024215,-0.471016203012743,non_sig,0.04080637598852799
MSTN,2q,-0.02305166605422185,0.1981492418109965,non_sig,-0.22120090786521834
INHBE,12q,-0.28801826900816807,-0.703706800754437,non_sig,0.41568853174626896
ZHX3,20q,-0.284654776867584,-0.09204240490774779,non_sig,-0.19261237195983621
ZHX1,8q,0.0380079993415895,-0.07727673281860481,non_sig,0.1152847321601943
ZHX2,8q,-0.0696656121964379,-0.1779271320487745,non_sig,0.1082615198523366
SLC27A4,9q,-0.121474577611123,0.0146811388159889,non_sig,-0.1361557164271119
SLC27A2,15q,-0.541550555095876,-0.26253719533730746,non_sig,-0.27901335975856856
SLC27A6,5q,-0.9338914016686799,-0.43719084334458846,non_sig,-0.49670055832409143
SLC27A3,1q,-0.5343175496616275,-0.07392296056633266,non_sig,-0.46039458909529485
SLC27A1,19p,-0.17051402733146198,-0.115658820874655,non_sig,-0.054855206456806985
VEGFC,4q,0.0671977303954032,-0.199105522692938,non_sig,0.2663032530883412
DLGAP4,20q,-0.14940247056572348,-0.106896925090225,non_sig,-0.04250554547549848
DLGAP1,18p,-0.304188223076582,-0.27331903968134047,non_sig,-0.03086918339524153
DLGAP2,8p,-0.12082363548228361,-1.92849417131047,non_sig,1.8076705358281864
ZNRF1,16q,-0.221288160016611,0.03241491013033425,non_sig,-0.25370307014694526
ZNRF2,7p,-0.214584024548395,-0.107474904086222,non_sig,-0.10710912046217301
RNF11,1p,-0.0696238790191395,0.11356485042419251,non_sig,-0.183188729443332
PLAU,10q,-0.169100099762771,-0.408582012814085,non_sig,0.23948191305131403
PRSS1,7q,-0.5306648237536146,-0.004440355332322496,non_sig,-0.5262244684212921
PRSS3,9p,-0.31958944627667596,-0.0162908836620148,non_sig,-0.30329856261466115
PRSS2,7q,-0.291700115872454,-0.5637219502304055,non_sig,0.2720218343579515
HCN4,15q,-0.931674293428741,-0.8050709799759035,non_sig,-0.12660331345283748
PRKCA,17q,-0.457438966824295,-0.13650563751774702,non_sig,-0.320933329306548
PRKCH,14q,-0.355380124960664,-0.0591486274150802,non_sig,-0.2962314975455838
PKN3,9q,-0.3748820269041,0.08645077827740764,non_sig,-0.46133280518150765
PRKCI,3q,-0.1666996492957645,-0.08383987579817485,non_sig,-0.08285977349758965
PRKCZ,1p,0.0779227193175898,0.0190647712655658,non_sig,0.058857948052024
PRKCE,2p,-0.366723865215586,-0.0663531950974373,non_sig,-0.30037067011814866
PRKCG,19q,0.0037435309625699,-0.148719288366654,non_sig,0.1524628193292239
PKN2,1p,-0.219111111092083,0.01531407948103445,non_sig,-0.23442519057311745
PKN1,19p,-0.4512647937101205,-0.044626831197029,non_sig,-0.40663796251309153
PRKCB,16p,-0.24905841937204,-0.39850611139929204,non_sig,0.14944769202725203
ANKRD2,10q,-0.395089227803172,-0.261016190765675,non_sig,-0.134073037037497
CMTM6,3p,0.046302298480555906,0.0308583679072086,non_sig,0.015443930573347305
CMTM7,3p,-0.113550979894538,0.09078835005261635,non_sig,-0.20433932994715434
CMTM4,16q,-0.3964732731287375,0.330863901515248,non_sig,-0.7273371746439855
LZTS3,20p,0.0776539005640516,0.0018238651023318,non_sig,0.07583003546171979
LZTS1,8p,-0.5833676973516605,-0.44571609764528597,non_sig,-0.13765159970637453
LZTS2,10q,-0.17248987866228,0.06373736110752551,non_sig,-0.2362272397698055
PRR5L,11p,0.0407863911700055,-0.232778475809766,non_sig,0.2735648669797715
PRR5,22q,-0.229611481632018,0.037391149251222555,non_sig,-0.26700263088324055
ZBTB18,1q,-0.574080535178884,-0.0916679078705107,non_sig,-0.4824126273083733
FAM133B,7q,-0.3046422212698605,-0.224642596553698,non_sig,-0.07999962471616251
PTPRG,3p,-0.111762368223049,0.297816034883842,non_sig,-0.409578403106891
PTPRC,1q,-0.961176940193802,-0.6684817298226025,non_sig,-0.2926952103711995
POLR2C,16q,0.0355422880742121,0.05035543849818745,non_sig,-0.014813150423975352
POLR1C,6p,-0.0178552970949527,0.05544460547717795,non_sig,-0.07329990257213065
INSR,19p,-0.20473574058496902,0.0829907597208681,non_sig,-0.28772650030583713
NTRK3,15q,-0.5919553150106895,-0.169055485148567,non_sig,-0.42289982986212254
IGF1R,15q,-0.0249097448583902,-0.0712852077158016,non_sig,0.0463754628574114
TYRO3,15q,0.0874959720561828,-0.0436569427383416,non_sig,0.1311529147945244
NTRK2,9q,-0.47526694067493047,-0.209069666663873,non_sig,-0.26619727401105747
TOM1L1,17q,-0.134822890012572,0.08562347541748905,non_sig,-0.22044636543006105
TOM1,22q,-0.17472097114532564,0.05010120678245513,non_sig,-0.22482217792778078
TOM1L2,17p,-0.160483821451041,0.0534248411135369,non_sig,-0.2139086625645779
DUSP6,12q,-0.1905590406577945,-0.15453219620626352,non_sig,-0.03602684445153098
DUSP4,8p,-0.327342188621276,-0.20487883301255,non_sig,-0.12246335560872601
DUSP16,12p,-0.1751927213508295,-0.187219592687495,non_sig,0.012026871336665496
TPST1,7q,-0.13300956511839,-0.0190496387529351,non_sig,-0.11395992636545489
TPST2,22q,-0.05032820838850095,-0.03490163772607575,non_sig,-0.015426570662425206
RARG,12q,-0.02015441437038645,-0.0600608622737984,non_sig,0.039906447903411954
NR1D1,17q,0.0882906918301302,-0.1786924407564345,non_sig,0.2669831325865647
PPARG,3p,0.0360604080087079,0.110780498429345,non_sig,-0.0747200904206371
THRA,17q,-0.695736508698529,0.191319963648753,non_sig,-0.887056472347282
RARA,17q,-0.475737242566562,-0.0787223871691617,non_sig,-0.39701485539740033
VDR,12q,-0.16099049257803097,0.03607689582812475,non_sig,-0.19706738840615573
NR1H2,19q,-0.288850386664871,-0.08075089579849301,non_sig,-0.208099490866378
PGK2,6p,-0.116441061061052,-0.03290502190167325,non_sig,-0.08353603915937874
UBN1,16p,-0.136961736249589,0.08175200531351305,non_sig,-0.21871374156310203
UBN2,7q,-0.214579436853636,0.014337074830784498,non_sig,-0.2289165116844205
ZFP91,11q,-0.0699948618751256,-0.00565119695739925,non_sig,-0.06434366491772635
ZNF692,1q,-0.07113872341126155,-0.06704534624980915,non_sig,-0.004093377161452402
GLYATL2,11q,0.2197040091499438,-0.444368748959873,non_sig,0.6640727581098168
GLYATL1,11q,0.0950384761877885,-1.1964978516734581,non_sig,1.2915363278612466
RAD21,8q,0.116406737587481,-0.01120090968849805,non_sig,0.12760764727597906
GRIP1,12q,0.29515753578338955,-0.0520962758757684,non_sig,0.3472538116591579
SNTB2,16q,0.069307698225981,-0.01600314842464485,non_sig,0.08531084665062585
SNTA1,20q,-0.0931653133726625,-0.0713287015230653,non_sig,-0.021836611849597204
SNTB1,8q,-0.078181188670679,-0.0081989433831802,non_sig,-0.0699822452874988
CBFA2T2,20q,-0.433584928471703,-0.11601135591259651,non_sig,-0.31757357255910645
CBFA2T3,16q,-0.467270308859031,-0.393714476484413,non_sig,-0.07355583237461799
RUNX1T1,8q,-0.211537017202312,-0.4158567679364615,non_sig,0.20431975073414949
VAV1,19p,-0.546090814336568,-0.389094191016829,non_sig,-0.15699662331973901
VAV2,9q,-0.492016811043734,-0.0422067741128017,non_sig,-0.4498100369309323
VAV3,1p,-0.636390681785066,-0.3689723526703985,non_sig,-0.26741832911466745
KAT2B,3p,-0.1668725393422505,-0.03586454436180865,non_sig,-0.13100799498044186
KAT2A,17q,-0.15266119067253,0.0656473101854254,non_sig,-0.2183085008579554
PKMYT1,16p,-0.162136337273574,-0.0276700581211583,non_sig,-0.13446627915241569
WEE1,11p,-0.4266350465147265,-0.05075256186042085,non_sig,-0.3758824846543056
NAV3,12q,-0.651643522973784,-0.08567563539551945,non_sig,-0.5659678875782646
NAV2,11p,-0.0771872830998681,-0.0137011654052722,non_sig,-0.06348611769459589
NAV1,1q,0.0271930564155096,-0.140432025780016,non_sig,0.1676250821955256
BCAP29,7q,-0.229657577628166,-0.04733259196440165,non_sig,-0.18232498566376434
PDE1C,7p,-0.0870440647231755,-0.4813296432063815,non_sig,0.394285578483206
PDE4B,1p,-0.7602437220745035,0.0036433441054111,non_sig,-0.7638870661799146
PDE4D,5q,-0.21550997855642096,-0.15390303100458752,non_sig,-0.061606947551833435
PDE4A,19p,-0.216116683392614,0.100332187165422,non_sig,-0.316448870558036
TOB1,17q,-0.0510574562400769,0.0387099974303158,non_sig,-0.0897674536703927
TOB2,22q,-0.266211651978237,0.138368600668161,non_sig,-0.40458025264639796
SDK2,17q,-0.51024803141794,-0.351533958348765,non_sig,-0.15871407306917495
SDK1,7p,-0.5487935037694165,-0.306998921321466,non_sig,-0.2417945824479505
SEC14L2,22q,-0.2611895288224835,-0.0097643872294572,non_sig,-0.25142514159302626
SEC14L1,17q,-0.281508426342497,-0.178443145485504,non_sig,-0.10306528085699301
SEC14L4,22q,-1.02296374444221,-0.953958818990394,non_sig,-0.06900492545181591
ABCD3,1p,-0.110368676174967,0.0180360599952028,non_sig,-0.1284047361701698
ABCD4,14q,-0.0946672047151274,-0.09897587480142744,non_sig,0.004308670086300037
PAQR4,16p,-0.18362904557701798,0.1490730141935002,non_sig,-0.33270205977051814
OGN,9q,-0.1446962489624935,-0.228666887235011,non_sig,0.0839706382725175
LUM,12q,-0.655164826811091,-0.5465162258584405,non_sig,-0.1086486009526505
FMOD,1q,-0.774940524834985,-0.05460548845031049,non_sig,-0.7203350363846746
KCTD2,17q,-0.176884602085366,-0.03757122463701355,non_sig,-0.13931337744835243
KCTD17,22q,-0.1282298556704653,-0.21319174106209,non_sig,0.08496188539162469
KCTD9,8p,-0.0413403136148213,0.108434272049656,non_sig,-0.1497745856644773
KCTD5,16p,-0.0851315612028043,0.0588860251680067,non_sig,-0.144017586370811
DCN,12q,-0.06705574793867015,-0.6250822214189795,non_sig,0.5580264734803093
BAG3,10q,-0.193452370223421,0.0375381697677479,non_sig,-0.2309905399911689
BAG4,8p,-0.197740322539316,0.2025598627197045,non_sig,-0.4003001852590205
PKHD1L1,8q,-0.0252120754020959,-0.028938231510573648,non_sig,0.003726156108477749
VAPA,18p,-0.265994625272057,0.0911848492402797,non_sig,-0.35717947451233667
VAPB,20q,-0.3118644542107245,-0.0633342510960121,non_sig,-0.2485302031147124
SLC35E2B,1p,-0.114616101618188,0.0670452963846604,non_sig,-0.18166139800284842
ARRDC3,5q,0.09524509687455995,-0.08188991943701895,non_sig,0.1771350163115789
TXNIP,1q,0.07442359002852786,-0.128276904898313,non_sig,0.20270049492684086
ARRDC1,9q,-0.15855433201020902,-0.009180684217345901,non_sig,-0.1493736477928631
SPI1,11p,-0.725445222386703,-0.764683636820836,non_sig,0.03923841443413301
VCL,10q,-0.312891024369538,0.0081660651269482,non_sig,-0.32105708949648615
CTNNA1,5q,0.062437590704768,0.107408305169468,non_sig,-0.0449707144647
CTNNA2,2p,0.37826846663195,-0.07556670957611711,non_sig,0.4538351762080671
NEO1,15q,-0.0752813736617544,0.040644753673873046,non_sig,-0.11592612733562745
ASAP2,2p,-0.22661836663875,0.0311073392930904,non_sig,-0.2577257059318404
ASAP3,1p,-0.126944915571616,-0.058528788434374146,non_sig,-0.06841612713724185
ASAP1,8q,-0.369200452671157,-0.169143616228961,non_sig,-0.20005683644219596
MBTD1,17q,-0.364558977667512,-0.066397585192736,non_sig,-0.298161392474776
L3MBTL2,22q,-0.07995331607099895,0.056198460309146,non_sig,-0.13615177638014495
ALX1,12q,0.17466784647398625,-0.235612142012147,non_sig,0.41027998848613323
PRRX1,1q,-0.18336434278442948,-0.346281461520945,non_sig,0.16291711873651554
PRRX2,9q,-0.25289289764697753,-0.251596215998633,non_sig,-0.001296681648344511
ALX4,11p,-0.17286649765338,-0.417114965032131,non_sig,0.24424846737875103
PITX1,5q,-0.132562615684158,-0.173747124113102,non_sig,0.041184508428944
PITX2,4q,-0.154899939535514,-0.110209840464299,non_sig,-0.044690099071215
ABTB2,11p,-0.03732285460685635,0.00878734108116325,non_sig,-0.046110195688019606
CHST11,12q,-0.334785541912458,-0.051077687319995804,non_sig,-0.2837078545924622
CHST10,2q,-0.309251300249802,-0.0451334623995775,non_sig,-0.2641178378502245
CHST14,15q,-0.1578883065760665,0.034672294693928504,non_sig,-0.19256060126999502
CHST13,3q,-0.7869604440504949,0.11809971819283649,non_sig,-0.9050601622433314
CHST12,7p,-0.345596545380379,-0.07771840059198795,non_sig,-0.267878144788391
DIP2B,12q,-0.1991850975090635,-0.07253052170956856,non_sig,-0.12665457579949493
DIP2A,21q,-0.1611414887502515,-0.0169552536651476,non_sig,-0.1441862350851039
DIP2C,10p,-0.224920522738547,0.08556478100520751,non_sig,-0.3104853037437545
PATL1,11q,-0.1445673305979355,0.00133677764656815,non_sig,-0.14590410824450364
TIGD1,2q,0.1622204821519411,-0.12871235866074648,non_sig,0.29093284081268755
TIGD5,8q,-0.47571979656144586,0.0086095958193572,non_sig,-0.4843293923808031
JRK,8q,-0.589459545556844,-0.138875609514162,non_sig,-0.450583936042682
JRKL,11q,-0.0285070390306783,-0.1708238754374145,non_sig,0.1423168364067362
TIGD2,4q,-0.02980783721831835,-0.048783055782415,non_sig,0.01897521856409665
PDE3B,11p,-0.417355099687872,0.0704304246687448,non_sig,-0.4877855243566168
PDE3A,12p,-0.5406818379312015,-0.47475201285517,non_sig,-0.06592982507603151
TPM2,9p,-0.359430433652922,-0.5219920912979672,non_sig,0.1625616576450452
TPM4,19p,-0.1801320522252422,0.05658106677303901,non_sig,-0.2367131189982812
TPM3,1q,-0.0643230008828672,-0.0488632706006325,non_sig,-0.015459730282234699
TPM1,15q,-0.0533580747506824,-0.25049422046929476,non_sig,0.19713614571861238
USP15,12q,-0.190162392132889,0.0136155783728902,non_sig,-0.2037779705057792
USP32,17q,-0.1722173654679775,-0.0497993523447001,non_sig,-0.12241801312327741
USP19,3p,-0.253860536011184,0.09492189998793,non_sig,-0.348782435999114
USP8,15q,-0.216919188897168,-0.0012538167507111998,non_sig,-0.21566537214645679
USP4,3p,-0.409791202545507,0.113176023357722,non_sig,-0.522967225903229
USP22,17p,-0.140436411260425,-0.0337135605815743,non_sig,-0.1067228506788507
ZNF174,16p,-0.0598904786034384,-0.023028552026252,non_sig,-0.0368619265771864
ZNF496,1q,-0.07148762863073535,-0.110608039181246,non_sig,0.039120410550510645
ZKSCAN2,16p,-0.134670891489685,0.00997848650069225,non_sig,-0.14464937799037725
ZSCAN5A,19q,-0.0305187857648583,-0.117682248242469,non_sig,0.0871634624776107
ZNF446,19q,-0.108179329068031,0.0203031052341577,non_sig,-0.1284824343021887
ZNF444,19q,-0.251058137935086,-0.030270617464115,non_sig,-0.22078752047097103
ZSCAN29,15q,-0.06847044156782325,0.0718560732549904,non_sig,-0.14032651482281366
ZNF274,19q,-0.470412518425743,0.13106197630845604,non_sig,-0.601474494734199
ZNF202,11q,0.2720844741979609,-0.13176645261179393,non_sig,0.4038509268097548
HADHA,2p,-0.262311222031193,-0.054381514449100804,non_sig,-0.2079297075820922
EHHADH,3q,-0.200456114770112,-0.04845463345992995,non_sig,-0.15200148131018204
ZNF597,16p,-0.10685273883517629,0.278761756809817,non_sig,-0.3856144956449933
ZNF211,19q,-0.677826557337827,0.21538576054251346,non_sig,-0.8932123178803405
CYB5R4,6q,-0.257454684570089,-0.0426864252811583,non_sig,-0.21476825928893073
CYB5R1,1q,-0.111436402807851,-0.111326262758288,non_sig,-0.00011014004956300116
CYB5R2,11p,-0.3979349003110825,-0.299169797330197,non_sig,-0.09876510298088548
CYB5R3,22q,-0.178524402648606,0.00420065366726295,non_sig,-0.18272505631586894
NXT1,20p,-0.042881946093869,0.109861901370016,non_sig,-0.152743847463885
NUTF2,16q,-0.229752324491697,0.057253274982578345,non_sig,-0.28700559947427534
AP1S1,7q,-0.0105731737331806,-0.01176308094719505,non_sig,0.0011899072140144507
AP1S3,2q,-0.0072344779209673,-0.05506528120916545,non_sig,0.04783080328819815
AP4S1,14q,0.0698587480257587,0.0095530178046759,non_sig,0.0603057302210828
AP3S2,15q,-0.16825901692391,-0.148206140927103,non_sig,-0.020052875996806996
AP2S1,19q,-0.0388186643737785,-0.035075068605182405,non_sig,-0.003743595768596092
AP3S1,5q,-0.210820012509537,0.056097116759683346,non_sig,-0.26691712926922034
RFTN1,3p,-0.539775371192438,-0.178887116778567,non_sig,-0.360888254413871
RFTN2,2q,0.292583387557427,-1.23140406842049,non_sig,1.5239874559779172
GZF1,20p,-0.396093778241822,-0.0843583432476477,non_sig,-0.31173543499417433
ZNF697,1p,0.346580403954996,-0.2165618182790915,non_sig,0.5631422222340875
ZNF776,19q,0.054598888138557455,-0.184472802094093,non_sig,0.23907169023265046
ZNF852,3p,-0.2450751998244969,0.245228239378382,non_sig,-0.4903034392028789
MYNN,3q,-0.471155001841041,-0.20507523628053648,non_sig,-0.2660797655605045
ZNF627,19p,-0.148069639905453,0.0261856626635321,non_sig,-0.17425530256898508
ZNF587,19q,-0.0897217863896285,-0.05862379054370965,non_sig,-0.031097995845918845
ME1,6q,-0.0588720696272656,0.1574151351300705,non_sig,-0.2162872047573361
ME3,11q,-0.4888503158392995,0.06246972023733285,non_sig,-0.5513200360766324
ME2,18q,-0.22674365100099753,0.1509587078388825,non_sig,-0.37770235883988
PLOD3,7q,-0.26419098133354,-0.09050242249486246,non_sig,-0.17368855883867756
PLOD2,3q,-0.0497685146011696,-0.3077238927186085,non_sig,0.2579553781174389
PLOD1,1p,-0.282292899444035,-0.0351824622052505,non_sig,-0.2471104372387845
COLGALT2,1q,-0.0323301314425442,-0.0383923322260697,non_sig,0.006062200783525498
CREB3L1,11p,-0.1335140127730575,-0.262757412845034,non_sig,0.12924340007197652
CREB3L2,7q,-0.2560297404702,-0.0827775622820774,non_sig,-0.1732521781881226
GAL3ST1,22q,-0.435307802115859,-0.16181833430299652,non_sig,-0.2734894678128625
GAL3ST2,2q,-0.575256470139244,-0.20514288800109,non_sig,-0.37011358213815393
LRRC4B,19q,-0.056900670738865844,-0.5325408648596495,non_sig,0.4756401941207836
FLRT3,20p,-0.360909252352831,-0.4158918858298035,non_sig,0.05498263347697252
TPH1,11p,-0.371539380153873,-0.691436885438705,non_sig,0.31989750528483196
PAH,12q,-0.3086086273988255,-0.49657296703547205,non_sig,0.18796433963664655
PLLP,16q,-0.0870457154819439,-0.141667899473457,non_sig,0.05462218399151311
EFR3B,2p,-0.83040329305132,-0.213514273798069,non_sig,-0.616889019253251
EFR3A,8q,-0.026544218569408,-0.14304657124349102,non_sig,0.11650235267408302
CD36,7q,-0.3300520002301255,-0.6493946861320345,non_sig,0.31934268590190906
SCARB2,4q,-0.09841751952296221,0.04794666093169105,non_sig,-0.14636418045465327
SCARB1,12q,-0.126880427076069,-0.0982015500105475,non_sig,-0.028678877065521496
FGD5,3p,-0.0875774304471932,-0.0844493452679024,non_sig,-0.003128085179290793
FGD6,12q,-0.256063222866764,-0.0968657409403459,non_sig,-0.15919748192641808
BHMT2,5q,-0.19559355307936496,-0.273350189781106,non_sig,0.07775663670174102
BHMT,5q,-0.01844355744600795,-0.1122278435157181,non_sig,0.09378428606971015
EDIL3,5q,-0.628225418288151,-0.732240131461278,non_sig,0.10401471317312694
MFGE8,15q,-0.400323281804257,-0.222051515370004,non_sig,-0.17827176643425302
HINT2,9p,-0.0597246095993405,0.09010240386936395,non_sig,-0.14982701346870445
HINT1,5q,-0.340300910051111,-0.008047341581804649,non_sig,-0.33225356846930637
ADIPOR2,12p,-0.3396264401491845,-0.07983208151381524,non_sig,-0.25979435863536926
ADIPOR1,1q,-0.11791116611310429,-0.105735448815608,non_sig,-0.012175717297496294
PAQR7,1p,-0.0984253224710638,-0.0523233443882812,non_sig,-0.046101978082782595
PCTP,17q,-0.461954883599966,-0.0759227126328048,non_sig,-0.3860321709671612
STARD7,2q,-0.129346996514971,-0.0220642691143351,non_sig,-0.10728272740063591
STARD10,11q,-0.389677303835533,-0.336868531432169,non_sig,-0.05280877240336401
SLC5A6,2p,-0.356053997105923,-0.114626496866129,non_sig,-0.241427500239794
GREB1,2p,0.456964225506032,-0.228514121309407,non_sig,0.685478346815439
GREB1L,18q,-0.3139830283643395,-0.0508265207731634,non_sig,-0.2631565075911761
PRR16,5q,-0.5649946310167889,0.550938767031672,non_sig,-1.115933398048461
MBD2,18q,-0.046923534068800704,0.1025996500984285,non_sig,-0.1495231841672292
MBD3,19p,-0.0361523830163328,0.011993723243793,non_sig,-0.0481461062601258
HOMER1,5q,-0.0664834877108163,0.12868684260996702,non_sig,-0.19517033032078332
HOMER3,19p,-0.00967705313355915,0.198004295719415,non_sig,-0.20768134885297415
HOMER2,15q,-0.0402688608368125,0.0444275042850808,non_sig,-0.0846963651218933
DLK1,14q,-0.390672862697169,-0.554764670293473,non_sig,0.16409180759630398
PEAR1,1q,-0.604554561385107,-0.3535743449566565,non_sig,-0.2509802164284505
MLLT3,9p,-0.232836576045087,0.14693747305154198,non_sig,-0.379774049096629
MLLT1,19p,0.042279949835650255,0.0093223188969413,non_sig,0.03295763093870895
POLI,18q,-0.369773059515556,0.144073451130216,non_sig,-0.513846510645772
POLH,6p,-0.2945391880570165,0.0696282923985452,non_sig,-0.3641674804555617
CAND1,12q,-0.2008079523434825,0.004749899280351,non_sig,-0.2055578516238335
CAND2,3p,-0.0406982208862544,0.02760346290958875,non_sig,-0.06830168379584316
HCFC2,12q,-0.021375725731159548,-0.01633470976655415,non_sig,-0.005041015964605398
FILIP1,6q,-0.1330466400775929,-0.25364862413022304,non_sig,0.12060198405263015
FILIP1L,3q,-0.0070985569209524,-0.239021132295885,non_sig,0.2319225753749326
LUZP1,1p,-0.0578531011050869,0.0441218186182554,non_sig,-0.1019749197233423
DERL2,17p,-0.219756468232686,0.11212364903772,non_sig,-0.331880117270406
DERL1,8q,-0.192768307798776,-0.188472024263305,non_sig,-0.004296283535470985
MAP1B,5q,-0.713062670608785,-0.371542359733798,non_sig,-0.341520310874987
MAP1S,19p,-0.201188227474658,0.112750512015791,non_sig,-0.31393873949044904
MAP1A,15q,-0.505716362437805,-0.3151043665642115,non_sig,-0.19061199587359356
CYP7B1,8q,-0.416046514085306,-0.10164304534133754,non_sig,-0.31440346874396846
VSNL1,2p,-0.457358717737595,-0.775208149716466,non_sig,0.317849431978871
NCALD,8q,0.202086095214311,-0.0961935271189176,non_sig,0.2982796223332286
HPCA,1p,0.0312311320380656,-0.0195563084374769,non_sig,0.0507874404755425
HPCAL1,2p,-0.385034522250068,-0.0439525554295377,non_sig,-0.3410819668205303
NCS1,9q,-0.0714159908624254,0.0718616056872441,non_sig,-0.14327759654966948
HPCAL4,1p,-0.223360887894992,-0.737116253854408,non_sig,0.5137553659594161
ALDH1L2,12q,0.36967818351514,-0.485333936853606,non_sig,0.855012120368746
ALDH7A1,5q,-0.019234173468629455,0.21687204207030755,non_sig,-0.23610621553893701
ALDH5A1,6p,-0.1520000102034905,0.0008426799651303499,non_sig,-0.15284269016862084
ALDH1L1,3q,-0.743189606224125,-0.409163010123684,non_sig,-0.334026596100441
ALDH6A1,14q,-0.241516749596388,-0.0783035339033071,non_sig,-0.1632132156930809
ALDH9A1,1q,-0.366168301079372,-0.0596491768683694,non_sig,-0.3065191242110026
ALDH1A1,9q,-0.924101266830342,-0.972053836391581,non_sig,0.047952569561239056
ALDH1B1,9p,-0.0594883853155921,0.168942155148063,non_sig,-0.22843054046365507
ALDH8A1,6q,-0.3142681953592875,-0.4610620825727345,non_sig,0.146793887213447
ALDH2,12q,-0.494116816068363,-0.005631103027381849,non_sig,-0.48848571304098115
ALDH1A3,15q,-0.568590699404696,-1.0377384674132348,non_sig,0.46914776800853886
ALDH1A2,15q,0.0457522078841206,-0.1783281739554255,non_sig,0.2240803818395461
SUMF1,3p,0.030016022465854497,0.151157077590913,non_sig,-0.12114105512505852
SUMF2,7p,-0.3280556749403355,-0.0923189685257893,non_sig,-0.2357367064145462
TIMM8B,11q,-0.11147258218775749,0.0263819213318019,non_sig,-0.13785450351955938
IMMP1L,11p,-0.07895291017316415,0.014214954425567451,non_sig,-0.09316786459873161
IMMP2L,7q,-0.0563436617705375,0.0011556515497936504,non_sig,-0.05749931332033115
RPL36AL,14q,-0.2116424294094585,0.0060319901003786,non_sig,-0.2176744195098371
GGA3,17q,-0.112391961514312,-0.037939772641567504,non_sig,-0.07445218887274449
GGA1,22q,-0.223625754884732,0.08547947931865965,non_sig,-0.30910523420339164
ENTPD8,9q,-0.603049276252421,-0.341910152328394,non_sig,-0.261139123924027
ENTPD7,10q,0.06416397806104475,-0.228797830633064,non_sig,0.29296180869410876
ENTPD4,8p,-0.0808873958580622,0.03572202607294845,non_sig,-0.11660942193101065
ENTPD3,3p,0.2621308001422935,-0.9303275837097,non_sig,1.1924583838519935
ENTPD1,10q,-0.14249770262847195,-0.5771310105637351,non_sig,0.4346333079352631
ENTPD2,9q,-0.0910107263265663,0.0540091479586433,non_sig,-0.1450198742852096
ENTPD6,20p,-0.2827160123725785,-0.0863645811915815,non_sig,-0.196351431180997
ENTPD5,14q,-0.224363766321915,-0.13790631361890598,non_sig,-0.086457452703009
ANKRD44,2q,-0.461366142289575,-0.279874229251094,non_sig,-0.181491913038481
ANKRD28,3p,-0.21757423562508704,0.0911989300015209,non_sig,-0.30877316562660795
PCK2,14q,-0.324821250710575,0.0545713871819242,non_sig,-0.3793926378924992
PCK1,20q,-1.05013925416969,-0.24917368561980502,non_sig,-0.8009655685498849
ESRP2,16q,-0.215305540890811,-0.1506044055489475,non_sig,-0.0647011353418635
GRSF1,4q,0.04513313028594585,0.08018806454260945,non_sig,-0.035054934256663596
HNRNPH3,10q,0.0132368044008277,0.0080225892597314,non_sig,0.005214215141096301
ESRP1,8q,-0.932146105958528,-0.6185985017694065,non_sig,-0.31354760418912153
NET1,10p,-0.1799539355162155,0.0305814266207767,non_sig,-0.2105353621369922
ARHGEF3,3p,-0.006550297827821502,0.10674153568423835,non_sig,-0.11329183351205985
TRAP1,16p,-0.217118664996114,0.01055699525085305,non_sig,-0.22767566024696706
HSP90B1,12q,-0.12005208735380894,0.04273360772479085,non_sig,-0.1627856950785998
HSP90AB1,6p,-0.203920025726121,-0.0958745863537378,non_sig,-0.1080454393723832
HSP90AA1,14q,-0.170111771385367,-0.0048191040679913,non_sig,-0.1652926673173757
CCNL2,1p,-0.21841154600852,0.0112596120160723,non_sig,-0.22967115802459231
CCNL1,3q,-0.132891270456346,-0.0650678081083989,non_sig,-0.06782346234794709
SPIRE1,18p,0.004456712372808251,0.0380409888717766,non_sig,-0.03358427649896835
SPIRE2,16q,0.0420848892599067,-0.030291525365756654,non_sig,0.07237641462566335
PNPLA6,19p,-0.12157507330213,0.0074173795962363,non_sig,-0.1289924528983663
SYDE1,19p,0.030051069360195,0.0351778399786406,non_sig,-0.005126770618445603
SYDE2,1p,-0.169641159857979,-0.0297560384967097,non_sig,-0.1398851213612693
MATN3,2p,-0.171127674113171,-0.264635493221606,non_sig,0.093507819108435
MATN2,8q,0.11971795936104325,-0.2852750353986075,non_sig,0.4049929947596507
LRRN1,3p,-0.547737764787071,-0.0428281833336456,non_sig,-0.5049095814534255
EFCAB7,1p,0.0034986820204133,0.01756839951951765,non_sig,-0.01406971749910435
PGGT1B,5q,-0.28125634737731,-0.0556410478561084,non_sig,-0.22561529952120157
RABGGTB,1p,-0.257647117211892,0.00192695340559025,non_sig,-0.2595740706174822
FNTB,14q,-0.267718595835379,-0.0829877291692709,non_sig,-0.1847308666661081
CYP4F12,19p,-0.40331963777958346,-0.4075382520554245,non_sig,0.004218614275841026
CYP4F3,19p,-0.1893336314842195,-0.234846776185418,non_sig,0.045513144701198494
CYP4F8,19p,-0.46800875260242153,-0.4672717709848665,non_sig,-0.0007369816175550326
CYP4F22,19p,-0.48510273496567496,-0.603786373882916,non_sig,0.11868363891724104
CYP4V2,4q,-0.067435139497864,0.0586733253874518,non_sig,-0.1261084648853158
CYP4X1,1p,-0.4974218349554655,-0.426093780991218,non_sig,-0.07132805396424752
CYP4F11,19p,-0.2222631807188665,-0.460333539894008,non_sig,0.2380703591751415
SYNPO2,4q,-0.46256650714755,-0.530739467965415,non_sig,0.06817296081786506
SYNPO2L,10q,0.31553097922873596,-0.199465722278732,non_sig,0.5149967015074679
ABCG1,21q,-0.298062914560428,0.04677392237928385,non_sig,-0.34483683693971184
ABCG2,4q,-0.344270362442159,-0.300945644035868,non_sig,-0.043324718406290985
WIPI1,17q,-0.196463703826578,-0.203432664354357,non_sig,0.006968960527779011
WIPI2,7p,-0.3525995878852955,-0.113415475208121,non_sig,-0.2391841126771745
WDR45B,17q,-0.196813858946564,0.00029062108774315,non_sig,-0.19710448003430714
ATAD2B,2p,-0.135510810380445,-0.108285584033595,non_sig,-0.027225226346849984
ATAD2,8q,-0.347901789156012,-0.28060923830074,non_sig,-0.06729255085527197
PDE6C,10q,0.0514036030562428,0.239775845800984,non_sig,-0.18837224274474118
PDE5A,4q,-0.110503998989343,-0.3866357772069735,non_sig,0.2761317782176305
PDE2A,11q,-0.2838100294507995,-0.0249098438194324,non_sig,-0.2589001856313671
SNX3,6q,-0.14933214891750102,0.140167122854698,non_sig,-0.28949927177219903
SNX11,17q,-0.0912517145656786,-0.019951298205856352,non_sig,-0.07130041635982225
SNX10,7p,-1.16518348070546,-0.09995666699311215,non_sig,-1.0652268137123477
PRSS12,4q,-0.2706107569993145,0.0453006456875238,non_sig,-0.31591140268683826
LOXL3,2p,-0.5599147709836875,-0.556921207288585,non_sig,-0.002993563695102508
SOAT1,1q,0.0487435544876581,-0.0889625113901115,non_sig,0.13770606587776962
DGAT1,8q,-0.48532921091859,-0.21707805795740398,non_sig,-0.268251152961186
ALDH3A2,17p,-0.17180970544707,0.01706702284175075,non_sig,-0.18887672828882074
ALDH3B1,11q,-0.273131552493603,-0.164062074180591,non_sig,-0.109069478313012
ALDH3A1,17p,-0.604581607828353,-0.767145618803208,non_sig,0.16256401097485496
ILVBL,19p,-0.07545070993058635,0.0202651784314603,non_sig,-0.09571588836204664
HACL1,3p,-0.0449163462993067,0.0150706405797775,non_sig,-0.0599869868790842
LRG1,19p,-0.03561011130854545,-0.329666672072766,non_sig,0.29405656076422054
TES,7q,-0.325369652564556,0.053171308849501095,non_sig,-0.37854096141405713
LMCD1,3p,-0.263729008764123,-0.19802683996168902,non_sig,-0.06570216880243396
FEM1B,15q,-0.16346111644677802,-0.01547259871118645,non_sig,-0.14798851773559157
FEM1A,19p,-0.27797805546834,0.11340465033887,non_sig,-0.39138270580720996
SNX24,5q,-0.24461508985348,0.141121416741977,non_sig,-0.385736506595457
SNX22,15q,-0.467078134524184,-0.491257251569882,non_sig,0.024179117045697973
CAPN13,2p,-0.329553194334194,0.0357147315379189,non_sig,-0.3652679258721129
CAPN2,1q,0.159700818418285,-0.0290534970763928,non_sig,0.1887543154946778
CAPN9,1q,-0.5962238960218377,-0.300911031923202,non_sig,-0.29531286409863566
CAPN5,11q,-0.35694219187744347,-0.13017691631509298,non_sig,-0.2267652755623505
MIB1,18q,0.0028972878360747,-0.00141634678587505,non_sig,0.00431363462194975
MIB2,1p,-0.159752856160648,0.016176590990056652,non_sig,-0.17592944715070463
ELK3,12q,-0.0353724652166882,0.167501667403897,non_sig,-0.20287413262058518
ELK4,1q,-0.17149207106522957,-0.119036146708564,non_sig,-0.05245592435666557
MCU,10q,-0.303821522112351,0.08725844752968034,non_sig,-0.3910799696420313
PLEKHB1,11q,-0.350958165493852,-0.332981437074244,non_sig,-0.017976728419608012
PLEKHB2,2q,-0.2775296179137155,0.0934806067529019,non_sig,-0.37101022466661737
TRAF1,9q,-0.194879792385299,-0.112598802961335,non_sig,-0.08228098942396402
TRAF2,9q,-0.259038950751429,-0.0051249767769514,non_sig,-0.2539139739744776
TRAF5,1q,-0.6527107526940961,-0.0924971397534674,non_sig,-0.5602136129406287
TRAF3,14q,-0.26925399080242196,-0.00612974468024335,non_sig,-0.2631242461221786
CDNF,10p,-0.190679659791689,-0.130450028960174,non_sig,-0.060229630831515
MANF,3p,-0.124013114051068,0.09745681765540624,non_sig,-0.22146993170647425
SRL,16p,-1.40254367020693,-0.954911035336253,non_sig,-0.44763263487067706
EHD4,15q,-0.101941566986797,-0.04575782937960545,non_sig,-0.05618373760719155
EHD2,19q,-0.319220426111647,-0.465946312016191,non_sig,0.146725885904544
EHD1,11q,-0.3176363012044525,-0.07043675600454505,non_sig,-0.24719954519990747
EHD3,2p,-0.124717026955726,-0.10025919054088794,non_sig,-0.02445783641483805
TMEM200A,6q,-0.176779917776644,-0.09464884317203989,non_sig,-0.08213107460460412
GRP,18q,-1.0047867891601658,-0.450000876810618,non_sig,-0.5547859123495478
CPLX2,5q,-0.502851343732814,-0.594932833218414,non_sig,0.09208148948559991
CPLX1,4p,-0.330795774070379,-0.215732353816909,non_sig,-0.11506342025347002
TMED2,12q,-0.0927494949484476,-0.08404913431476424,non_sig,-0.00870036063368336
TMED5,1p,-0.0164183742824624,-0.04163952217419995,non_sig,0.02522114789173755
TMED1,19p,0.08870286728512816,-0.01624155584028845,non_sig,0.10494442312541662
TMED3,15q,0.0468752119338905,0.0461685612985079,non_sig,0.0007066506353825969
RNF20,9q,0.0184007739789128,-0.0377570236865808,non_sig,0.0561577976654936
RNF40,16p,-0.0181211733916465,-0.00065078108866005,non_sig,-0.01747039230298645
LMAN1,18q,-0.1242406719980345,0.14094691084042799,non_sig,-0.2651875828384625
LMAN2L,2q,0.098620894028975,-0.0639127550931606,non_sig,0.1625336491221356
LMAN2,5q,-0.0264957010735641,0.038022567934664755,non_sig,-0.06451826900822885
SNX1,15q,-0.159421232197909,-0.01566756205691615,non_sig,-0.14375367014099283
CNNM2,10q,-0.111749940751958,0.0584913544802522,non_sig,-0.1702412952322102
CNNM1,10q,0.021340706439689,-0.08999293823160565,non_sig,0.11133364467129464
CNNM3,2q,-0.0470848143044226,-0.0069825226962592,non_sig,-0.0401022916081634
CNNM4,2q,-0.0493981430456393,-0.0223262807454229,non_sig,-0.027071862300216402
GLI1,12q,0.824370060447935,-0.181955678760556,non_sig,1.006325739208491
GLI3,7p,-0.15034756108992497,-0.14123090903139104,non_sig,-0.00911665205853393
PSME1,14q,-0.184172896469503,0.0232016406050557,non_sig,-0.2073745370745587
PSME2,14q,-0.15121687889909,-0.0239884571927398,non_sig,-0.12722842170635018
PSME3,17q,-0.181390700570989,-0.02701539725638025,non_sig,-0.15437530331460875
PPP3R2,9q,-0.0453627488525031,0.145006414843221,non_sig,-0.1903691636957241
CHP1,15q,0.161077429666479,0.08407154433891689,non_sig,0.07700588532756211
CIB1,15q,-0.0506793861430607,-0.193315116680732,non_sig,0.1426357305376713
TESC,12q,-0.8169544254579506,-0.44896876100475147,non_sig,-0.36798566445319913
PPP3R1,2p,-0.0034227532996292005,0.0457876733220265,non_sig,-0.0492104266216557
RPE,2q,-0.344577653517748,0.0551186868203359,non_sig,-0.3996963403380839
ACOT1,14q,-0.314852278134357,0.011722586426371799,non_sig,-0.3265748645607288
ACOT2,14q,-0.390453609421102,-0.0103606999553849,non_sig,-0.3800929094657171
ACOT4,14q,-0.54503417838321,-0.0274709449528904,non_sig,-0.5175632334303196
CEP85L,6q,0.0559557216795101,-0.0033540225376665,non_sig,0.0593097442171766
CEP85,1p,-0.0820097972049976,0.01638909167539415,non_sig,-0.09839888888039175
PCGF6,10q,-0.02693906406011255,0.0095920390224331,non_sig,-0.036531103082545646
PCGF1,2p,-0.0023459308731452,-0.131681986016311,non_sig,0.12933605514316582
PCGF3,4p,-0.198564834339219,0.0532199523773228,non_sig,-0.2517847867165418
PCGF2,17q,-0.136733488971086,-0.012874372271386,non_sig,-0.1238591166997
PCGF5,10q,-0.06476799421220095,0.0586465386309971,non_sig,-0.12341453284319805
CASP6,4q,-0.30587821689850747,0.10869741338411901,non_sig,-0.41457563028262645
CASP7,10q,-0.233644557087861,0.07343206555895421,non_sig,-0.30707662264681523
CASP3,4q,-0.28699361823769254,0.07508311468222906,non_sig,-0.3620767329199216
CASP2,7q,-0.360424945397408,-0.0542698094823693,non_sig,-0.3061551359150387
CASP1,11q,-0.3951946170564755,-0.397803850759054,non_sig,0.002609233702578484
CASP9,1p,-0.170467267862346,-0.05409258316749885,non_sig,-0.11637468469484716
CASP8,2q,-0.383488591730359,0.0637232758711719,non_sig,-0.44721186760153087
CASP4,11q,-0.1085551679558079,0.122970576656684,non_sig,-0.2315257446124919
SGCE,7q,-0.118535988716089,-0.00906026719921645,non_sig,-0.10947572151687256
RFXANK,19p,-0.093833692945343,0.0542887404210309,non_sig,-0.1481224333663739
ANKRA2,5q,0.161938672515751,-0.0402171973527802,non_sig,0.2021558698685312
ALDH4A1,1p,0.123575295160388,-0.11268755476626599,non_sig,0.23626284992665397
ENPP5,6p,-0.271997541386568,-0.2851153632526,non_sig,0.013117821866031998
ENPP3,6q,-0.5658820734621065,-0.450607928955151,non_sig,-0.1152741445069555
ENPP4,6p,-0.06921057947691055,0.25855370470823547,non_sig,-0.327764284185146
ENPP1,6q,-0.1308806094244385,-0.0922161760564606,non_sig,-0.038664433367977896
EMC9,14q,-0.0702298247675721,0.02140924986897055,non_sig,-0.09163907463654265
EMC8,16q,-0.0467833894228891,0.0722097939889231,non_sig,-0.1189931834118122
CTNNAL1,9q,0.00800812488860755,-0.0089337069485906,non_sig,0.01694183183719815
SLC25A52,18q,-0.00364311131368325,0.0028091867760685,non_sig,-0.00645229808975175
CORO7,16p,-0.332114634974777,-0.10326905984119789,non_sig,-0.22884557513357912
CORO2A,9q,-0.476799514504444,-0.0450735662470378,non_sig,-0.43172594825740623
CORO1C,12q,-0.01412175095531205,0.041448969188135204,non_sig,-0.05557072014344726
CORO1B,11q,0.04776254106105785,0.0031671415296371,non_sig,0.04459539953142075
CORO1A,16p,-0.88621723425081,-0.721353790361371,non_sig,-0.16486344388943897
CORO2B,15q,-0.4473333499671135,-0.407037172208778,non_sig,-0.040296177758335494
CORO6,17q,-0.6042294361568155,-0.5162490373248515,non_sig,-0.08798039883196396
ELF1,13q,-0.451471171686665,-0.09170704850862355,non_sig,-0.35976412317804146
ELF2,4q,-0.06495014808829039,0.025199391553333297,non_sig,-0.09014953964162369
PRICKLE2,3p,-0.0736679322031892,0.0737169866604433,non_sig,-0.14738491886363247
TBC1D12,10q,-0.118960513162531,0.06122326377146635,non_sig,-0.18018377693399734
TBC1D14,4p,-0.184673196459817,0.00110477272672,non_sig,-0.185777969186537
TFAP2B,6p,-0.057909164461072,-0.221926308354151,non_sig,0.164017143893079
TFAP2C,20q,-0.178118721912282,-0.418872374245687,non_sig,0.240753652333405
TFAP2A,6p,-0.22365845396706,-0.179326031350009,non_sig,-0.044332422617051004
COL19A1,6q,-0.224934877583759,-0.33282556452941703,non_sig,0.10789068694565804
BCKDHA,19q,-0.1202404432138855,-0.03232268216851675,non_sig,-0.08791776104536875
MAD2L1,4q,-0.290926419970219,-0.0034024717138926,non_sig,-0.28752394825632643
MAD2L2,1p,-0.26237076013650196,-0.0633415668907858,non_sig,-0.19902919324571616
AZI2,3p,-0.133330933735829,0.153192573932929,non_sig,-0.286523507668758
TBKBP1,17q,-0.451063367239832,-0.238077757313485,non_sig,-0.212985609926347
SIGLEC5,19q,-0.867798308155372,-0.241188287695568,non_sig,-0.626610020459804
ADSL,22q,-0.36696648048341196,0.0914308720514275,non_sig,-0.4583973525348395
ASL,7q,-0.626910537974223,-0.131170905325317,non_sig,-0.495739632648906
PSTPIP2,18q,-0.345115912513286,-0.3193591809788545,non_sig,-0.025756731534431476
PSTPIP1,15q,-0.497574687482948,-0.42070441301524597,non_sig,-0.076870274467702
MYBPH,1q,0.05196693852264365,-0.1973305115708705,non_sig,0.24929745009351414
MYBPC2,19q,0.9322906401603105,-0.699489914130997,non_sig,1.6317805542913075
ULK3,15q,-0.3660282443817815,-0.05281196646291115,non_sig,-0.31321627791887036
ULK1,12q,-0.275437455216429,-0.0006033200945958,non_sig,-0.2748341351218332
ATP6V1B1,2p,-0.206466961968367,-0.0151474105787326,non_sig,-0.1913195513896344
ATP6V1B2,8p,-0.279493159324889,0.06724539213148956,non_sig,-0.34673855145637855
PPP3CA,4q,-0.10960619522338949,0.11842565652169901,non_sig,-0.2280318517450885
PPP1CB,2p,-0.0050604683160404,0.00886102323943335,non_sig,-0.013921491555473751
PPP4C,16p,0.0608823393449983,-0.019730288929076148,non_sig,0.08061262827407445
PPP3CB,10q,-0.135484385959743,-0.011915721665918848,non_sig,-0.12356866429382414
PPP3CC,8p,-0.321916984690822,0.146798518739861,non_sig,-0.46871550343068297
PPP6C,9q,-0.121208281483134,-0.011815490118912,non_sig,-0.109392791364222
PPP1CC,12q,0.0062559031777278,-0.019001436393035198,non_sig,0.025257339570762996
PPP1CA,11q,0.00896727786642835,-0.038724070219014056,non_sig,0.047691348085442405
LIPA,10q,-0.248609724603078,-0.0403567884526646,non_sig,-0.2082529361504134
XDH,2p,-0.201529316837095,-0.0881857156523789,non_sig,-0.11334360118471609
AOX1,2q,0.0224963288912802,-0.497952415744083,non_sig,0.5204487446353632
HYAL2,3p,-0.0250627462505593,-0.0015248542982795998,non_sig,-0.023537891952279698
STK25,2q,-0.0842131794772669,-0.04038441158747265,non_sig,-0.04382876788979426
PRSS23,11q,-0.2636179804770965,-0.0534552163457766,non_sig,-0.2101627641313199
SMNDC1,10q,-0.113412058062231,-0.015029776379106699,non_sig,-0.0983822816831243
SMN1,5q,-0.0594728785165832,0.10034513242566095,non_sig,-0.15981801094224415
EVPL,17q,-0.0115253516136901,-0.61765222290514,non_sig,0.6061268712914499
SMAP1,6q,-0.153279579613457,0.106650691432125,non_sig,-0.259930271045582
SMAP2,1p,-0.311176071769583,-0.14852344851035099,non_sig,-0.16265262325923202
LGALS9C,17p,-0.17243129814805,-0.622295531488059,non_sig,0.449864233340009
LGALS9,17q,-1.3954509856347,-0.351187095056504,non_sig,-1.044263890578196
LGALS1,22q,-0.193978950522404,0.275246851777758,non_sig,-0.469225802300162
LGALS4,19q,-0.763969610127292,-0.686613801828882,non_sig,-0.07735580829841004
LGALS3,14q,0.0515623106350853,-0.290012359403391,non_sig,0.3415746700384763
LGALS8,1q,-0.100275294550298,0.0530499008569627,non_sig,-0.1533251954072607
LGALSL,2p,-0.161688173008763,0.059180510150939405,non_sig,-0.22086868315970243
MTPAP,10p,-0.221083719801873,0.0900602007688448,non_sig,-0.3111439205707178
TUT1,11q,-0.045845386279543,-0.119184804459342,non_sig,0.073339418179799
BCR,22q,-0.17379298045195551,0.08756305515556095,non_sig,-0.26135603560751647
ABR,17p,-0.35570033678022095,0.053717673181283454,non_sig,-0.4094180099615044
FCHSD2,11q,-0.272340130453823,-0.06874881708693895,non_sig,-0.20359131336688405
FCHSD1,5q,0.024781854726791452,-0.01012218239851375,non_sig,0.0349040371253052
EFEMP1,2p,0.349647120908378,-0.5239186880778774,non_sig,0.8735658089862555
FBLN2,3p,-0.498026114502658,-0.5100764165034475,non_sig,0.012050302000789492
EFEMP2,11q,0.05159419484683305,-0.176635896648939,non_sig,0.22823009149577206
FBLN5,14q,-0.331688309742696,-0.8591778908571,non_sig,0.527489581114404
FBLN1,22q,-0.4191185963043885,-0.272180279845878,non_sig,-0.14693831645851052
STX7,6q,-0.281073652249701,0.06463828320746651,non_sig,-0.3457119354571675
STX3,11q,-0.0092097096203309,-0.07830891296554995,non_sig,0.06909920334521906
STX1A,7q,-0.740180545948117,-0.5228121980999355,non_sig,-0.2173683478481815
STX2,12q,-0.0043858820430067,0.078902956042981,non_sig,-0.08328883808598771
STX1B,16p,-0.458027333887699,-0.280568586310298,non_sig,-0.177458747577401
STX4,16p,0.0086668121579927,0.0405543783417848,non_sig,-0.0318875661837921
STX12,1p,-0.108314051894553,0.0763638873187856,non_sig,-0.18467793921333858
STX16,20q,-0.192992632799764,-0.1098890774319495,non_sig,-0.0831035553678145
JAKMIP2,5q,-0.131680243913706,-0.050817544883285,non_sig,-0.08086269903042101
JAKMIP1,4p,-0.172898739157893,0.08590616231422521,non_sig,-0.2588049014721182
AUH,9q,-0.191382337169593,0.0167392563739769,non_sig,-0.2081215935435699
ECHDC1,6q,-0.20713642314651948,0.2159437370289165,non_sig,-0.423080160175436
ECHDC3,10p,-0.662478961026163,-0.49211770946551653,non_sig,-0.17036125156064647
HIBCH,2q,-0.205066619788327,0.0261931871988658,non_sig,-0.23125980698719278
ECI1,16p,-0.221911398687785,0.0960543618816683,non_sig,-0.3179657605694533
ECH1,19q,-0.08327198314345255,-0.05753453794975945,non_sig,-0.0257374451936931
ECHDC2,1p,-0.0663356784747132,-0.220296232851241,non_sig,0.1539605543765278
ECHS1,10q,-0.181993347749384,0.1468861184414155,non_sig,-0.3288794661907995
DRAM2,1p,-0.412893230577489,-0.130289127518988,non_sig,-0.28260410305850103
ANO8,19p,0.209654052939092,0.0038601419437402995,non_sig,0.20579391099535171
MTFR2,6q,-0.15701901873047802,0.0212945487675638,non_sig,-0.17831356749804184
MTFR1L,1p,-0.102036205009347,0.0134848384554718,non_sig,-0.1155210434648188
MTFR1,8q,-0.239455285139258,-0.0184419909222861,non_sig,-0.2210132942169719
DNAJA3,16p,-0.133867763165037,0.0563136171865229,non_sig,-0.1901813803515599
DNAJA1,9p,-0.165621274430277,0.1160885528961205,non_sig,-0.2817098273263975
DNAJA4,15q,-0.352759500903965,-0.409477382349074,non_sig,0.056717881445108975
DNAJA2,16q,-0.245369581645213,-0.0354767940731253,non_sig,-0.20989278757208768
ASXL3,18q,0.035149768587675795,0.0118631137994145,non_sig,0.023286654788261293
ASXL1,20q,-0.202611129713535,-0.09638928100380365,non_sig,-0.10622184870973136
ASXL2,2p,0.050634473559165,-0.00253466988749655,non_sig,0.05316914344666155
TVP23C,17p,-0.0253258949562262,0.10525612315092644,non_sig,-0.13058201810715264
SENP6,6q,-0.17190382968499,0.0036919083911685,non_sig,-0.1755957380761585
SENP7,3q,-0.304891533545055,-0.02844169128708805,non_sig,-0.2764498422579669
JAK2,9p,-0.126418216371052,-0.08630399662266519,non_sig,-0.040114219748386803
JAK3,19p,-0.0861885492817257,-0.0156019817483193,non_sig,-0.0705865675334064
LYN,8q,-0.361428074365302,-0.1042713717427421,non_sig,-0.2571567026225599
FYN,6q,-0.20591073487245548,0.02384696562344845,non_sig,-0.22975770049590394
LCK,1p,-0.503627716581869,-0.426265631280749,non_sig,-0.07736208530111999
TYK2,19p,-0.174522366135979,-0.0476848512697624,non_sig,-0.12683751486621658
JAK1,1p,-0.1285325239937195,-0.0473440583365677,non_sig,-0.0811884656571518
CSK,15q,-0.499298228748029,-0.1754171768266605,non_sig,-0.3238810519213685
FRK,6q,-0.182579978866311,-0.203661262200401,non_sig,0.021081283334090012
AMOTL1,11q,-0.015257776750094699,0.03534559162999685,non_sig,-0.05060336838009155
AMOTL2,3q,0.0329950157206245,0.06920710172373125,non_sig,-0.03621208600310675
SAT2,17p,-0.359997285550538,0.0605679154411387,non_sig,-0.4205652009916767
UBL7,15q,-0.0209674128844421,0.0829569665145054,non_sig,-0.1039243793989475
UBQLN4,1q,-0.256639421437015,-0.0122752053277356,non_sig,-0.24436421610927941
UBQLN3,11p,0.0294306360018443,0.0188586168904782,non_sig,0.010572019111366099
UBQLN1,9q,-0.364087703802243,0.11114840525682,non_sig,-0.475236109059063
STK10,5q,-0.475392233954852,-0.249885507202941,non_sig,-0.22550672675191097
TAOK1,17q,-0.153827047066985,-0.0137852324045832,non_sig,-0.1400418146624018
MAP4K5,14q,-0.295527331076284,-0.053453190191139,non_sig,-0.24207414088514498
STK3,8q,-0.347782696387135,-0.0800459763719567,non_sig,-0.2677367200151783
MAP2K6,17q,-0.524988948263046,-0.170993576686163,non_sig,-0.353995371576883
TAOK3,12q,-0.09875399795257886,-0.0652677179207545,non_sig,-0.033486280031824356
STK4,20q,-0.439936252716494,-0.2675409995909435,non_sig,-0.17239525312555048
SLK,10q,-0.2617021002832045,0.042002722279692276,non_sig,-0.30370482256289677
MAP4K3,2p,-0.11844959527031151,-0.04175612380928375,non_sig,-0.07669347146102776
MAP2K3,17p,-0.1459399634402035,0.09583409677467289,non_sig,-0.24177406021487638
NEBL,10p,-0.30287491617167095,-0.07252687925443449,non_sig,-0.23034803691723646
NEB,2q,0.0557586674599736,-0.0440853797891494,non_sig,0.09984404724912299
LASP1,17q,0.127021292108934,0.0163938448552043,non_sig,0.11062744725372971
MPDU1,17p,-0.269205096026935,0.11606885690282151,non_sig,-0.3852739529297565
OXSR1,3p,-0.372958117076663,0.1398205759510725,non_sig,-0.5127786930277355
TAOK2,16p,-0.1207332728082886,-0.0034667276986181,non_sig,-0.11726654510967051
STRADA,17q,-0.21537647769270452,-0.031764074434474,non_sig,-0.18361240325823053
STRADB,2q,-0.062460772569970804,-0.1026191554688206,non_sig,0.04015838289884979
STK39,2q,-0.322105708619648,-0.0061910535541943,non_sig,-0.3159146550654537
PCBD2,5q,-0.0927014642185348,0.01451952922401625,non_sig,-0.10722099344255105
PCBD1,10q,-0.468911851810349,0.134202436607073,non_sig,-0.603114288417422
DOCK1,10q,-0.177507780565425,0.0520976478990134,non_sig,-0.22960542846443838
DOCK4,7q,-0.1893675041736875,-0.292974625508314,non_sig,0.10360712133462649
DOCK3,3p,0.013089018803315752,0.0895093816510399,non_sig,-0.07642036284772415
DOCK2,5q,-0.735475553117268,-0.692550543127403,non_sig,-0.042925009989864926
DOCK5,8p,-0.13846663334701398,-0.03257649769380905,non_sig,-0.10589013565320493
MTMR12,5p,-0.38380769437760553,-0.12177694101230249,non_sig,-0.262030753365303
MTMR10,15q,-0.1770022487521015,-0.0793072268657102,non_sig,-0.09769502188639129
DDI2,1p,0.0727975887472361,-0.0121062724530319,non_sig,0.08490386120026801
UBE2J1,6q,-0.08904130348605985,0.043742926392175696,non_sig,-0.13278422987823554
DDIT4,10q,-0.2860673446145928,0.0315071198284622,non_sig,-0.31757446444305504
HADHB,2p,-0.262059966686912,0.0066235324047386,non_sig,-0.2686834990916506
ACAA2,18q,-0.163704140626217,0.244057924379349,non_sig,-0.407762065005566
ACAT1,11q,-0.349494604408411,0.0076031988632038,non_sig,-0.35709780327161483
ACAT2,6q,-0.304681197671906,-0.0118339429923699,non_sig,-0.2928472546795361
ACAA1,3p,0.084006889337936,0.00343405184132685,non_sig,0.08057283749660915
RASAL3,19p,-0.64910327495966,-0.595330465844667,non_sig,-0.05377280911499305
SYNGAP1,6p,0.03100948241472275,-0.08953245792697065,non_sig,0.1205419403416934
DAB2IP,9q,-0.123113779130032,-0.04605255689566675,non_sig,-0.07706122223436526
RASAL2,1q,0.348638351284537,-0.0017983090223078,non_sig,0.35043666030684484
PTPRZ1,7q,-0.695645835169032,-0.626125398664418,non_sig,-0.06952043650461404
DPYSL3,5q,-0.620743769630782,-0.3997984073825625,non_sig,-0.22094536224821953
CRMP1,4p,-0.36265010514373053,-0.14770628882716,non_sig,-0.21494381631657053
DPYSL4,10q,-0.419492538671609,-0.284051049638872,non_sig,-0.135441489032737
DPYSL2,8p,-0.528472205990689,0.332733569340536,non_sig,-0.861205775331225
DPYSL5,2p,-0.1634937038432545,-0.2157616265724785,non_sig,0.05226792272922398
F13A1,6p,-0.33719548273184097,-0.271895663376163,non_sig,-0.06529981935567797
TGM5,15q,0.08470081368846555,-0.56151645606085,non_sig,0.6462172697493156
TGM2,20q,-0.7172031211763765,-1.02673290885862,non_sig,0.3095297876822434
SIPA1L3,19q,-0.0523210436803023,-0.0003803216106933499,non_sig,-0.051940722069608945
SIPA1,11q,-0.0364510781669932,-0.03239134473460755,non_sig,-0.004059733432385651
SIPA1L2,1q,-0.329685685491908,-0.2035464564970105,non_sig,-0.12613922899489752
RAP1GAP2,17p,-0.278815656120813,-0.182559049731922,non_sig,-0.096256606388891
RAP1GAP,1p,-0.11242232990048566,-0.125028065136501,non_sig,0.012605735236015339
SMARCC1,3p,-0.0264065635729991,0.0132681491813932,non_sig,-0.0396747127543923
SMARCC2,12q,-0.044991021664994475,0.018057719990983497,non_sig,-0.06304874165597797
CAMKV,3p,-0.108312658984875,-0.182809704701706,non_sig,0.074497045716831
ZNF66,19p,0.0336351115471478,-0.1269849166332675,non_sig,0.1606200281804153
ZNF100,19p,-0.808378972200282,0.44510345111425054,non_sig,-1.2534824233145325
ZNF675,19p,0.13085569585662365,-0.10108620076690464,non_sig,0.2319418966235283
ZNF430,19p,-0.466196057100055,0.2728886241152275,non_sig,-0.7390846812152825
ZNF273,7q,-0.981372101948443,-0.186523764693576,non_sig,-0.794848337254867
ZNF92,7q,-0.297548878267547,-0.162854606379114,non_sig,-0.134694271888433
ZNF114,19q,-0.368499111087078,-0.088915419558579,non_sig,-0.279583691528499
SERPINB6,6p,-0.23742822624176602,0.110363121173432,non_sig,-0.347791347415198
SERPINB10,18q,-0.128135153368552,-0.208148067458976,non_sig,0.08001291409042399
SERPINB1,6p,-0.3882017413700225,-0.177613827093864,non_sig,-0.2105879142761585
SERPINC1,1q,-0.144872251729961,0.0037178703191511,non_sig,-0.1485901220491121
SERPINA6,14q,-0.093481047394883,-0.503788243691186,non_sig,0.410307196296303
SERPINB9,6p,-0.6620384024255335,-0.7202629714855024,non_sig,0.05822456905996898
SERPINB8,18q,-0.08837422532238176,0.0390035442956495,non_sig,-0.12737776961803127
ACO1,9p,-0.156800393110251,-0.00222431709173845,non_sig,-0.15457607601851256
ARHGAP24,4q,-0.1861888413389775,-0.0695582885104852,non_sig,-0.1166305528284923
ARHGAP25,2p,-0.6378592838521016,-0.742771574813435,non_sig,0.10491229096133348
ARHGAP22,10q,-0.109269673907346,-0.07322283185898185,non_sig,-0.036046842048364156
MCC,5q,-0.0805668978551086,-0.046998215920102754,non_sig,-0.03356868193500584
RRAGA,9p,-0.09595087985352341,-0.125429146581471,non_sig,0.029478266727947594
RRAGD,6q,-0.112047348298355,-0.06509109183646145,non_sig,-0.04695625646189355
RRAGC,1p,-0.163751995982153,-0.02295154417513165,non_sig,-0.14080045180702136
MYOZ2,4q,-0.36408654035094845,-0.4261871242015215,non_sig,0.06210058385057304
ARHGAP42,11q,-0.022793668305998,0.165090138048727,non_sig,-0.18788380635472499
ARHGAP26,5q,-0.2627465772768095,0.0111887973598162,non_sig,-0.2739353746366257
ARHGAP10,4q,-0.04798148613930235,0.0562845704915302,non_sig,-0.10426605663083255
YIPF5,5q,-0.0258401160518904,0.047759227239957694,non_sig,-0.0735993432918481
YIPF4,2p,0.054551594253395494,0.003650406915417864,non_sig,0.05090118733797763
FEZ2,2p,-0.0344893008259655,-0.0766510152301478,non_sig,0.04216171440418231
FEZ1,11q,-0.022286278782244512,-0.144490644274889,non_sig,0.12220436549264449
ORAI1,12q,0.0341363729751433,0.050256149441737195,non_sig,-0.016119776466593898
CRTC1,19p,-0.150569675388413,0.12777763902142,non_sig,-0.278347314409833
CRTC3,15q,-0.139870689637177,0.0444766188822335,non_sig,-0.1843473085194105
CRTC2,1q,-0.263880728889363,-0.06960830245039355,non_sig,-0.19427242643896941
HSD3B7,16p,0.0462446904096224,-0.146396108163907,non_sig,0.1926407985735294
NOX5,15q,0.260637832303149,0.021098388613067245,non_sig,0.2395394436900818
STX17,9q,-0.222257777128221,0.0916997125335139,non_sig,-0.3139574896617349
STX5,11q,-0.0638245994856957,-0.05454785885784255,non_sig,-0.00927674062785315
STX11,6q,-0.09010074090763105,-0.2872315843301405,non_sig,0.19713084342250947
FUT11,10q,-0.02966429214450265,-0.0077979977335926,non_sig,-0.02186629441091005
FUT3,19p,-0.32578876434896,-0.4417006645168815,non_sig,0.11591190016792152
FAM184B,4p,-0.20289990411959702,0.1316659690378555,non_sig,-0.3345658731574525
NXF1,11q,-0.05439502071219095,-0.0717471116243483,non_sig,0.01735209091215735
SLC3A1,2p,-1.644745932275415,-0.496335866310726,non_sig,-1.148410065964689
SLC3A2,11q,0.10675781059497508,-0.06565821915075817,non_sig,0.17241602974573325
FUT4,11q,-0.6703998879919915,-0.0786512408757489,non_sig,-0.5917486471162425
ABHD5,3p,0.0100942206435671,-0.0010697700094575498,non_sig,0.01116399065302465
ABHD4,14q,-0.150976674556823,-0.117620241094192,non_sig,-0.03335643346263101
TMEM161A,19p,-0.07640336726579995,0.0641655571571389,non_sig,-0.14056892442293883
TMEM161B,5q,-0.197657487722489,0.0973992580347042,non_sig,-0.2950567457571932
UAP1L1,9q,-0.47502077119403,-0.0002559011753926,non_sig,-0.47476487001863743
UAP1,1q,-0.206755313666992,-0.39144377146604,non_sig,0.18468845779904797
TNFAIP1,17q,0.3519082431579975,0.0331489125534828,non_sig,0.3187593306045147
KCTD10,12q,-0.06942585799231545,-0.0031706554774401,non_sig,-0.06625520251487535
KCTD13,16p,0.07593486937342464,0.0023347771151924,non_sig,0.07360009225823225
ZNF668,16p,-0.12176621519143499,0.0178649787811911,non_sig,-0.13963119397262608
ZNF579,19q,-0.16710465312602,-0.0102579443914248,non_sig,-0.1568467087345952
ZNF850,19q,0.5908350490344705,-0.347255880561826,non_sig,0.9380909295962965
ZNF358,19p,-0.2177596088133945,-0.0515315695947379,non_sig,-0.16622803921865661
TIMM23,10q,-0.0865691933814969,0.01178523960057435,non_sig,-0.09835443298207125
BTN3A2,6p,-0.0723190800499541,0.0172976463640028,non_sig,-0.0896167264139569
BTN3A3,6p,-0.19922935704045752,-0.0845305227299622,non_sig,-0.11469883431049532
BTN2A1,6p,-0.0773769576502586,0.05235500378238085,non_sig,-0.12973196143263943
ERMAP,1p,0.7448804989674865,-0.3690990238526085,non_sig,1.113979522820095
BTN3A1,6p,-0.291012133313472,-0.06252826200333331,non_sig,-0.22848387131013867
RALGAPA2,20p,-0.148948288795431,-0.1410493062671005,non_sig,-0.007898982528330517
RALGAPA1,14q,-0.207824781081126,-0.0208337631150547,non_sig,-0.18699101796607132
PRODH,22q,-0.28911133812858647,-0.355903345911148,non_sig,0.0667920077825615
PRODH2,19q,-0.393426495454421,-0.03393512849870925,non_sig,-0.3594913669557117
NT5DC1,6q,-0.252377736316001,0.0806238134048856,non_sig,-0.33300154972088664
NT5DC3,12q,-0.180536154581677,-0.08341826306034675,non_sig,-0.09711789152133024
NT5C2,10q,-0.2505180855483449,-0.05209042218852705,non_sig,-0.19842766335981787
BCKDK,16p,-0.0777437400444263,-0.00464879662582515,non_sig,-0.07309494341860115
PDK2,17q,0.0001732350551156,-0.016444063764865,non_sig,0.0166172988199806
PDK1,2q,-0.398421064446826,-0.11636464061005,non_sig,-0.282056423836776
TIE1,1p,-0.5117708588422265,-0.31455306195397803,non_sig,-0.19721779688824848
ERGIC3,20q,-0.1233992340097739,0.02756232814293095,non_sig,-0.15096156215270484
ERGIC2,12p,-0.0522569276748532,0.0165849190139434,non_sig,-0.0688418466887966
ERGIC1,5q,-0.100301147108977,0.02625507341076945,non_sig,-0.12655622051974647
HKDC1,10q,-0.619938302125975,-0.415808521276553,non_sig,-0.20412978084942202
HK1,10q,0.0935154190950933,0.01003995145601585,non_sig,0.08347546763907744
HK2,2p,-0.289245634933333,-0.139912372605522,non_sig,-0.149333262327811
HK3,5q,0.0310741262678721,-0.109772209831125,non_sig,0.1408463360989971
A1CF,10q,-0.523654071106965,-0.387676276524839,non_sig,-0.13597779458212605
RBM47,4p,0.0702348148052733,-0.0499586739502349,non_sig,0.1201934887555082
TSPAN15,10q,-0.28050856385717504,0.183822472760808,non_sig,-0.46433103661798303
TSPAN9,12p,-0.230963170780459,-0.07355683935901375,non_sig,-0.15740633142144525
CD63,12q,-0.01118740105149855,-0.130608096940881,non_sig,0.11942069588938244
TSPAN5,4q,-0.310436005431414,-0.216840781184476,non_sig,-0.09359522424693797
TSPAN1,1p,0.024128832604386502,-0.6377882612180875,non_sig,0.661917093822474
TSPAN3,15q,-0.15785406455398598,-0.222614762420161,non_sig,0.06476069786617503
TSPAN14,10q,-0.224955948477873,-0.01466944427208755,non_sig,-0.21028650420578546
FRMD4B,3p,0.01057017399520865,0.178992598112927,non_sig,-0.16842242411771835
FRMD4A,10p,-0.137458294128522,-0.173100357376107,non_sig,0.03564206324758498
EZR,6q,-0.113108559629234,-0.0185337741346117,non_sig,-0.0945747854946223
RDX,11q,-0.2387844024385975,0.10745961013630205,non_sig,-0.34624401257489956
SLC12A2,5q,-0.40203513359442,-0.3092502454656635,non_sig,-0.09278488812875652
SLC12A9,7q,-0.212131440467119,-0.1769435576122375,non_sig,-0.035187882854881475
SLC12A3,16q,-3.1802417933989973,-0.612575763150842,non_sig,-2.567666030248155
SLC12A5,20q,0.1257447112353605,0.155547197220954,non_sig,-0.029802485985593513
SLC12A8,3q,0.06472629526672499,0.0416416755806817,non_sig,0.023084619686043292
SLC12A7,5p,-0.37415949447311847,0.0891810790995871,non_sig,-0.4633405735727056
SLC12A6,15q,-0.109807443117125,-0.0380665042823426,non_sig,-0.07174093883478239
SLC12A4,16q,-0.06488090743598685,0.015975793716825202,non_sig,-0.08085670115281204
NR3C2,4q,-0.0292089009694771,-0.064809115900962,non_sig,0.0356002149314849
NR3C1,5q,-0.121747221410957,0.12205242507292749,non_sig,-0.24379964648388447
PGR,11q,-0.5363032022432125,-0.3966615830931495,non_sig,-0.139641619150063
ESRRB,14q,0.324344473522974,-0.125596302324478,non_sig,0.449940775847452
ESRRA,11q,0.05884220848840055,0.0134399098911128,non_sig,0.04540229859728775
FLNC,7q,-0.413749086755596,-0.3911375907283155,non_sig,-0.02261149602728052
FLNB,3p,-0.08802653910226899,-0.04800952898601289,non_sig,-0.040017010116256094
AGTPBP1,9q,-0.385321707368747,0.045541465297468844,non_sig,-0.4308631726662158
ACBD5,10p,-0.17556454404959598,0.160438763422551,non_sig,-0.336003307472147
KCNK6,19q,0.07960013790972209,0.19824887535789,non_sig,-0.1186487374481679
COX7A2L,2p,0.0283905525749991,7.077528466294998e-05,non_sig,0.02831977729033615
COX7A2,6q,-0.0898653328458417,-0.0627275976305677,non_sig,-0.02713773521527399
CAV2,7q,0.83225882367652,-0.2360013270882505,non_sig,1.0682601507647704
CAV1,7q,1.0325423265968,-0.4275673637607905,non_sig,1.4601096903575903
SEH1L,18p,-0.162085023546928,-0.0421558605568955,non_sig,-0.1199291629900325
SEC13,3p,0.0176418712466925,0.08207859511974525,non_sig,-0.06443672387305274
HBS1L,6q,-0.3140636439132738,0.11028153669195549,non_sig,-0.4243451806052293
TUFM,16p,-0.0006111144303785,0.0896069894066468,non_sig,-0.0902181038370253
EEF1A1,6q,-0.310118920548748,0.11769466488836,non_sig,-0.427813585437108
EEF1A2,20q,0.030165206205804998,-0.05889590534435815,non_sig,0.08906111155016315
GSPT1,16p,-0.210149538633967,0.0717545472886761,non_sig,-0.2819040859226431
DNAJB9,7q,-0.06645006076849,-0.119210063869169,non_sig,0.05276000310067901
DNAJB4,1p,-0.383713587361254,0.043603544046522655,non_sig,-0.42731713140777666
DNAJB2,2q,0.0816180724761723,0.0437828790942087,non_sig,0.037835193381963596
DNAJB6,7q,-0.217703394534058,-0.1213512203438035,non_sig,-0.09635217419025449
DNAJB1,19p,-0.1611377221037725,0.116244419589062,non_sig,-0.2773821416928345
DNAJB11,3q,-0.338900414728425,-0.0302833386696186,non_sig,-0.30861707605880645
DNAJB5,9p,0.0986670342214869,-0.264518989425057,non_sig,0.36318602364654395
UBTD2,5q,-0.0546270786782219,0.123799906885395,non_sig,-0.17842698556361689
UBTD1,10q,0.0823001282767459,0.116856322505247,non_sig,-0.03455619422850109
SAP30L,5q,0.0080698889208887,0.00510899320737475,non_sig,0.002960895713513949
SAP30,4q,-0.05630867667799625,0.04047234051937609,non_sig,-0.09678101719737234
ADAM12,10q,-0.481671379950775,-0.413839191629948,non_sig,-0.06783218832082705
ADAM15,1q,-0.116462118741143,0.0245774693666465,non_sig,-0.1410395881077895
ADAM22,7q,-0.170263115405391,0.065808821294896,non_sig,-0.23607193670028698
ADAM8,10q,-0.2927864297522905,-0.178636291537515,non_sig,-0.11415013821477552
ADAM19,5q,-0.069502901970802,-0.196436765412242,non_sig,0.12693386344144
ADAM10,15q,-0.121922141632986,-0.0473126095348908,non_sig,-0.0746095320980952
ADAM28,8p,-0.210160078541844,0.1387869772366365,non_sig,-0.3489470557784805
ADAM9,8p,0.21011733400917498,0.115257642996561,non_sig,0.09485969101261399
LAMB4,7q,-0.038110977973344,0.0870989268931934,non_sig,-0.1252099048665374
LAMB3,1q,0.016520797961472,-0.331628257590697,non_sig,0.34814905555216896
LAMB1,7q,-0.0192220835812667,0.0541000829651674,non_sig,-0.0733221665464341
NTN4,12q,0.0966979525047021,-0.0650704105614829,non_sig,0.161768363066185
LAMB2,3p,-0.178238331518531,-0.12143654119243501,non_sig,-0.05680179032609599
TCF20,22q,-0.06594440667134105,0.0386303264967415,non_sig,-0.10457473316808255
RAI1,17p,-0.32747930168241446,0.034889365623628654,non_sig,-0.3623686673060431
NRG1,8p,-0.149037423246686,-0.3011666256227895,non_sig,0.1521292023761035
APOL3,22q,-0.22851150613277,-0.29466334143988504,non_sig,0.06615183530711505
APOL1,22q,-0.257160768191675,-0.10440071481195864,non_sig,-0.15276005337971635
APOL2,22q,-0.3157055652930505,-0.01077500449772615,non_sig,-0.3049305607953243
APOL6,22q,-0.166819295572082,0.2348334995806135,non_sig,-0.4016527951526955
INPP5K,17p,-0.1911115363911505,0.0308580395242644,non_sig,-0.22196957591541489
INPP5B,1p,-0.28284869390011846,-0.195195412360923,non_sig,-0.08765328153919547
INPP5J,22q,-0.034451245400354,-0.283906094249196,non_sig,0.249454848848842
PYCARD,16p,-0.468000539444845,-0.536466180487934,non_sig,0.06846564104308905
CCNI,4q,-0.132322603657166,0.18425239551286998,non_sig,-0.31657499917003595
FPR2,19q,-0.37644992643604147,-0.0170014849637096,non_sig,-0.35944844147233185
FPR3,19q,0.8240191971087785,-0.36778315342783,non_sig,1.1918023505366084
TM6SF1,15q,0.204245882930823,-0.7858809451098365,non_sig,0.9901268280406595
ZBED5,11p,-0.302293134917715,0.0097789913799332,non_sig,-0.3120721262976482
PRMT7,16q,-0.14927914773740802,-0.0320297138662221,non_sig,-0.11724943387118592
ANKS4B,16p,-0.7423650907128465,-0.503233880375241,non_sig,-0.23913121033760554
RILP,17p,-0.184286059112762,-0.0979721072115097,non_sig,-0.0863139519012523
RILPL1,12q,-0.1607570627134745,0.02197669648971115,non_sig,-0.18273375920318566
TNFAIP8,5q,-0.3580103378772115,-0.172608495981524,non_sig,-0.18540184189568748
TLCD1,17q,0.3302142029200302,-0.0569503666247955,non_sig,0.3871645695448257
SH3PXD2B,5q,-0.204502798260654,-0.20688848971505,non_sig,0.0023856914543959884
SH3PXD2A,10q,0.0438372121629469,-0.0840180610638174,non_sig,0.1278552732267643
CARD16,11q,-0.778235396391145,-0.0928596579630701,non_sig,-0.685375738428075
MEF2B,19p,-0.775648783221954,-0.5244270787434595,non_sig,-0.25122170447849446
MEF2D,1q,-0.321890779812529,-0.150725950737876,non_sig,-0.171164829074653
MEF2A,15q,-0.31265713754156454,-0.0173015425920712,non_sig,-0.29535559494949337
MEF2C,5q,-0.244592974270333,-0.6994104325777575,non_sig,0.4548174583074245
NSMCE4A,10q,-0.100708607356899,0.0404960133661986,non_sig,-0.14120462072309758
EVA1A,2p,-0.18507590106907,-0.1262110585491425,non_sig,-0.05886484251992749
EVA1B,1p,-0.14596784782567435,-0.01657353429685585,non_sig,-0.1293943135288185
LIN28B,6q,-1.058107724576115,-0.6480611081770336,non_sig,-0.41004661639908146
LIN28A,1p,-0.686624821364239,-0.635938695030511,non_sig,-0.05068612633372793
YBX3,12p,-0.28362455211584703,0.119300646579757,non_sig,-0.40292519869560406
YBX1,1p,-0.11419790904158,0.03480442966846525,non_sig,-0.14900233871004526
YBX2,17p,-0.180615874552207,-0.357119433834446,non_sig,0.176503559282239
FABP7,6q,-0.805258983818422,-0.594420534476078,non_sig,-0.21083844934234397
RBP2,3q,-0.703888895859365,-0.361160813344001,non_sig,-0.34272808251536396
FABP4,8q,-0.313321398495699,-0.12113047315220199,non_sig,-0.19219092534349702
CRABP1,15q,-0.6001017372002571,-0.538237654706442,non_sig,-0.06186408249381503
CRABP2,1q,-0.576554781122676,-0.757496682504457,non_sig,0.180941901381781
FABP1,2p,-0.643510098748468,-0.721437847262112,non_sig,0.07792774851364404
RBP7,1p,-0.787597414084413,-0.4795794849559485,non_sig,-0.3080179291284645
FABP5,8q,-0.756616895213966,-0.122654170940572,non_sig,-0.6339627242733941
FABP6,5q,-0.584825098238431,-0.481499222028547,non_sig,-0.10332587620988398
FABP2,4q,-0.46435354994141753,-0.534349541625637,non_sig,0.06999599168421944
RBP1,3q,-0.678767914298585,-0.774041461178556,non_sig,0.09527354687997103
FABP3,1p,-0.627330506740239,-0.6842082903827125,non_sig,0.05687778364247342
PMP2,8q,-0.7074638731338989,-0.426121308483497,non_sig,-0.2813425646504019
DLX2,2q,-0.325568814094711,-0.591402455352307,non_sig,0.26583364125759595
DLX3,17q,1.18321214795611,-0.3383732488898875,non_sig,1.5215853968459974
DLX6,7q,-0.37688926084291,-0.6617844181709955,non_sig,0.2848951573280855
PTTG1,5q,-0.299540789757263,-0.225837067273903,non_sig,-0.07370372248335999
HNRNPLL,2p,-0.158663011453586,0.02248909115490885,non_sig,-0.18115210260849485
HNRNPL,19q,0.0257335985312781,0.0557282262056739,non_sig,-0.0299946276743958
PTBP2,1p,-0.509211430426501,-0.2862397745458115,non_sig,-0.22297165588068946
PTBP1,19p,-0.018791178795421103,0.043398899491543005,non_sig,-0.06219007828696411
PTBP3,9q,-0.0707995586044509,-0.0109240168593689,non_sig,-0.059875541745082
KDM2A,11q,-0.09344546892741735,-0.07238936603821075,non_sig,-0.021056102889206604
KDM2B,12q,-0.0232192857245139,-0.0559889765025845,non_sig,0.0327696907780706
FAM107B,10p,-0.6344480564151715,-0.19823335949597,non_sig,-0.43621469691920156
MT1X,16q,-0.54442156897706,-0.28986394976945096,non_sig,-0.254557619207609
MT1E,16q,-0.089897948062169,-0.19701749227872153,non_sig,0.10711954421655254
MT2A,16q,-0.3000309168658245,-0.204827978455272,non_sig,-0.0952029384105525
MT1G,16q,-0.538715545642865,-0.04103431948387245,non_sig,-0.4976812261589925
MT1A,16q,0.149068469097442,-0.8406062967997543,non_sig,0.9896747658971963
HSF2,6q,-0.130149184559645,-0.0974713332071599,non_sig,-0.032677851352485104
HSF1,8q,-0.320668503374212,-0.026377009840203,non_sig,-0.29429149353400896
CDH24,14q,-0.4402957833145935,0.0833966698891363,non_sig,-0.5236924532037298
CDH5,16q,-0.608234197383188,-0.557446088230691,non_sig,-0.050788109152496985
PTPN13,4q,-0.029524949553731597,-0.16110981127962348,non_sig,0.1315848617258919
LMF2,22q,-0.1787034169074585,0.018880385511808748,non_sig,-0.19758380241926726
LMF1,16p,-0.2377145033395125,0.0395521386851454,non_sig,-0.2772666420246579
SPPL3,12q,-0.228676032683305,0.0387108598405004,non_sig,-0.2673868925238054
SPPL2B,19p,-0.229172431597373,0.0316771768445576,non_sig,-0.2608496084419306
SPPL2A,15q,-0.0635688363473943,0.0456141719505214,non_sig,-0.10918300829791569
CLU,8p,-0.13091973720934152,-0.232564766849994,non_sig,0.10164502964065247
SMC1B,22q,-0.0164147357627631,-0.0736378083074184,non_sig,0.05722307254465529
SMC4,3q,-0.0713601903145327,-0.09064632602949446,non_sig,0.019286135714961766
MAST3,19p,-0.19220973589733498,0.047881948670064595,non_sig,-0.24009168456739957
MAST4,5q,-0.1370178995661775,-0.0486400765607851,non_sig,-0.08837782300539239
MAST1,19p,-0.271220679902482,-0.0155020194256384,non_sig,-0.2557186604768436
SPOP,17q,-0.0940398341553261,0.0405161033495671,non_sig,-0.1345559375048932
SPOPL,2q,0.006030969463062,0.0008003102985844,non_sig,0.0052306591644776
MITF,3p,-0.360701179893425,0.00450391184164505,non_sig,-0.36520509173507004
TFEB,6p,-0.340879416973949,-0.0043548115067051,non_sig,-0.33652460546724394
PDCD2L,19q,-0.1106767245743815,0.00022874494703819994,non_sig,-0.1109054695214197
PDCD2,6q,-0.15127065160566,0.128603563208156,non_sig,-0.279874214813816
EPHB4,7q,-0.0179651878901108,0.08006253656370785,non_sig,-0.09802772445381865
EPHA10,1p,-0.0400318305455013,-0.09932995424356085,non_sig,0.05929812369805955
EPHA1,7q,0.0217363205045008,0.0492649851973959,non_sig,-0.027528664692895104
DDR2,1q,-0.7792635219844399,-0.5801799678838545,non_sig,-0.19908355410058542
EPHB6,7q,0.3113329116207165,-0.1951086853457735,non_sig,0.50644159696649
EPHA6,3q,0.454677747796761,0.03277985246926595,non_sig,0.42189789532749505
CD40,20q,-0.834945428242951,-0.44592235419544046,non_sig,-0.3890230740475106
PRSS57,19p,-0.33473613269407,-0.185597253882166,non_sig,-0.149138878811904
UQCRC2,16p,-0.0746444603786128,0.1081162190967795,non_sig,-0.18276067947539232
PMPCB,7q,-0.0419599824532794,0.0683898075416884,non_sig,-0.1103497899949678
PMPCA,9q,-0.0733609763610381,-0.0077012122426056,non_sig,-0.0656597641184325
UQCRC1,3p,0.0836759708544169,0.0702444469249768,non_sig,0.013431523929440095
PDGFD,11q,0.0543247226821258,-0.15424388153212915,non_sig,0.20856860421425494
PDGFC,4q,-0.2170668861132305,0.12848269376340593,non_sig,-0.3455495798766364
SLC31A1,9q,0.0097759139024215,0.0920174805978354,non_sig,-0.08224156669541391
RC3H2,9q,-0.119590113193357,0.050926588284263996,non_sig,-0.170516701477621
RC3H1,1q,-0.151863871170175,0.0029558384191954,non_sig,-0.15481970958937039
ARMC10,7q,-0.231302943169032,-0.04443241892057855,non_sig,-0.18687052424845343
SCO2,22q,-0.07597714268297955,0.15549433332749302,non_sig,-0.23147147601047258
SCO1,17p,-0.335564022660272,0.08446564328390495,non_sig,-0.42002966594417696
SLC35G2,3q,-0.22789549024411324,-0.015173720124216,non_sig,-0.21272177011989724
CHMP1B,18p,-0.279680836343085,-0.0523525794823862,non_sig,-0.2273282568606988
CHMP1A,16q,-0.139497516684705,0.06329591565075457,non_sig,-0.20279343233545957
CHMP2A,19q,-0.112677713406829,0.010074722800274855,non_sig,-0.12275243620710385
TSHZ1,18q,-0.1962954718525345,0.110555040645379,non_sig,-0.3068505124979135
TSHZ2,20q,0.08648758310583751,0.119172647817807,non_sig,-0.03268506471196948
TSHZ3,19q,-0.328771748996206,0.02476299993469665,non_sig,-0.35353474893090264
BCLAF1,6q,-0.1063970500624965,0.021946074618716498,non_sig,-0.128343124681213
THRAP3,1p,-0.101282522396825,-0.01431741839463875,non_sig,-0.08696510400218625
REG4,1p,0.3950851705011815,-0.651586736439593,non_sig,1.0466719069407744
MBD1,18q,-0.16548696834479756,0.20205155644739276,non_sig,-0.3675385247921903
SNRPB,20p,-0.031912807833878,0.01964952157213885,non_sig,-0.05156232940601685
ZC3HAV1,7q,-0.007123712702682999,-0.002456647017417911,non_sig,-0.004667065685265088
ZC3HAV1L,7q,-0.506161336834787,-0.0892689114892546,non_sig,-0.41689242534553245
ZBTB12,6p,-0.449487689033799,-0.0614947659636987,non_sig,-0.3879929230701003
RABGAP1,9q,-0.204547225404694,-0.040585276011236,non_sig,-0.16396194939345798
RABGAP1L,1q,-0.17607188345104152,-0.0988391626730615,non_sig,-0.07723272077798002
SFTPD,10q,-0.724020783356661,-0.5139627961753155,non_sig,-0.2100579871813455
COLEC11,2p,-0.162657211839462,-0.1523706058436805,non_sig,-0.01028660599578149
COLEC10,8q,-0.31491585853197,0.04077317273788125,non_sig,-0.3556890312698513
SFTPA1,10q,-0.68541619279903,-1.243832317315995,non_sig,0.5584161245169651
APPL2,12q,-0.240222575421691,-0.025387484303818146,non_sig,-0.21483509111787286
APPL1,3p,-0.284537059833164,0.090153720654703,non_sig,-0.374690780487867
ASB3,2p,-0.0600019823343782,-0.12909431911771402,non_sig,0.06909233678333582
ARID4A,14q,-0.17942115517273,-0.0023926845990735,non_sig,-0.1770284705736565
ARID4B,1q,-0.0545900554325475,-0.0206281548295551,non_sig,-0.0339619006029924
SLC35B1,17q,-1.4318047886750112,0.616758772812191,non_sig,-2.048563561487202
SLC35B2,6p,-0.1046244719319287,-0.0145914040214872,non_sig,-0.0900330679104415
SLC35B3,6p,0.0285750021099787,0.0635015006457511,non_sig,-0.0349264985357724
KLHDC7B,22q,-0.20588700872702,-0.251458202047013,non_sig,0.045571193319993014
KLHDC7A,1p,-0.258593901597565,-0.2003011575327885,non_sig,-0.058292744064776525
KBTBD11,8p,-0.4006685772762565,0.0331238763677656,non_sig,-0.4337924536440221
MKRN1,7q,-0.07892433418358336,0.0419853843025329,non_sig,-0.12090971848611626
MKRN3,15q,-0.188409953032702,-0.0277222497828068,non_sig,-0.1606877032498952
MKRN2,3p,-0.241743753731348,0.10308611644367449,non_sig,-0.3448298701750225
RABEP2,16p,-0.162310797329317,0.0418530923851847,non_sig,-0.2041638897145017
RABEP1,17p,-0.3032375827233035,0.0916383106482828,non_sig,-0.3948758933715863
CHKB,22q,-0.259849840146362,0.08024254149693105,non_sig,-0.34009238164329303
CHKA,11q,-0.26625082013825796,-0.0561017173041024,non_sig,-0.21014910283415555
ETNK2,1q,-0.3460365112067725,-0.192694854947998,non_sig,-0.15334165625877447
ETNK1,12p,-0.389144139214762,-0.127612316253725,non_sig,-0.261531822961037
TMCC3,12q,0.104034088381546,0.00378211368898635,non_sig,0.10025197469255966
TMCC1,3q,-0.22962455043553298,-0.06519037438028415,non_sig,-0.16443417605524885
TMCC2,1q,0.03106232907205385,-0.156402630600801,non_sig,0.18746495967285487
MAP1LC3B2,12q,-0.046714900974687355,-0.165308297215421,non_sig,0.11859339624073365
GABARAPL2,16q,-0.539902237141959,-0.1922711918395045,non_sig,-0.3476310453024545
GABARAPL1,12p,-0.20019299983316952,-0.124880256965389,non_sig,-0.07531274286778052
MAP1LC3A,20q,-0.1462601222027847,-0.329058240510037,non_sig,0.18279811830725232
GPM6A,4q,-0.747822442305698,-0.346159875980707,non_sig,-0.40166256632499103
GXYLT1,12q,-0.0198591863217447,-0.01032550882202965,non_sig,-0.009533677499715051
GXYLT2,3p,0.400906128525247,0.125149279882382,non_sig,0.275756848642865
FAM117A,17q,-0.4091343355516565,-0.1045684361653785,non_sig,-0.304565899386278
GLCCI1,7p,-0.598008233513096,-0.303251429399527,non_sig,-0.29475680411356897
FAM117B,2q,-0.414798315841161,-0.0340082767773582,non_sig,-0.3807900390638028
MLLT10,10p,-0.28916326419939997,0.13813639088180052,non_sig,-0.4272996550812005
MLLT6,17q,-0.1893845615000245,-0.042398877790471454,non_sig,-0.14698568370955306
KLRG2,7q,0.435151190851495,-0.351623028904563,non_sig,0.786774219756058
TOMM20,1q,0.0284456593573505,0.0565717656423442,non_sig,-0.0281261062849937
MAPK8IP1,11p,-0.72407603616089,-0.157718390484758,non_sig,-0.566357645676132
GFPT2,5q,-0.589449270498802,-0.3634047038599575,non_sig,-0.22604456663884454
GFPT1,2p,-0.11225025237028,-0.08814809186238234,non_sig,-0.024102160507897652
ACTR5,20q,-0.0012638522655341,-0.05766259518523995,non_sig,0.056398742919705855
ACTL6B,7q,-1.26217388171881,-0.178034533841069,non_sig,-1.084139347877741
ACTA1,1q,0.658707611643572,-0.613700347550509,non_sig,1.272407959194081
ACTA2,10q,-0.0053198324538193,0.00803424744470805,non_sig,-0.01335407989852735
ACTB,7p,0.0201431756104904,-0.0390636717900919,non_sig,0.0592068474005823
ACTG1,17q,-0.351528439208711,-0.173907643386301,non_sig,-0.17762079582241003
ACTR6,12q,-0.0214415087591523,-0.0446309360044091,non_sig,0.0231894272452568
ACTR1B,2q,-0.265125852540579,-0.0559898314012258,non_sig,-0.20913602113935323
ACTL6A,3q,-0.218801098128863,-0.03695600412608995,non_sig,-0.18184509400277304
ACTBL2,5q,0.203173580401596,0.11522757534875,non_sig,0.087946005052846
ACTR2,2p,-0.0116215942789186,-0.0370243562159085,non_sig,0.025402761936989898
SH2B3,12q,-0.107939099996625,-0.14447227760735,non_sig,0.03653317761072501
SH2B1,16p,-0.008865600544386,-0.0117558517351851,non_sig,0.0028902511907991004
SH2B2,7q,-0.553729276249467,-0.277174684357337,non_sig,-0.27655459189213
ELMOD2,4q,-0.161650728026711,0.061962972879269,non_sig,-0.22361370090597998
SH3RF1,4q,0.040794225481794,0.140562605930148,non_sig,-0.099768380448354
SH3RF3,2q,-1.09450004197775,-0.0344519452409521,non_sig,-1.0600480967367978
SH3RF2,5q,-0.4524076301022385,0.0972731536052051,non_sig,-0.5496807837074436
SPNS1,16p,-0.170167532356852,0.008279189926421,non_sig,-0.178446722283273
STRIP2,7q,-0.194518766493238,-0.025513281356821453,non_sig,-0.16900548513641653
STRIP1,1p,-0.122200269474134,-0.052375174220372245,non_sig,-0.06982509525376175
EPC1,10p,-0.226162591409417,0.0521167883583161,non_sig,-0.2782793797677331
EPC2,2q,-0.14882401924962102,0.053111769969344455,non_sig,-0.2019357892189655
NIT2,3q,-0.296744895434506,0.0338234269547861,non_sig,-0.3305683223892921
RANBP17,5q,-0.0313261006078261,0.01195930528647975,non_sig,-0.04328540589430585
XPO7,8p,-0.3480007009525645,0.1032619476134699,non_sig,-0.45126264856603443
BCL11A,2p,-0.5862681769843505,-0.5412370329766034,non_sig,-0.045031144007747104
BCL11B,14q,-0.4522955661975375,-0.336205817355383,non_sig,-0.1160897488421545
CBLB,3q,-0.225887014128071,-0.0780063058647111,non_sig,-0.1478807082633599
CBL,11q,-0.3767267481211725,-0.044177476650996805,non_sig,-0.3325492714701757
FNIP1,5q,-0.119681523203537,0.00917100279238985,non_sig,-0.12885252599592686
OSBPL8,12q,-0.133845342963116,-0.050947289187332045,non_sig,-0.08289805377578396
OSBPL10,3p,-0.0989350530869944,0.0411633799860516,non_sig,-0.140098433073046
OSBPL9,1p,-0.14758493870161,0.008616519373030901,non_sig,-0.1562014580746409
OSBPL5,11p,-0.228198358949237,0.06214750984868535,non_sig,-0.29034586879792235
AP3M1,10q,-0.0527121670306456,0.017986335201039802,non_sig,-0.0706985022316854
AP1M2,19p,-0.11728076979128596,-0.254587871239969,non_sig,0.13730710144868305
AP4M1,7q,-0.29479741234435153,-0.046606819255640294,non_sig,-0.24819059308871122
AP2M1,3q,0.194953941001402,-0.0483851119688083,non_sig,0.2433390529702103
AP1M1,19p,-0.109675439213528,-0.011667859122597,non_sig,-0.098007580090931
AP3M2,8p,-0.143383438712178,0.0032359734630708,non_sig,-0.14661941217524882
EGFL7,9q,-0.1775290078884375,-0.13750071352551,non_sig,-0.04002829436292751
PPM1E,17q,-0.1247600000030415,-0.0351682846254526,non_sig,-0.08959171537758889
HERC4,10q,-0.106711027622996,-0.0986383550695432,non_sig,-0.0080726725534528
HERC3,4q,-0.215225753517591,-0.0899418084650929,non_sig,-0.12528394505249807
HERC6,4q,-0.28751293975122905,0.026924500857903,non_sig,-0.31443744060913204
HERC5,4q,-0.220043990518164,-0.188346369589483,non_sig,-0.031697620928681
CALHM2,10q,-0.12885413821912162,0.1328294070941439,non_sig,-0.26168354531326554
TOP3B,22q,-0.14371922449970947,-0.014266013130235702,non_sig,-0.12945321136947377
TOP3A,17p,-0.12913713448088748,0.02533979911377935,non_sig,-0.15447693359466683
PAIP2,5q,-0.237000039811039,0.101348796324077,non_sig,-0.338348836135116
P4HA1,10q,-0.171331594387396,0.05494879236263985,non_sig,-0.22628038675003587
P4HA2,5q,-0.208148083194763,-0.09763799340864004,non_sig,-0.11051008978612295
FAM83B,6p,-0.425829119232528,-0.4350488864514685,non_sig,0.009219767218940522
MOXD1,6q,-0.7358412585652625,-0.674463422428705,non_sig,-0.06137783613655745
PDLIM5,4q,-0.0895307135313547,-0.03894277652732825,non_sig,-0.050587937004026445
PDLIM1,10q,-0.171742349032917,0.044032720322805655,non_sig,-0.21577506935572266
LDB3,10q,-0.176172325884427,-0.523683940188362,non_sig,0.34751161430393496
PDLIM3,4q,-0.370114974685446,-0.400250463273146,non_sig,0.030135488587699988
PDLIM4,5q,-0.750375953588583,-0.7750805646560119,non_sig,0.02470461106742894
PDLIM7,5q,0.049791097434617,0.01231191875834324,non_sig,0.03747917867627376
ASCC3,6q,-0.12400360659963999,0.05241342985637735,non_sig,-0.17641703645601733
SNRNP200,2q,0.0139756965240925,-0.047857484359828,non_sig,0.0618331808839205
COPS3,17p,-0.0536690879248874,0.0233890253270662,non_sig,-0.07705811325195361
PSMD3,17q,-0.101476083016904,-0.02910042195879725,non_sig,-0.07237566105810675
TCF7,5q,-0.020283794595170754,-0.312573690905979,non_sig,0.2922898963108082
LEF1,4q,-0.692274906949812,-0.577925502827853,non_sig,-0.11434940412195893
TCF7L2,10q,-0.2239583149366825,0.0291224046897328,non_sig,-0.2530807196264153
GFI1B,9q,-0.165148917079411,-0.6998484826295255,non_sig,0.5346995655501144
ATP6V0A4,7q,-0.63036965168036,-0.549081112474479,non_sig,-0.08128853920588097
ATP6V0A1,17q,-0.423212628998697,-0.008423480280868,non_sig,-0.414789148717829
ATP6V0A2,12q,-0.0111423285722064,-0.1353551767205745,non_sig,0.12421284814836811
TCIRG1,11q,0.11591579128357449,-0.11734797006567299,non_sig,0.23326376134924748
FTH1,11q,-0.011836881867584949,-0.06814590110423616,non_sig,0.05630901923665121
FTL,19q,-0.5049812833886895,-0.163098374144134,non_sig,-0.34188290924455556
NSG2,5q,-0.952974252436141,-0.667497244005388,non_sig,-0.28547700843075297
NSG1,4p,-0.8577516967807419,0.126439328027158,non_sig,-0.9841910248078999
ALCAM,3q,0.030734420404321505,0.0606930809288304,non_sig,-0.029958660524508893
MCAM,11q,-0.4597775949973385,-0.558905321783173,non_sig,0.09912772678583448
BCAM,19q,-0.2976665311993905,-0.0979669243229692,non_sig,-0.1996996068764213
PPP1R14C,6q,-0.196182525233495,-0.160313957771409,non_sig,-0.035868567462086
PPP1R14B,11q,0.033012276328939,0.158654669770028,non_sig,-0.12564239344108902
PPP1R14A,19q,-0.317873156061497,-0.727752316608202,non_sig,0.40987916054670503
EIF4E3,3p,-0.280048097547958,0.142266631047474,non_sig,-0.422314728595432
EIF4E,4q,-0.15099814654148,0.15659220468484,non_sig,-0.30759035122632
EIF4E2,2q,-0.173335769366502,-0.0319573414482509,non_sig,-0.1413784279182511
NT5C,17q,-0.304966969499576,-0.0138162112460779,non_sig,-0.2911507582534981
JOSD1,22q,-0.039143269264167696,0.136203972755042,non_sig,-0.1753472420192097
JOSD2,19q,-0.365606037395345,0.09799848413192655,non_sig,-0.4636045215272715
MAMDC2,9q,-0.278517266307751,-0.0201796787634618,non_sig,-0.25833758754428915
B4GALNT2,17q,0.126757936562878,-0.217625901150284,non_sig,0.344383837713162
B4GALNT1,12q,0.4643064814670465,-0.13590749041978,non_sig,0.6002139718868265
TMEM39A,3q,-0.0499358801613317,-0.0361004329865536,non_sig,-0.013835447174778102
TMEM39B,1p,-0.151920913554779,-0.02930463909915095,non_sig,-0.12261627445562803
FDX1,11q,-0.1598255517659525,0.0637072148557501,non_sig,-0.2235327666217026
TMEM132B,12q,-0.188791525201515,-0.0544119057388767,non_sig,-0.1343796194626383
TMEM132A,11q,0.04600797565582605,0.08330274963226886,non_sig,-0.037294773976442805
IFI35,17q,-0.20780022474273,0.191872870207958,non_sig,-0.39967309495068803
NMI,2q,-0.0825015679018389,0.223027291276054,non_sig,-0.3055288591778929
CYB5D2,17p,0.10836265284459595,0.1229439718508425,non_sig,-0.014581319006246554
PGRMC2,4q,-0.02759783059665795,0.061647871287291156,non_sig,-0.0892457018839491
SLC43A2,17p,-0.21239313515722003,-0.100819572945991,non_sig,-0.11157356221122902
SLC43A1,11q,-0.217561048112077,-0.0113301760911316,non_sig,-0.2062308720209454
IP6K1,3p,-0.0884892990303963,0.0720350053896076,non_sig,-0.1605243044200039
IPMK,10q,-0.112748924030771,0.116901133321127,non_sig,-0.229650057351898
IP6K2,3p,0.6915721393442105,0.07546275522427826,non_sig,0.6161093841199322
FSTL5,4q,0.0888926019119152,-0.1374092654868535,non_sig,0.2263018673987687
FSTL4,5q,-0.269237653948274,-0.437736789526917,non_sig,0.16849913557864304
PCYT2,17q,-0.260872939053813,-0.0596673328774843,non_sig,-0.20120560617632868
PCYT1A,3q,-0.136494282848819,0.036987043974268496,non_sig,-0.1734813268230875
MRPS9,2q,-0.0922063986512089,-0.063536998907966,non_sig,-0.028669399743242896
RPS16,19q,-0.0033963160138634502,0.0345892923841094,non_sig,-0.037985608397972846
FSD1L,9q,-0.752597646298957,-0.325112970675586,non_sig,-0.427484675623371
FSD1,19p,-0.279285275153244,-0.050114400797829695,non_sig,-0.22917087435541428
MYOD1,11p,-0.667100055621353,-0.528915117017088,non_sig,-0.13818493860426495
MYOG,1q,5.59333855766436,-0.446710222884931,non_sig,6.0400487805492915
CD69,12p,-0.79914564208483,-0.43620452420324596,non_sig,-0.362941117881584
MB,22q,-0.40514904206524804,-0.6560374729154075,non_sig,0.25088843085015944
HBA1,16p,-0.660125100305604,-0.344866239124313,non_sig,-0.315258861181291
CYGB,17q,-0.754834920201325,-0.531977154300199,non_sig,-0.22285776590112605
HBG2,11p,-0.327513508458786,-0.436923031179729,non_sig,0.10940952272094301
HBG1,11p,-0.501997709548867,-0.615590705971415,non_sig,0.11359299642254794
HBD,11p,-0.46731387201749,-0.174101606492305,non_sig,-0.293212265525185
HBB,11p,-1.29163380083115,-0.1939101398962165,non_sig,-1.0977236609349337
HBZ,16p,-0.573453103247833,-0.681253922144339,non_sig,0.10780081889650595
HBE1,11p,-0.780101353815926,-0.648568946515492,non_sig,-0.13153240730043403
HBQ1,16p,-0.284454482963745,-0.3444758591053245,non_sig,0.06002137614157954
AREL1,14q,-0.252103436189729,0.0011997463664444,non_sig,-0.2533031825561734
LYL1,19p,-0.588518074445268,-0.612634826749073,non_sig,0.024116752303804945
TAL1,1p,-0.816330220888689,-0.7345333253209345,non_sig,-0.08179689556775449
ARHGEF12,11q,-0.2544399406502965,-0.0062079826528609,non_sig,-0.2482319579974356
ARHGEF1,19q,-0.274397975938862,-0.0920032626164626,non_sig,-0.1823947133223994
ARHGEF11,1q,-0.104341531631479,-0.0564181063448481,non_sig,-0.0479234252866309
GDPD3,16p,-0.291945143488068,-0.502743228221916,non_sig,0.21079808473384798
GDPD1,17q,-0.550534350466087,-0.0806348684941449,non_sig,-0.4698994819719421
PTGR1,9q,-0.238504490397509,-0.153597493342754,non_sig,-0.08490699705475502
SORD,15q,-0.261817111330865,0.13610186431909,non_sig,-0.397918975649955
TMEM131,2q,0.144169047920526,-0.0032546577713591,non_sig,0.14742370569188512
HIPK3,11p,0.0561185749741688,-0.0554612020208665,non_sig,0.1115797769950353
HIPK1,1p,0.04764395213692085,0.0146050092992356,non_sig,0.033038942837685256
LIFR,5p,-0.277193970462619,-0.270390151235547,non_sig,-0.006803819227072017
OSMR,5p,-0.601841870921199,-0.155332053385456,non_sig,-0.44650981753574304
IFIT1,10q,-0.629206489604924,-0.3706502414348375,non_sig,-0.2585562481700865
IFIT3,10q,-0.347484605337165,-0.25163009114603596,non_sig,-0.09585451419112906
IFIT2,10q,-0.418046080740788,-0.377739684474635,non_sig,-0.040306396266152955
IFIT5,10q,-0.304524976129629,-0.04079167744699335,non_sig,-0.2637332986826356
CD151,11p,-0.02135262667338895,0.0074101696885787,non_sig,-0.028762796361967647
MAN1A1,6q,-0.171115919857358,-0.07023517168599115,non_sig,-0.10088074817136684
EDEM2,20q,-0.119481093162156,-0.03640769443700825,non_sig,-0.08307339872514774
MAN1C1,1p,0.224339490458216,-0.07929991523215535,non_sig,0.30363940569037134
EDEM1,3p,-0.137040985951249,0.07915638482868405,non_sig,-0.21619737077993306
MAN1A2,1p,-0.0487459277483656,-0.010731407698806102,non_sig,-0.0380145200495595
MAN1B1,9q,0.103557761197225,-0.0183097497437833,non_sig,0.1218675109410083
EDEM3,1q,-0.12462265071724,-0.0510505953586802,non_sig,-0.0735720553585598
CD86,3q,-0.857325678198744,-0.38258557152858097,non_sig,-0.474740106670163
STAM,10p,-0.195726791244806,0.0732524505820692,non_sig,-0.26897924182687516
HGS,17q,-0.0182368516975007,-0.007847603621846649,non_sig,-0.010389248075654053
STAM2,2q,-0.0683513935722216,0.0743431755325329,non_sig,-0.1426945691047545
TMEM184C,4q,-0.02845701367855555,0.0644285607336482,non_sig,-0.09288557441220374
TMEM184B,22q,-0.138233556425963,-0.142924360952705,non_sig,0.004690804526742004
TMEM184A,7p,0.660751874098462,0.021428810505903097,non_sig,0.639323063592559
AKR1B15,7q,-0.711702752194199,-0.457580725083299,non_sig,-0.2541220271109
AKR1D1,7q,-0.282616703573139,-0.33828579374119705,non_sig,0.055669090168058044
AKR1B1,7q,-0.735910060406454,-0.232118857780237,non_sig,-0.503791202626217
AKR1A1,1p,-0.264321621319404,0.0365567608314817,non_sig,-0.3008783821508857
AKR1C2,10p,-0.667218231546769,-0.4140131392900055,non_sig,-0.25320509225676346
AKR1C4,10p,-0.594249239655428,-0.07845274938307854,non_sig,-0.5157964902723494
AKR1B10,7q,-0.729871781311046,-0.610552846457234,non_sig,-0.11931893485381206
AKR1C3,10p,-0.81108809952647,-0.468973879385817,non_sig,-0.34211422014065296
AKR1C1,10p,-0.830145242216356,-0.607176541603243,non_sig,-0.22296870061311302
BOLA2,16p,-0.162686356149303,0.012863219734914201,non_sig,-0.17554957588421718
BOLA1,1q,-0.0321234071900274,-0.0350844972782186,non_sig,0.002961090088191197
BOLA3,2p,-0.0904751654292441,0.0193463583873093,non_sig,-0.1098215238165534
ACOX2,3p,-0.683217389425759,-0.202245862936443,non_sig,-0.48097152648931607
ACOX1,17q,-0.026908725540533,-0.07918060308016375,non_sig,0.05227187753963075
ACOX3,4p,-0.24086827296984,0.0063320725313899,non_sig,-0.2472003455012299
PLSCR3,17p,-0.140965984732514,0.0604600454082325,non_sig,-0.2014260301407465
PLSCR1,3q,-0.194677124726548,-0.177320503644121,non_sig,-0.017356621082427
PLSCR4,3q,-0.5700997038621824,-0.18707082833822147,non_sig,-0.383028875523961
DCC,18q,-0.461254767071242,-0.7343242722099605,non_sig,0.2730695051387185
IDI1,10p,-0.3699647075324005,0.0068616815810319,non_sig,-0.3768263891134324
DNAH6,2p,0.250512574523973,-0.2490908115669835,non_sig,0.49960338609095656
DYNC2H1,11q,-0.111934933439158,0.0001715003528985,non_sig,-0.1121064337920565
DNAH5,5p,-0.104811030493427,-0.030572324196334752,non_sig,-0.07423870629709224
DNAH1,3p,0.06974443001168786,-0.0812759566453495,non_sig,0.15102038665703738
DNAH12,3p,0.0830990972082878,-0.0677389604181603,non_sig,0.15083805762644809
DNAH3,16p,-0.066796895590324,-0.0645285336938279,non_sig,-0.00226836189649611
DNAH11,7p,1.97898234521174,-0.48041280736693703,non_sig,2.459395152578677
DNAH2,17p,-0.0111005239512994,-0.01241235708515925,non_sig,0.0013118331338598504
GTF2A1,14q,-0.2329476680653115,0.0206368801558553,non_sig,-0.25358454822116683
LAPTM4A,2p,0.0086435130794374,-0.08605815884164156,non_sig,0.09470167192107895
LAPTM4B,8q,-0.2502579098061,-0.1032614648012203,non_sig,-0.14699644500487974
LAPTM5,1p,-1.6721258566558999,-0.8340511899086095,non_sig,-0.8380746667472904
SCUBE3,6p,-0.635165138578214,-0.217549762205625,non_sig,-0.417615376372589
SCUBE2,11p,-0.11416826023427895,-0.392050919892233,non_sig,0.27788265965795406
KRCC1,2p,0.19445508631576952,0.115033951799378,non_sig,0.07942113451639152
DDX50,10q,-0.183176357196117,0.01059059561346935,non_sig,-0.19376695280958633
EIF4A2,3q,-0.172666919157766,0.00994265694712825,non_sig,-0.18260957610489426
DDX25,11q,-0.36915737783322,-0.0156060520993875,non_sig,-0.3535513257338325
EIF4A3,17q,-0.133041816316259,-0.07905517630880375,non_sig,-0.05398664000745525
DDX47,12p,-0.37405883592064,-0.0556475765015029,non_sig,-0.31841125941913706
EIF4A1,17p,-0.176674615186858,0.011101147278562599,non_sig,-0.1877757624654206
DDX18,2q,-0.134283526057341,-0.0158862663779782,non_sig,-0.1183972596793628
DDX21,10q,-0.271133188015518,0.0592912411156945,non_sig,-0.3304244291312125
DDX24,14q,-0.330214894510706,-0.0509355368453437,non_sig,-0.2792793576653623
OTX1,2p,-0.2976197194998105,-0.3138286784689055,non_sig,0.016208958969095022
TMEM102,17p,0.0572129255411369,-0.04511609909570215,non_sig,0.10232902463683904
MB21D2,3q,0.237831552918695,-0.07980406421517225,non_sig,0.31763561713386723
SCARF2,22q,-0.281787385635756,-0.0646594341856348,non_sig,-0.2171279514501212
SCARF1,17p,-0.8102742487594266,-0.428790016893212,non_sig,-0.38148423186621455
PLEK2,14q,-0.142631013296394,-0.184519423127803,non_sig,0.04188840983140901
PLEK,2p,-0.536670670795347,-0.6425088643314134,non_sig,0.10583819353606638
MARCKS,6q,0.141641182939322,0.298416619454197,non_sig,-0.156775436514875
MARCKSL1,1p,-0.296497120583588,0.09355042913905484,non_sig,-0.3900475497226429
SMPDL3A,6q,-0.23771618782668,0.152407192149584,non_sig,-0.390123379976264
SMPDL3B,1p,0.368005248066121,-0.4201942766985875,non_sig,0.7881995247647084
SMPD1,11p,-0.256839355087335,0.01360505493696415,non_sig,-0.2704444100242992
ATF3,1q,-0.238407482770051,-0.01437398331063925,non_sig,-0.22403349945941176
FOSL2,2p,0.356846210470618,-0.0242493254669651,non_sig,0.3810955359375831
JDP2,14q,-0.2063089942216145,0.05879927759944785,non_sig,-0.26510827182106234
FOS,14q,-0.586330188467575,-0.137862586679479,non_sig,-0.44846760178809597
ALK,2p,-0.965366800129396,0.028675710184161,non_sig,-0.9940425103135571
FLVCR1,1q,-0.1042389430383256,-0.02345746319520805,non_sig,-0.08078147984311754
TRAPPC3,1p,-0.142755362955284,-0.04796578206488615,non_sig,-0.09478958089039784
TAF7,5q,0.0043639428385054,0.07496361502670476,non_sig,-0.07059967218819936
CDH23,10q,0.0337095917983052,-0.08071753535651795,non_sig,0.11442712715482314
DCHS1,11p,-0.258775655387512,-0.246635734222472,non_sig,-0.012139921165040007
DCHS2,4q,-0.0071829459432466,-0.142660711798477,non_sig,0.13547776585523041
CYP24A1,20q,-0.902564667294744,-0.577057974506367,non_sig,-0.32550669278837707
CYP27A1,2q,-0.541134296425412,-0.69702170253453,non_sig,0.155887406109118
KLK14,19q,-0.511297119904696,-0.484765764716682,non_sig,-0.026531355188013972
KLK11,19q,-0.939064514152134,-0.480864373638154,non_sig,-0.45820014051398
KLK7,19q,-0.439471508936213,-0.43430390703568345,non_sig,-0.0051676019005295615
KLK2,19q,-0.668414267135478,-0.68375172569516,non_sig,0.015337458559681938
KLK3,19q,-0.10672510844754701,-0.900451624877305,non_sig,0.793726516429758
KLK8,19q,0.361905899353749,-0.297850882422992,non_sig,0.659756781776741
KLK5,19q,-0.734112950128353,-0.387095906560648,non_sig,-0.34701704356770496
TRAPPC1,17p,-0.0672397912395115,-0.0675251454977058,non_sig,0.0002853542581943008
TRAPPC4,11q,-0.14900128280109348,-0.0678110538365839,non_sig,-0.08119022896450959
TENM4,11q,-0.176958892507519,-0.278189497076946,non_sig,0.10123060456942701
TENM2,5q,-0.34508188699098397,-0.20894857761582,non_sig,-0.13613330937516396
TENM3,4q,-0.394987549677119,-0.295287074151775,non_sig,-0.099700475525344
KCNAB2,1p,-0.384102831500756,-0.2882635976429835,non_sig,-0.09583923385777254
WTIP,19q,-0.344492781214908,-0.082212537601469,non_sig,-0.262280243613439
LIMD1,3p,-0.27100899354708,0.253712522556357,non_sig,-0.5247215161034371
AJUBA,14q,-0.162895898950764,0.0143915958938697,non_sig,-0.17728749484463371
EIF3C,16p,0.0117677801908335,-0.0068509464992092504,non_sig,0.01861872669004275
NPR1,1q,0.0135699645489662,0.145015898604936,non_sig,-0.1314459340559698
NPR2,9p,-0.18659591744695,-0.178163436084826,non_sig,-0.008432481362124017
GUCY2C,12p,-0.126042821780747,-0.500840825199029,non_sig,0.37479800341828196
GPATCH2L,14q,-0.1722217562568415,-0.0883803609319779,non_sig,-0.0838413953248636
GPATCH2,1q,-0.306403248206819,-0.0341604060115114,non_sig,-0.27224284219530764
ALOX15,17p,-0.542446878347019,-0.7200257050476435,non_sig,0.17757882670062453
ALOX5,10q,-0.6721909603742064,-0.458284491439378,non_sig,-0.21390646893482845
STT3A,11q,-0.1325290231358505,-0.08353237140916694,non_sig,-0.04899665172668355
STT3B,3p,-0.0499759646797018,0.05129502107473515,non_sig,-0.10127098575443695
PDSS2,6q,-0.200443442145973,0.0561494904422056,non_sig,-0.2565929325881786
PDSS1,10p,-0.0126908253144667,-0.0714947395527722,non_sig,0.058803914238305506
CSRP2,12q,0.0657409410369616,0.00014870150121619984,non_sig,0.0655922395357454
CSRP3,11p,0.153322671041574,0.0273207035733962,non_sig,0.1260019674681778
CSRP1,1q,-0.108766055862745,-0.155304482665291,non_sig,0.04653842680254601
HSPBAP1,3q,-0.283077141722203,-0.0285362613123264,non_sig,-0.2545408804098766
HIF1AN,10q,-0.208855255091801,0.03122065405778455,non_sig,-0.24007590914958554
BPGM,7q,-0.431267881768934,-0.259357993139277,non_sig,-0.171909888629657
PGAM2,7p,-0.937738583196374,-0.7064616077176935,non_sig,-0.23127697547868054
PGAM1,10q,-0.238738690426011,0.06048783675850665,non_sig,-0.29922652718451764
UPK1B,3q,-0.5318418049654655,-0.4525707253093805,non_sig,-0.07927107965608504
TSPAN4,11p,-0.178351927676319,-0.0222767076420444,non_sig,-0.1560752200342746
TSPAN8,12q,-0.6752341682994105,-0.615530043727831,non_sig,-0.059704124571579476
TTC28,22q,-0.47314560233325553,0.1656039873763035,non_sig,-0.638749589709559
GPSM1,9q,-0.316265892029297,-0.0284691593919819,non_sig,-0.2877967326373151
GPSM2,1p,-0.0828350720713213,-0.0410114593845839,non_sig,-0.041823612686737406
PLEKHH2,2p,-1.08184164068079,0.116862280772481,non_sig,-1.198703921453271
HES1,3q,-0.257917281794334,0.058046566212782896,non_sig,-0.31596384800711685
ARFIP1,4q,-0.150761398372744,0.0983543647675818,non_sig,-0.2491157631403258
NKX2-5,5q,-0.0345687121407401,-0.136460893301698,non_sig,0.1018921811609579
NKX3-1,8p,-0.41449891137153,-0.40836249783627804,non_sig,-0.006136413535251961
NKX2-1,14q,-0.566565947239693,-0.402352422426853,non_sig,-0.16421352481284002
NKX2-2,20p,-0.282442866932301,-0.103251945277699,non_sig,-0.179190921654602
NKX2-3,10q,-0.246550183318551,-0.5053173786134135,non_sig,0.25876719529486253
RHPN2,19q,-0.273489815616686,-0.186329969772482,non_sig,-0.087159845844204
RHPN1,8q,0.07831242702599919,-0.182419365191006,non_sig,0.26073179221700515
SC5D,11q,-0.119897407587437,0.000276985091567,non_sig,-0.120174392679004
MSMO1,4q,-0.1542571479234085,-0.1028969542869525,non_sig,-0.051360193636456
NPC1,18q,0.0297862758229226,-0.226273019526112,non_sig,0.2560592953490346
NPC1L1,7p,0.32544538941455,-0.02121468466673835,non_sig,0.34666007408128835
ARG2,14q,-0.590595423940772,-0.299927574109415,non_sig,-0.290667849831357
AGMAT,1p,0.119365879263187,-0.3292601561835035,non_sig,0.4486260354466905
RIC8B,12q,-0.21581666161481,-0.0713704799291802,non_sig,-0.14444618168562978
RIC8A,11p,-0.3446695117287075,0.0495833954694897,non_sig,-0.3942529071981972
VTI1B,14q,-0.151575523198539,0.0479728807339354,non_sig,-0.19954840393247442
VTI1A,10q,-0.199100466492728,0.138123069974111,non_sig,-0.337223536466839
CEP135,4q,-0.133902497091414,-0.0439938129132915,non_sig,-0.0899086841781225
UST,6q,-0.2643296019176565,0.0166401802551364,non_sig,-0.2809697821727929
HS2ST1,1p,-0.29048846696479,-0.0548378666363889,non_sig,-0.23565060032840113
ULBP3,6q,0.09440300074502556,0.0935880241668034,non_sig,0.0008149765782221596
ULBP2,6q,-0.0117637181541066,0.00905639760953115,non_sig,-0.02082011576363775
ULBP1,6q,-0.09171641350301515,-0.0280766478420851,non_sig,-0.06363976566093005
HLA-F,6p,-0.0489124261494068,-0.234924687852259,non_sig,0.1860122617028522
HLA-C,6p,-0.23580372579396,-0.12917781651966348,non_sig,-0.10662590927429652
HLA-B,6p,-0.4138774358736173,-0.43186859205945227,non_sig,0.017991156185834967
HLA-E,6p,-0.154495176362982,-0.0623074117063446,non_sig,-0.09218776465663739
HLA-G,6p,-0.230440596069898,-0.408895487611953,non_sig,0.178454891542055
HLA-A,6p,-0.528783018945165,-0.38831597788599104,non_sig,-0.14046704105917396
WWOX,16q,-0.18338282940752,-0.0766436224665611,non_sig,-0.10673920694095888
DHRS9,2q,-0.773417119949226,-0.7710110489196424,non_sig,-0.0024060710295835674
HSD17B11,4q,-0.08696118133801775,0.0004844217169550501,non_sig,-0.0874456030549728
RDH16,12q,-0.679340492164767,-0.0913858271174404,non_sig,-0.5879546650473266
DHRS3,1p,-0.105729714911997,-0.2180931909371805,non_sig,0.1123634760251835
HSD17B7,1q,-0.148717008431437,0.0038966362365908,non_sig,-0.15261364466802782
CADM4,19q,-0.30728693578246047,0.183321609440735,non_sig,-0.49060854522319547
CADM1,11q,-0.0762421442395079,-0.6338367849553985,non_sig,0.5575946407158906
CADM2,3p,-0.5876644533819659,-0.722846418638893,non_sig,0.13518196525692705
CADM3,1q,-0.63276028649867,-0.759881282889862,non_sig,0.127120996391192
SIPA1L1,14q,-0.277679634817374,-0.032073093283933,non_sig,-0.24560654153344103
E2F7,12q,0.552908077659036,-0.23367899373218398,non_sig,0.78658707139122
E2F8,11p,-0.08666012881827914,0.0087520493510333,non_sig,-0.09541217816931244
INSIG2,2q,-0.0329364491168726,-0.0876313489579144,non_sig,0.0546948998410418
SBF1,22q,-0.19706278251401999,0.0616953101671887,non_sig,-0.2587580926812087
SBF2,11p,-0.212591769922178,0.0348603773585919,non_sig,-0.2474521472807699
SDR16C5,8q,-0.806278884367966,-0.56174679906153,non_sig,-0.244532085306436
HSD17B13,4q,-0.232489576762082,0.16386356292328652,non_sig,-0.39635313968536856
RNF7,3q,-0.0705790044008203,0.0827075853562314,non_sig,-0.1532865897570517
ANAPC11,17q,-0.112797730422249,-0.016229233587058398,non_sig,-0.0965684968351906
RBX1,22q,0.0776703189430756,0.135355656578653,non_sig,-0.0576853376355774
MPP2,17q,-0.386795889770373,-0.1165710043890905,non_sig,-0.2702248853812825
MPP7,10p,-0.202650881995279,-0.14139382049844,non_sig,-0.061257061496839016
MPP3,17q,0.389256825708012,-0.125159634196812,non_sig,0.514416459904824
PDIA5,3q,-0.34626814610268,-0.07797063950464125,non_sig,-0.26829750659803875
CNOT6,5q,-0.2309782697103305,-0.061397731117038,non_sig,-0.1695805385932925
CNOT6L,4q,-0.17148059616113298,-0.0507310875575415,non_sig,-0.12074950860359149
PDE12,3p,-0.238563628216182,0.16321269777998998,non_sig,-0.40177632599617197
ZNF771,16p,-0.195563818085117,0.0032810100712867,non_sig,-0.1988448281564037
ZNF184,6p,-0.227516161184418,-0.0704055047643504,non_sig,-0.1571106564200676
CTCF,16q,-0.185089470233146,0.043271474615476146,non_sig,-0.22836094484862215
ZNF84,12q,0.153832908328506,-0.1003134645199794,non_sig,0.2541463728484854
MFSD9,2q,-0.172055728808273,0.08312843279505824,non_sig,-0.25518416160333124
MFSD10,4p,-0.144061924355731,-0.0595775888822446,non_sig,-0.08448433547348641
SPOCK1,5q,-0.321599659416783,-0.4639268309759095,non_sig,0.1423271715591265
SPOCK2,10q,-0.3568312466543435,-0.46055043465651346,non_sig,0.10371918800216995
SLC35A5,3q,-0.0010183504765244,-0.156726454846847,non_sig,0.1557081043703226
SLC35A1,6q,-0.143878923051995,-0.08604092597447385,non_sig,-0.05783799707752116
SLC35A3,1p,0.121478620902867,-0.05705195546201925,non_sig,0.17853057636488626
LOXL4,10q,-0.479984101862485,-0.597201828087314,non_sig,0.11721772622482901
LOXL2,8p,-0.339886602114823,-0.6908119401269175,non_sig,0.35092533801209447
LOXL1,15q,-0.165521003187843,-0.286216899244257,non_sig,0.12069589605641398
LOX,5q,-0.35237221893104453,-0.438675946745075,non_sig,0.08630372781403045
SORCS1,10q,0.054295799377216,-0.122836868365677,non_sig,0.177132667742893
SORCS2,4p,-0.632768107766487,-0.496418127193238,non_sig,-0.13634998057324893
NGEF,2q,-0.458589527022981,-0.229465222380932,non_sig,-0.229124304642049
ARHGEF16,1p,0.026187683994285053,-0.174936665994492,non_sig,0.20112434998877707
ARHGEF26,3q,0.54969754354074,-0.0626334742968819,non_sig,0.6123310178376219
ILDR1,3q,-2.40612142517696,-0.191020688993323,non_sig,-2.2151007361836372
ILDR2,1q,0.18999927941063,-0.106900138055081,non_sig,0.296899417465711
LSR,19q,0.1472301289135515,0.11026556819590999,non_sig,0.03696456071764151
IL1B,2q,-0.42467328834979845,-0.450173729480251,non_sig,0.025500441130452522
IL1RN,2q,-0.764338279703229,-0.3972560344494085,non_sig,-0.3670822452538205
RPL26,17p,-0.00437134769216475,0.0250536265514449,non_sig,-0.02942497424360965
RPL26L1,5q,-0.3169834737225145,0.0853533819876585,non_sig,-0.402336855710173
ESYT2,7q,-0.060997367824203494,0.02236280735949068,non_sig,-0.08336017518369418
ESYT1,12q,-0.0677180169176326,-0.046966183649071055,non_sig,-0.020751833268561545
TRIM24,7q,-0.260581077429589,-0.0064586989234759005,non_sig,-0.25412237850611313
TRIM33,1p,-0.256363464344837,0.003209233708101027,non_sig,-0.259572698052938
TRIM28,19q,-0.3697655376059725,-0.00802031248122235,non_sig,-0.36174522512475016
FBXO10,9p,0.06464827699413105,-0.173890961465687,non_sig,0.23853923845981806
FBXO11,2p,-0.128903823937428,-0.0087854727967263,non_sig,-0.1201183511407017
DPY19L3,19q,-0.298848272908693,0.0436581822585744,non_sig,-0.3425064551672674
DPY19L4,8q,-0.205440897683551,-0.135685296103811,non_sig,-0.06975560157974
DPY19L1,7p,-0.5016555972747145,-0.25217886707433,non_sig,-0.24947673020038452
CDC40,6q,-0.2574344250034395,0.01778354496751965,non_sig,-0.27521796997095915
WDR25,14q,-0.26520391090018747,0.0640981544405783,non_sig,-0.3293020653407658
PIK3R6,17p,0.030328771849144547,-0.02090909351001945,non_sig,0.051237865359164
TCTN3,10q,-0.177068309908542,0.119105282789679,non_sig,-0.29617359269822097
TCTN1,12q,0.24471278144308,-0.143647970677983,non_sig,0.388360752121063
FRMPD1,9p,-0.0361699518666513,-0.195794956274099,non_sig,0.1596250044074477
FAM118B,11q,-0.422920166786303,-0.0006883190591551,non_sig,-0.4222318477271479
FAM118A,22q,-0.24420852197542,0.0679153009994503,non_sig,-0.3121238229748703
KDM7A,7q,0.0583890914070745,-0.2939112452395455,non_sig,0.35230033664661997
PHF2,9q,-0.17220232340481,-0.0069200391449141,non_sig,-0.1652822842598959
LTA4H,12q,-0.291788748091751,-0.11685616794179199,non_sig,-0.174932580149959
RNPEP,1q,-0.580936494980573,-0.154212363238633,non_sig,-0.42672413174194
RNPEPL1,2q,0.312139039802989,-0.14470662026258502,non_sig,0.45684566006557403
STAG1,3q,-0.179326438737392,-0.0777778463310212,non_sig,-0.10154859240637082
STAG3,7q,1.31876783910766,-0.342933437876275,non_sig,1.661701276983935
MACC1,7p,-0.248441231478097,-0.127540439534195,non_sig,-0.12090079194390199
SH3BP4,2q,-0.0526429979730019,-0.0190181293987934,non_sig,-0.0336248685742085
NTN1,17p,-0.437916918143324,0.122058944615919,non_sig,-0.559975862759243
NTNG1,1p,-1.2291650318685101,-0.618130702672383,non_sig,-0.6110343291961271
NLRP2,19q,-0.5537182426288635,-0.457043221644792,non_sig,-0.09667502098407149
NLRP1,17p,-0.258793671831909,0.0750075377360009,non_sig,-0.3338012095679099
STX8,17p,-0.1994285020322365,0.116343716849976,non_sig,-0.3157722188822125
STX6,1q,-0.0869353932052745,-0.0482950391722847,non_sig,-0.03864035403298981
STX10,19p,-0.08522989992245356,0.04144682019150765,non_sig,-0.1266767201139612
TRMT10C,3q,-0.24514153039913,-0.0440716216564842,non_sig,-0.2010699087426458
TRMT10A,4q,-0.212402203049479,0.102426748457141,non_sig,-0.31482895150662
EML4,2p,-0.0471091427087405,-0.18037987407430225,non_sig,0.13327073136556175
EML3,11q,-0.2747218359750655,-0.00770404641408495,non_sig,-0.26701778956098055
EML6,2p,0.2984521767740545,0.0560835233605751,non_sig,0.2423686534134794
EML5,14q,-0.09506897041953305,0.05347279479923915,non_sig,-0.14854176521877221
EML1,14q,-0.330146405990321,-0.272686269583563,non_sig,-0.05746013640675801
EML2,19q,-0.26727930566144353,-0.07162638315174169,non_sig,-0.19565292250970184
CHCHD3,7q,-0.122418505257606,0.0231623260887779,non_sig,-0.1455808313463839
CHCHD6,3q,-0.0770773247154319,0.04728278580151715,non_sig,-0.12436011051694905
PRDM16,1p,-0.0048098007392504,-0.151827100470455,non_sig,0.1470172997312046
MECOM,3q,-0.349757619520081,-0.358193147320683,non_sig,0.008435527800602027
OGDHL,10q,-0.0386269417015686,-0.0669662273581961,non_sig,0.0283392856566275
OGDH,7p,-0.34429718690094024,-0.08477476629375115,non_sig,-0.2595224206071891
DHTKD1,10p,-0.399015421204211,-0.111908074087786,non_sig,-0.28710734711642505
SFXN1,5q,-0.217162587535253,0.016929696557221402,non_sig,-0.2340922840924744
SFXN3,10q,-0.118669165407239,0.118951521532838,non_sig,-0.23762068694007699
SFXN2,10q,-0.3426560709267195,-0.0419336654764481,non_sig,-0.3007224054502714
SFXN4,10q,-0.220677312469591,0.0132378122892915,non_sig,-0.2339151247588825
SFXN5,2p,-0.06229031579799295,-0.02307012724125225,non_sig,-0.0392201885567407
PDIA4,7q,-0.410731945392331,0.00436122674849285,non_sig,-0.41509317214082386
PDILT,16p,0.0323515152317006,-0.0879555810182339,non_sig,0.1203070962499345
PDIA6,2p,-0.110001756815328,0.0786735563747021,non_sig,-0.18867531319003011
TAP2,6p,-0.14852380354314101,-0.0787402202780741,non_sig,-0.06978358326506691
ABCB10,1q,-0.3288264737693,-0.13553774980207,non_sig,-0.19328872396723001
ABCB6,2q,-0.138940816596723,-0.094946736057583,non_sig,-0.04399408053914
TAP1,6p,-0.149069486891277,-0.1742991403772265,non_sig,0.025229653485949494
ABCB8,7q,-0.25750601872973,-0.183283640129843,non_sig,-0.074222378599887
DENND2A,7q,-0.428598748869732,-0.033869035291504895,non_sig,-0.39472971357822706
DENND2D,1p,0.146184914307395,-0.112266634884671,non_sig,0.258451549192066
USP43,17p,0.13666656469786956,0.100421883675018,non_sig,0.036244681022851555
USP31,16p,-0.0926231629334135,-0.158133572692843,non_sig,0.06551040975942951
SGMS1,10q,-0.0836904070876046,-0.0182949144114859,non_sig,-0.0653954926761187
SAMD8,10q,-0.0306005703746266,0.108349238009934,non_sig,-0.1389498083845606
SGMS2,4q,0.0363280639386041,0.275831798930589,non_sig,-0.2395037349919849
CHSY3,5q,0.0052627221272315,-0.14960874839823302,non_sig,0.15487147052546452
CSGALNACT2,10q,-0.0472879914017995,0.0265353586321981,non_sig,-0.07382335003399759
CSGALNACT1,8p,0.2663588137346255,-0.204777465142636,non_sig,0.4711362788772615
CHSY1,15q,-0.166265965540943,0.0305737613350434,non_sig,-0.1968397268759864
CHPF2,7q,-0.230473773622728,-0.1074897470561735,non_sig,-0.1229840265665545
SHB,9p,-0.07502631998528325,0.104783903989857,non_sig,-0.17981022397514024
SHF,15q,0.10147686390704791,-0.11223356321204,non_sig,0.21371042711908791
SOWAHB,4q,-0.047509016504826154,0.21802872551649263,non_sig,-0.2655377420213188
SOWAHC,2q,0.112160427856893,0.0272836207152045,non_sig,0.08487680714168849
AIF1L,9q,-0.121678980968087,-0.0817794687030965,non_sig,-0.0398995122649905
AIF1,6p,-0.67694004195281,-0.671702846996318,non_sig,-0.005237194956491997
CALCRL,2q,3.43810377153925,-1.19722370865199,non_sig,4.63532748019124
VIPR1,3p,-0.147656812430544,-0.253774092104627,non_sig,0.10611727967408299
SLC22A3,6q,-0.27659584719835,-0.33779744763374897,non_sig,0.06120160043539896
SLC22A5,5q,-0.5774720814082515,0.0876775622962707,non_sig,-0.6651496437045221
MFAP3L,4q,-0.15665457942987948,0.05949601266992455,non_sig,-0.21615059209980403
MFAP3,5q,0.0170978369771236,-0.0477665225221329,non_sig,0.0648643594992565
MARK3,14q,-0.232561895687298,0.0328083726147782,non_sig,-0.2653702683020762
MARK2,11q,-0.1011819648973747,-0.00793565462575705,non_sig,-0.09324631027161764
MARK4,19q,0.4320746083710315,-0.1490169995393875,non_sig,0.581091607910419
MARK1,1q,-0.0997760693112582,-0.0491231211159239,non_sig,-0.050652948195334294
LYPD1,2q,0.5258421995661184,-0.2511421492847895,non_sig,0.776984348850908
CD59,11p,0.10001176338141254,0.0562741367032068,non_sig,0.04373762667820574
LAMC2,1q,0.378233987530091,-0.300579599819401,non_sig,0.678813587349492
ARID5B,10q,-0.11943124044071851,0.0567162548270133,non_sig,-0.17614749526773182
ARID5A,2q,-0.19911773506824298,-0.0403735873765034,non_sig,-0.15874414769173958
SMYD1,2p,-0.951091793976607,0.011917074998565199,non_sig,-0.9630088689751722
SMYD2,1q,-0.0173587971999093,-0.07955320527310944,non_sig,0.06219440807320014
SMYD3,1q,-0.373674424400677,-0.196307081974269,non_sig,-0.177367342426408
LTBR,12p,-0.182543886589988,0.31460146218465246,non_sig,-0.49714534877464045
NYNRIN,14q,-0.492269553681769,0.35918575739362,non_sig,-0.8514553110753891
KHNYN,14q,-0.190904632978844,-0.0232340224558867,non_sig,-0.1676706105229573
UCK1,9q,-0.0899988106462673,0.036700725187338,non_sig,-0.1266995358336053
UCK2,1q,0.0224385068411728,-0.124012309473234,non_sig,0.1464508163144068
N4BP1,16q,-0.154301523657903,0.027856328417866498,non_sig,-0.1821578520757695
ROCK1,18q,-0.2890394997613135,0.11838287413377599,non_sig,-0.4074223738950895
ROCK2,2p,-0.379726618743238,-0.07204522106183435,non_sig,-0.3076813976814036
CIT,12q,0.08255468714579836,-0.048112815050612746,non_sig,0.1306675021964111
CDC42BPG,11q,-0.1037207449705,-0.166332668082578,non_sig,0.06261192311207799
CDC42BPB,14q,-0.0549637280135056,-0.029768924666783,non_sig,-0.025194803346722604
CDC42BPA,1q,-0.0717017387514195,-0.0152492311448665,non_sig,-0.056452507606553
COPG2,7q,-0.342193182539298,-0.1591017796770005,non_sig,-0.18309140286229747
COPG1,3q,0.0895314836973732,-0.028213131215145397,non_sig,0.11774461491251859
COCH,14q,-0.5001909584893289,-0.3192788271149515,non_sig,-0.18091213137437745
VWA2,10q,-0.5783707533305775,-0.6835985084965519,non_sig,0.10522775516597438
CTSG,14q,-0.23561741477155151,-0.320310888098469,non_sig,0.08469347332691751
GZMB,14q,-0.205186090428423,-0.575995401690658,non_sig,0.370809311262235
KLK6,19q,-0.766498012947249,-0.715399591633755,non_sig,-0.05109842131349396
AZU1,19p,-0.532000524701684,-0.38701513630258,non_sig,-0.14498538839910402
DNAJB14,4q,-0.08540098728423964,0.07877565469541276,non_sig,-0.1641766419796524
DNAJB12,10q,-0.167283000150817,0.09239447252993516,non_sig,-0.25967747268075214
SPSB2,12p,0.488220627878634,0.0180564397015191,non_sig,0.4701641881771149
FBXO45,3q,-0.2536263355085625,-0.05482349721462475,non_sig,-0.19880283829393774
EN1,2q,-0.099954731273651,0.0169492853638806,non_sig,-0.1169040166375316
PVR,19q,0.0260613210222211,0.0635150079007278,non_sig,-0.0374536868785067
AK1,9q,-0.244919957403147,0.12531799640533,non_sig,-0.370237953808477
CMPK1,1p,-0.324770264814181,-0.01449742617995185,non_sig,-0.3102728386342291
AK5,1p,-0.0463159989321951,-0.079493602500052,non_sig,0.03317760356785689
AK2,1p,0.112501281041294,0.0426944853547538,non_sig,0.0698067956865402
AK3,9p,-0.175054861586903,0.12962537485591902,non_sig,-0.30468023644282205
AK4,1p,-0.117083040549816,0.00626240650446435,non_sig,-0.12334544705428035
ZDHHC14,6q,-0.389142060155814,-0.0530566490808377,non_sig,-0.3360854110749763
ZDHHC18,1p,-0.0280755408078868,-0.0438968235398585,non_sig,0.0158212827319717
SEC11C,18q,-0.352440726838766,0.053715589686591306,non_sig,-0.4061563165253573
SEC11A,15q,-0.0191529231346919,-0.04325274731255335,non_sig,0.024099824177861454
KDM8,16p,-0.146019433643922,-0.1315650564176355,non_sig,-0.014454377226286508
GLIS3,9p,-0.515330872492676,0.11092350701938195,non_sig,-0.6262543795120579
ZNF516,18q,-0.129274728149304,0.175376419572928,non_sig,-0.304651147722232
NMNAT1,1p,-0.176256966415779,-0.02724550429093825,non_sig,-0.14901146212484076
NMNAT3,3q,-0.4817602876874195,-0.234411793353705,non_sig,-0.24734849433371453
RUVBL1,3q,-0.121996083222728,-0.048500598779854645,non_sig,-0.07349548444287335
RUVBL2,19q,-0.134037057632446,-0.026799747058237802,non_sig,-0.1072373105742082
ST3GAL2,16q,-0.358831212766662,0.066088178733453,non_sig,-0.42491939150011504
TMEM185B,2q,-0.0611091544582858,-0.0852588386627267,non_sig,0.0241496842044409
UBA2,19q,-0.2366920721455985,-0.0031907344054557,non_sig,-0.2335013377401428
UBA3,3p,-0.154562853070266,0.09643418783418675,non_sig,-0.25099704090445274
ECE1,1p,0.0028554038200018,-0.008181448954483899,non_sig,0.0110368527744857
MME,3q,-0.702444677231292,-0.6194668650346205,non_sig,-0.08297781219667155
ECE2,3q,-0.5072357289767015,-0.0364150749669655,non_sig,-0.47082065400973605
NCK2,2q,-0.112445564153666,-0.0427126903525766,non_sig,-0.06973287380108939
NCK1,3q,-0.327105295081334,-0.0314798403635217,non_sig,-0.2956254547178123
SCFD1,14q,-0.21593292621617,-0.0036756081101332,non_sig,-0.2122573181060368
STXBP2,19p,0.09354158281868241,0.133718107454571,non_sig,-0.04017652463588858
MGAT4A,2q,-0.352773146348255,-0.20167144716409852,non_sig,-0.1511016991841565
MGAT4B,5q,-0.136769407450395,0.0039366075988137,non_sig,-0.1407060150492087
IGFBP7,4q,-0.5626753158299924,-0.664104457156796,non_sig,0.10142914132680358
IGFBPL1,9p,-0.479567405401481,-0.9692341309435986,non_sig,0.48966672554211754
AMACR,5p,-0.06951471745883775,-0.164838718603656,non_sig,0.09532400114481826
USP30,12q,-0.1756574411876275,0.0038100562249935,non_sig,-0.179467497412621
BPIFB2,20q,-0.3845293746325591,-0.108927874270122,non_sig,-0.2756015003624371
RAF1,3p,-0.196953612583876,0.0778890350352979,non_sig,-0.2748426476191739
BRAF,7q,-0.301998302246442,-0.105728232559331,non_sig,-0.19627006968711097
CHRDL2,11q,0.24737099340140195,0.0154621657113651,non_sig,0.23190882769003685
PANK4,1p,-0.254805377038381,0.01873878450523455,non_sig,-0.27354416154361555
PANK1,10q,-0.0536317831280631,-0.0367610738721766,non_sig,-0.016870709255886497
PANK3,5q,-0.21430095216796202,0.01721223695435915,non_sig,-0.23151318912232116
PANK2,20p,-0.377738976306724,-0.0228218248125018,non_sig,-0.3549171514942222
TXN2,22q,-0.120103076362127,0.159108948806662,non_sig,-0.27921202516878896
TTC39C,18q,-0.1917561771173035,-0.115147655574842,non_sig,-0.0766085215424615
TTC39B,9p,-0.284828969260695,-0.0278945288227683,non_sig,-0.2569344404379267
TTC39A,1p,0.0070987808327251,-0.115215388473108,non_sig,0.1223141693058331
ARHGAP31,3q,-0.229621437758058,0.0160188141129973,non_sig,-0.2456402518710553
ARHGAP30,1q,-0.958988789567202,-0.85519229731401,non_sig,-0.10379649225319199
ARHGAP32,11q,-0.2696944552919895,-0.0840474299104176,non_sig,-0.1856470253815719
CDKN2AIP,4q,-0.08003687085465365,0.0395215869495835,non_sig,-0.11955845780423716
CDKN2AIPNL,5q,-0.0724892419143643,0.135626813363455,non_sig,-0.2081160552778193
FHL2,2q,0.552635857228994,0.119245434392857,non_sig,0.433390422836137
FHL3,1p,-0.360416790589378,-0.01782236933656095,non_sig,-0.342594421252817
MPDZ,9p,0.196957779097792,0.1826204035126175,non_sig,0.014337375585174505
PARP14,3q,-0.311048836089381,-0.0710747156083429,non_sig,-0.2399741204810381
PARP9,3q,-0.638157540535492,-0.197409413982609,non_sig,-0.440748126552883
COPS6,7q,-0.119488472093368,-0.0623830696388814,non_sig,-0.05710540245448661
EIF3F,11p,-0.006090077038999,0.0089912442595518,non_sig,-0.0150813212985508
PSMD7,16q,-0.0481484732195216,-0.03078844056218035,non_sig,-0.01736003265734125
BPIFB1,20q,-0.409090587131743,-0.9264203174269405,non_sig,0.5173297302951976
WWC2,4q,-0.173327772290285,0.032658901025608,non_sig,-0.20598667331589302
WWC1,5q,-0.22822969744653998,-0.0018494108492234,non_sig,-0.22638028659731657
DLL1,6q,-0.602474572186973,-0.216285340606794,non_sig,-0.386189231580179
DLL4,15q,-1.467053500883991,-0.707544949775103,non_sig,-0.7595085511088879
JAG1,20p,-0.324964446381849,-0.39407376940164596,non_sig,0.06910932301979694
DNER,2q,-0.259951169076819,-0.3443156810640735,non_sig,0.08436451198725453
JAG2,14q,-0.313121075938823,0.0084019821628523,non_sig,-0.3215230581016753
PARP2,14q,-0.230672404432696,-0.0797853944520999,non_sig,-0.1508870099805961
PARP1,1q,-0.222689189180045,-0.141427911082831,non_sig,-0.08126127809721398
SMOX,20p,-0.08058051061214369,-0.0790442887005711,non_sig,-0.0015362219115725856
CNPY4,7q,-0.323224769259797,-0.133334821969799,non_sig,-0.18988994728999797
CNPY3,6p,-0.2224127189221225,0.06540796265768581,non_sig,-0.28782068157980834
SYPL1,7q,-0.362683318524383,-0.0709749307397247,non_sig,-0.2917083877846583
BCKDHB,6q,-0.0041029928310093,0.0670264478486691,non_sig,-0.0711294406796784
PDHB,3p,-0.0462844945971936,0.10041786705236545,non_sig,-0.14670236164955905
TKT,3p,-0.300380473383107,0.039112198242849755,non_sig,-0.33949267162595675
CCNE2,8q,-0.996292742775686,-0.346834113279076,non_sig,-0.64945862949661
CPT1C,19q,0.0771123755707318,-0.00943841152512395,non_sig,0.08655078709585576
CPT1A,11q,-0.0027131889668405,-0.045917066929549145,non_sig,0.043203877962708644
CRAT,9q,-0.102878149530647,0.0012829663999377,non_sig,-0.1041611159305847
CPT2,1p,0.0458983788118108,-0.03885745585473225,non_sig,0.08475583466654305
CROT,7q,-0.06828627557775124,-0.151665368204801,non_sig,0.08337909262704976
SUDS3,12q,-0.008003946369525549,-0.0227704616976331,non_sig,0.01476651532810755
BRMS1L,14q,-0.3386846238630885,0.088992620953154,non_sig,-0.4276772448162425
BRMS1,11q,0.00455660552615155,0.01976748442928335,non_sig,-0.015210878903131799
TMPRSS4,11q,-0.647354514183331,-0.6800223784896859,non_sig,0.03266786430635493
MAP2K4,17p,-0.1539040855985595,0.0768925103948595,non_sig,-0.230796595993419
MAP2K7,19p,-0.3015070531198045,-0.0222613530161926,non_sig,-0.27924570010361194
MAP2K2,19p,-0.2154505711585475,0.107685417193169,non_sig,-0.3231359883517165
MAP2K1,15q,-0.254334154734836,0.0222738223034444,non_sig,-0.2766079770382804
MAP2K5,15q,-0.1827962113110285,0.0453481240286991,non_sig,-0.2281443353397276
PFN1,17p,-0.18312083310195099,0.116852172425915,non_sig,-0.299973005527866
PFN2,3q,0.11003187325798269,0.009772172491937736,non_sig,0.10025970076604496
IMP4,2q,-0.104962138644719,-0.0171808226224594,non_sig,-0.0877813160222596
RPF1,1p,-0.16643858163803,-0.01180717422108055,non_sig,-0.15463140741694945
KIAA1549,7q,-0.433019216021374,0.0285063305691554,non_sig,-0.4615255465905294
KIAA1549L,11p,-0.0771999694624951,-0.02389843838186595,non_sig,-0.053301531080629155
EXOSC6,16q,-0.0609979276345161,0.02227868801466435,non_sig,-0.08327661564918046
EXOSC5,19q,-0.034670302621615245,0.01415740002552425,non_sig,-0.048827702647139495
EXOSC4,8q,0.0755809739174501,0.06503358544900906,non_sig,0.01054738846844104
NUDT4,12q,-0.39101342267913175,-0.024440367112355775,non_sig,-0.366573055566776
NUDT3,6p,-0.3944012629388745,-0.03898519246677665,non_sig,-0.3554160704720979
DDX19B,16q,-0.252239720682193,-0.04800657865166435,non_sig,-0.20423314203052867
DDX19A,16q,-0.177043776259649,-0.0431363266921897,non_sig,-0.1339074495674593
DDX56,7p,-0.20938607681961,-0.0576976318867769,non_sig,-0.1516884449328331
DDX6,11q,-0.1110657526506395,-0.00010751832389205003,non_sig,-0.11095823432674745
DDX4,5q,-0.112775480985952,-0.0173852821489164,non_sig,-0.0953901988370356
DDX1,2p,-0.106431656806966,0.01981761643749485,non_sig,-0.12624927324446084
DDX20,1p,-0.143560017091198,-0.0031248850372332,non_sig,-0.1404351320539648
DDX49,19p,-0.0696994984707642,-0.0248825491930505,non_sig,-0.04481694927771371
FUCA2,6q,-0.09873333628884526,0.00021433537378280003,non_sig,-0.09894767166262806
FUCA1,1p,-0.120027411687105,-0.1186882731306745,non_sig,-0.0013391385564305025
GPNMB,7p,-0.946519771917444,-0.928800088671166,non_sig,-0.01771968324627793
PMEL,12q,-0.560491171524005,-0.655775832548571,non_sig,0.09528466102456601
LRP1B,2q,0.0028180906964698008,-0.0423137546278284,non_sig,0.0451318453242982
VLDLR,9p,-0.208484927271127,0.157654662245924,non_sig,-0.366139589517051
LRP2,2q,0.05321872105899235,-0.08052796262529904,non_sig,0.13374668368429138
LRP1,12q,-0.05842232296904455,-0.229498356141884,non_sig,0.17107603317283943
LDLR,19p,0.06770065003056815,0.126935300448826,non_sig,-0.05923465041825786
CCDC88B,11q,-0.324893611011438,-0.256633697514505,non_sig,-0.068259913496933
CCDC88C,14q,-0.20147751517044,0.115226593630503,non_sig,-0.316704108800943
CCDC88A,2p,-0.154824426280207,0.0033925389148535498,non_sig,-0.15821696519506057
SLC25A13,7q,-0.362058689586827,-0.116774753917218,non_sig,-0.24528393566960902
SLC25A22,11p,-0.2439873157877135,0.036117202484084496,non_sig,-0.280104518271798
SLC25A23,19p,-0.134570495940396,0.144184250126366,non_sig,-0.278754746066762
SLC25A29,14q,-0.320961259656912,-0.025681508974261247,non_sig,-0.2952797506826508
SLC25A12,2q,-0.172809251458988,-0.0790450694668854,non_sig,-0.09376418199210261
SLC25A11,17p,-0.2164534363321035,0.07015964297733435,non_sig,-0.28661307930943786
SLC25A20,3p,-0.272445156516457,0.03119004597429205,non_sig,-0.30363520249074905
FBXO5,6q,-0.221745781894036,0.06544775956748805,non_sig,-0.28719354146152404
EIF5A,17p,-0.29988757940539046,0.111286543457459,non_sig,-0.4111741228628495
EIF5A2,3q,-0.0922960330520547,0.0768925873617703,non_sig,-0.16918862041382499
PTPN18,2q,-0.399576160787396,-0.207474383142666,non_sig,-0.19210177764473
PTPN22,1p,-0.149631234583987,-0.0365692676946734,non_sig,-0.11306196688931361
PTPN12,7q,-0.419115815255405,-0.09220509631197854,non_sig,-0.32691071894342644
PPIL4,6q,-0.201738053829802,0.0454357368282078,non_sig,-0.24717379065800982
PSG1,19q,-0.40418152921773,-0.7537715485968675,non_sig,0.3495900193791375
PSG3,19q,-0.04928416154309405,-0.0093055892802932,non_sig,-0.03997857226280085
PSG2,19q,0.769746573588629,-0.5314959893519945,non_sig,1.3012425629406235
PSG8,19q,-0.65019646495851,-0.743332738096912,non_sig,0.093136273138402
PSG11,19q,-0.218500797548312,-0.27640987606490497,non_sig,0.057909078516592966
PSG6,19q,-0.691559020324248,-0.5175117724564375,non_sig,-0.17404724786781045
PSG4,19q,-0.750141890952275,-0.502312752164301,non_sig,-0.24782913878797397
PSG9,19q,-0.526933025876382,-0.6435167259557465,non_sig,0.11658370007936447
PSG5,19q,-0.411748670505815,-0.411458867798531,non_sig,-0.0002898027072839593
CEACAM7,19q,-0.195926480194758,-0.640925201284881,non_sig,0.44499872109012295
CEACAM5,19q,-0.463282732785718,-0.60221702557801,non_sig,0.13893429279229202
CEACAM1,19q,-0.430827561030422,-0.34087107156971,non_sig,-0.089956489460712
CEACAM6,19q,-0.355105128312838,-0.667278712303432,non_sig,0.31217358399059403
TIAL1,10q,-0.118311512863729,0.09825896822197455,non_sig,-0.21657048108570354
TIA1,2p,0.0847348643627586,-0.053286186799304,non_sig,0.1380210511620626
TRNAU1AP,1p,0.0012325045554046,0.00717271392993335,non_sig,-0.00594020937452875
ABHD17B,9q,-0.18182196493414798,-0.0176479054722853,non_sig,-0.1641740594618627
CENPB,20p,-0.277772085939719,-0.01854629508121885,non_sig,-0.25922579085850017
MGAT5,2q,-0.237748737934755,-0.10537016897666,non_sig,-0.13237856895809502
CCDC126,7p,-0.29224682577836,-0.0320374942704033,non_sig,-0.26020933150795666
SLC22A9,11q,-0.300726766640731,-0.2921289582181095,non_sig,-0.008597808422621478
IFRD1,7q,-0.428232490519859,-0.1388357057386535,non_sig,-0.2893967847812055
IFRD2,3p,-0.260319889749521,0.136782579846652,non_sig,-0.397102469596173
PIWIL1,12q,0.669743463117005,-0.341850202360432,non_sig,1.011593665477437
PIWIL2,8p,-0.135493805130824,0.251202680990401,non_sig,-0.386696486121225
AHCY,20q,-0.461597545549553,-0.1402579472707705,non_sig,-0.3213395982787825
AHCYL1,1p,-0.366393634033085,0.02701857986233415,non_sig,-0.39341221389541914
AHCYL2,7q,-0.407780908408788,-0.033296366584942796,non_sig,-0.3744845418238452
TNFSF15,9q,-0.605474028528429,-0.4074773587606655,non_sig,-0.19799666976776353
ZC2HC1A,8q,-0.36284151636607354,0.0613475895845789,non_sig,-0.42418910595065246
ATP6V1G1,9q,-0.18490803969102548,-0.0301035532016893,non_sig,-0.15480448648933617
ATP6V1G2,6p,-1.17766384600469,-0.24920734856806098,non_sig,-0.928456497436629
NIPAL1,4p,0.0013564062524049,-0.204345391560948,non_sig,0.2057017978133529
NIPA2,15q,-0.118824586630938,-0.0780597840916917,non_sig,-0.0407648025392463
NIPA1,15q,-0.27496965468763,0.0255745118470342,non_sig,-0.3005441665346642
NIPAL3,1p,-0.27633701577245495,-0.0061352956104297,non_sig,-0.27020172016202526
P2RX4,12q,0.0080307691033282,-0.0932464747208159,non_sig,0.1012772438241441
P2RX7,12q,-0.0774877765050633,-0.3619967811335685,non_sig,0.28450900462850515
SPHK2,19q,-0.1071291255043934,-0.0356002706549781,non_sig,-0.07152885484941529
PHF19,9q,-0.271961854848008,0.142417101355434,non_sig,-0.414378956203442
PHF1,6p,-0.146472554882298,-0.0836289366648815,non_sig,-0.06284361821741649
MTF2,1p,-0.24198418305465902,-0.126850430829975,non_sig,-0.11513375222468403
LGR5,12q,0.40479553395744994,-0.06840934689735789,non_sig,0.47320488085480783
LGR6,1q,-0.249276966466415,-0.2200036048976695,non_sig,-0.029273361568745493
LGR4,11p,-0.078013311000499,0.0304216885136631,non_sig,-0.1084349995141621
ST6GALNAC2,17q,-0.127727562025475,-0.34914572189190596,non_sig,0.22141815986643096
ST3GAL4,11q,-0.3241417106481115,-0.2327339484033095,non_sig,-0.09140776224480199
ST3GAL1,8q,-0.295464379151449,-0.2153838360617715,non_sig,-0.08008054308967752
RASGRP2,11q,-0.94517342961753,-0.54538499152693,non_sig,-0.39978843809060005
DYNLRB1,20q,0.25387892039120247,0.01924261708432715,non_sig,0.23463630330687532
ZNF816,19q,-0.18802412392723,0.0692572558694377,non_sig,-0.2572813797966677
ZNF813,19q,0.3656295514529025,-0.174754095678153,non_sig,0.5403836471310555
ZNF525,19q,0.04105147696587284,-0.281862139016493,non_sig,0.32291361598236584
ZNF761,19q,-0.238768107037534,-0.203741543035819,non_sig,-0.035026564001715
ZNF888,19q,-0.21273215913877,-0.0485597668704059,non_sig,-0.1641723922683641
ZNF701,19q,0.291442754474954,-0.161293173399602,non_sig,0.45273592787455597
NOS1,12q,-0.28001014971654503,-0.1433651267456325,non_sig,-0.13664502297091252
BHLHE40,3p,-0.0354740458594002,0.043275146825522,non_sig,-0.0787491926849222
BHLHE41,12p,0.04275811491615135,-0.0994322115321074,non_sig,0.14219032644825874
ERAP1,5q,-0.343119413551082,-0.00851111772686195,non_sig,-0.33460829582422
ERAP2,5q,-0.969842327060811,-0.0596244012816354,non_sig,-0.9102179257791756
LNPEP,5q,-0.39283755790046,0.016366093564130352,non_sig,-0.40920365146459037
TRHDE,12q,0.14432831401820767,-0.0745518330524166,non_sig,0.21888014707062425
ANPEP,15q,-0.704071075525252,-0.8054995378897929,non_sig,0.10142846236454084
NPEPPS,17q,-0.171623769424849,-0.07642699364171515,non_sig,-0.09519677578313385
ENPEP,4q,-0.2227044666262295,-0.3454292078890855,non_sig,0.12272474126285599
FOXN3,14q,-0.506978790211422,-0.0691684150942389,non_sig,-0.4378103751171831
ST6GALNAC1,17q,-0.20872129950756751,-0.0715888551019965,non_sig,-0.137132444405571
UBE2Z,17q,-0.190474396797117,-0.01905912517122645,non_sig,-0.17141527162589054
CTSF,11q,-0.0738882230215214,-0.07724399342835905,non_sig,0.003355770406837655
CTSW,11q,-0.20297639062049985,-0.376094475101435,non_sig,0.17311808448093516
RUFY3,4q,-0.07482164265863475,-0.05816753898516716,non_sig,-0.01665410367346759
RUFY2,10q,-0.101116584401107,0.056558233917494705,non_sig,-0.1576748183186017
RUFY1,5q,-0.134410173448478,-0.0112102340238541,non_sig,-0.1231999394246239
EXOC3,5p,-0.0266863266927532,-0.0740965624684917,non_sig,0.047410235775738496
RAPGEF4,2q,0.017300523246186507,-0.252204249003391,non_sig,0.26950477224957753
RAPGEF3,12q,0.145477605744389,-0.0811383735705149,non_sig,0.2266159793149039
PAFAH2,1p,-0.0780863195753498,-0.0466482086187038,non_sig,-0.031438110956646
PLA2G7,6p,-0.344580286648177,-0.2312705724930545,non_sig,-0.11330971415512253
RHBDF2,17q,-0.0846332646295329,-0.0028174438454041497,non_sig,-0.08181582078412875
RHBDF1,16p,-0.139866044735728,0.15192515713293198,non_sig,-0.29179120186866
SEC23B,20p,-0.14694457773252,-0.0836588935096978,non_sig,-0.06328568422282221
SEC23A,14q,-0.0830911100886063,-0.123213963767439,non_sig,0.0401228536788327
CBY1,22q,-0.25114302603537597,0.103673936291281,non_sig,-0.35481696232665694
CPSF2,14q,-0.109017294289763,0.0388911968447349,non_sig,-0.14790849113449792
CPSF3,2p,-0.164294649933201,-0.05071680256545205,non_sig,-0.11357784736774895
SLC25A33,1p,-0.09391753958190775,-0.03242196745690895,non_sig,-0.0614955721249988
SLC25A28,10q,-0.0479581004981844,-0.0743372110961534,non_sig,0.026379110597969005
SLC25A10,17q,-0.123324060845577,0.0351497412785578,non_sig,-0.1584738021241348
SLC25A40,7q,-0.369038147531007,-0.05463613760626595,non_sig,-0.31440200992474104
SLC25A21,14q,-0.628141482744074,-0.0408573000586578,non_sig,-0.5872841826854162
SLC25A37,8p,0.186179084692898,-0.619208955101368,non_sig,0.805388039794266
SLC25A32,8q,-0.16529063241343,-0.06318348783749064,non_sig,-0.10210714457593936
SLC25A36,3q,0.22894477309140301,-0.0465216572568178,non_sig,0.2754664303482208
SLC25A26,3p,-0.1447745092790345,0.104363588321136,non_sig,-0.24913809760017053
RBFOX2,22q,-0.0179824363047121,0.125856396054635,non_sig,-0.1438388323593471
RBFOX1,16p,-0.722035752851233,-1.26356160331188,non_sig,0.5415258504606469
AARS2,6p,-0.2128371826111915,-0.0140400718917239,non_sig,-0.1987971107194676
CD22,19q,-0.687624902125214,-0.4300955247881525,non_sig,-0.2575293773370615
SIGLEC10,19q,-1.0777280354276866,0.10851650040663555,non_sig,-1.186244535834322
CEP72,5p,0.3126715284407065,-0.111932458143667,non_sig,0.4246039865843735
TMUB1,7q,-0.283209507411958,-0.02243868137081005,non_sig,-0.26077082604114793
TMUB2,17q,-0.186202689391744,0.0176222093877455,non_sig,-0.2038248987794895
GIMAP1,7q,-0.0797318411937618,-0.200790812453222,non_sig,0.1210589712594602
ABCF2,7q,-0.45509946073875,-0.14023960766933402,non_sig,-0.314859853069416
ABCF3,3q,-0.247760434286065,-0.0519639131611973,non_sig,-0.1957965211248677
ABCF1,6p,-0.19888322457559526,-0.018945496411193925,non_sig,-0.17993772816440134
MAP4K2,11q,-0.17875932042152348,-0.101164485669676,non_sig,-0.07759483475184749
MAP4K1,19q,-0.576126760318176,-0.559170462001257,non_sig,-0.016956298316919027
MAP4K4,2q,-0.1437219240440645,-0.0190193586065711,non_sig,-0.1247025654374934
MINK1,17p,-0.141488289823612,0.0498093326389848,non_sig,-0.1912976224625968
TNIK,3q,0.04188884761459201,-0.02312081301082245,non_sig,0.06500966062541447
HERPUD2,7p,-0.264851203915943,-0.09528088562808165,non_sig,-0.16957031828786137
HERPUD1,16q,-0.09595711592446579,-0.0276151831984653,non_sig,-0.06834193272600049
RSBN1L,7q,-0.261812163039363,-0.0844290999129185,non_sig,-0.1773830631264445
RSBN1,1p,-0.222719171452934,-0.04898431108501135,non_sig,-0.17373486036792263
UTRN,6q,0.0309598608123643,0.0588623326394336,non_sig,-0.0279024718270693
PHC3,3q,-0.236013798113012,0.00310207281360095,non_sig,-0.23911587092661296
PHC2,1p,-0.135717214664906,-0.055074708804799144,non_sig,-0.08064250586010685
PHC1,12p,-0.301469051497803,0.0189549326110061,non_sig,-0.3204239841088091
RBCK1,20p,-0.144055953997051,0.133716380983251,non_sig,-0.277772334980302
SHARPIN,8q,0.0267859978736656,-0.02624239352643355,non_sig,0.05302839140009915
ZXDC,3q,-0.08401164997596305,-0.07758625687415316,non_sig,-0.006425393101809895
ASCL1,12q,-0.941863532578202,-0.46862801600831805,non_sig,-0.47323551656988394
ASCL2,11p,-0.415573450436714,-0.714358120601761,non_sig,0.29878467016504695
EOMES,3p,-0.42125180417813746,-0.266663409527718,non_sig,-0.15458839465041946
UBE4B,1p,-0.253764210153928,-0.03412531235611215,non_sig,-0.21963889779781587
UBE4A,11q,-0.3355515487505185,-0.0167271196427523,non_sig,-0.3188244291077662
RPGRIP1L,16q,0.00804003904975285,-0.01333665059402485,non_sig,0.021376689643777702
ACP2,11p,-0.036406861883251,0.0029435643786570502,non_sig,-0.03935042626190805
GFRA1,10q,-0.43426767434729796,-0.464890522501042,non_sig,0.030622848153744053
GFRA2,8p,-0.4153738263804015,-0.421057271188959,non_sig,0.005683444808557536
GFRA3,5q,0.2135768014865705,-0.375533937020886,non_sig,0.5891107385074565
WDR5,9q,-0.101047734031966,-0.002615818553504,non_sig,-0.098431915478462
WDR5B,3q,-1.32338325528485,-0.0072901933814831,non_sig,-1.3160930619033668
NPNT,4q,-0.344099771220591,-0.12326180325283,non_sig,-0.220837967967761
MOB1B,4q,-0.24332111700188497,0.1121637451190085,non_sig,-0.3554848621208935
MOB4,2q,0.0087824457658695,-0.014451914567855,non_sig,0.023234360333724502
MOB2,11p,-0.314604345387039,0.057657534704466856,non_sig,-0.37226188009150585
MOB3A,19p,-0.4815503190179855,-0.028162356438957,non_sig,-0.4533879625790285
MOB3C,1p,-0.46925195364716854,0.1783654971018715,non_sig,-0.64761745074904
NCCRP1,19q,-0.36194659626560954,-0.254018258017963,non_sig,-0.10792833824764653
FBXO2,1p,-0.15936392448179848,-0.588646048706341,non_sig,0.4292821242245425
FBXO6,1p,-0.34243295560784703,-0.1418932997391465,non_sig,-0.20053965586870054
FBXO44,1p,-0.192496506351342,-0.102072444126155,non_sig,-0.090424062225187
FBXO17,19q,-0.30000747082254353,-0.09882298740757015,non_sig,-0.2011844834149734
PLA2G2D,1p,-0.5256454242414981,-0.067906239279633,non_sig,-0.45773918496186505
PLA2G2A,1p,-0.885562359688811,-0.7346106268654065,non_sig,-0.15095173282340457
GMFG,19q,-0.8177778574902075,-0.737059014599811,non_sig,-0.08071884289039644
GMFB,14q,-0.273019780511495,0.107243422437647,non_sig,-0.380263202949142
SNCG,10q,-0.897496744888048,-0.772506377529468,non_sig,-0.12499036735857993
SNCA,4q,-0.847511431678964,-0.75996125542237,non_sig,-0.087550176256594
SNCB,5q,-0.2046688426888465,-0.720931117040378,non_sig,0.5162622743515315
RGS3,9q,-0.159844428449046,-0.0489752040488729,non_sig,-0.1108692244001731
GPAM,10q,0.0884443175927133,-0.06267289801222775,non_sig,0.15111721560494107
DUX4,4q,-0.5802288003866239,-0.44640947144244,non_sig,-0.13381932894418397
IGLL1,22q,-0.940878106340771,-0.840620886604596,non_sig,-0.10025721973617496
IGHG4,14q,-0.858005397895996,-0.652006435423408,non_sig,-0.20599896247258798
IGHG3,14q,-0.541289743460452,-0.22357486185207298,non_sig,-0.317714881608379
IGHG1,14q,-1.46681212597748,-0.2462360452834675,non_sig,-1.2205760806940125
IGHM,14q,-0.561956806232606,-0.518360239982067,non_sig,-0.04359656625053898
IGLC2,22q,0.002912710534450299,-0.011118525027536401,non_sig,0.0140312355619867
IGLL5,22q,-0.34329070837805997,-0.255942060231428,non_sig,-0.08734864814663196
DNAJC5,20q,-0.6244250133476605,-0.211318944516719,non_sig,-0.41310606883094153
SLC35F2,11q,-0.387043789289707,-0.06156901453971,non_sig,-0.32547477474999703
POLDIP3,22q,-0.09392858069289589,0.0639448187523515,non_sig,-0.1578733994452474
ALYREF,17q,-0.0823071464607643,0.022501702350861602,non_sig,-0.1048088488116259
EFTUD2,17q,-0.148603461897073,-0.02478910378873435,non_sig,-0.12381435810833864
EEF2,19p,-0.26424182016757247,0.119248070685687,non_sig,-0.38348989085325946
TTC9,14q,-0.632333359317818,0.159136500606597,non_sig,-0.791469859924415
TTC9C,11q,-0.0488435254351476,-0.0351627332572531,non_sig,-0.013680792177894495
ZEB1,10p,-0.129361720335471,0.05372503652659105,non_sig,-0.18308675686206205
ZEB2,2q,-0.36484483740096996,-0.6024830051127641,non_sig,0.23763816771179413
ACSL6,5q,-0.240591567826194,-0.16497462939225,non_sig,-0.07561693843394401
ACSL5,10q,-0.33941602243567,-0.295125635268808,non_sig,-0.04429038716686201
ACSL3,2q,-0.0168765909769159,-0.10108320861528,non_sig,0.0842066176383641
ACSBG1,15q,0.542248288898655,-0.19303571994129098,non_sig,0.7352840088399459
ACSL1,4q,-0.135997676069521,-0.1373871623945055,non_sig,0.001389486324984479
MAP3K9,14q,-0.173378655543379,-0.09529492273216475,non_sig,-0.07808373281121425
MAP3K10,19q,0.10618779882605321,-0.41147301373086,non_sig,0.5176608125569132
MAP3K11,11q,0.0336799964268755,-0.0691837617466054,non_sig,0.1028637581734809
MGAM,7q,-0.34686580673607803,-0.5466732678326505,non_sig,0.19980746109657244
GAA,17q,-0.334584949316968,-0.0647986975632064,non_sig,-0.2697862517537616
SI,3q,-1.3014902541693,-0.21592075161515,non_sig,-1.08556950255415
GANAB,11q,-0.00434402557360265,-0.0148386144387217,non_sig,0.010494588865119048
PI4KA,22q,-0.04532565905168035,-0.05913147561628495,non_sig,0.013805816564604598
PI4KB,1q,-0.29972879087563553,-0.08828231202330425,non_sig,-0.21144647885233128
PLEKHG2,19q,-0.07623035477151635,-0.0841034588259159,non_sig,0.007873104054399546
PLEKHG1,6q,-0.041669700397404,-0.0022542636252757507,non_sig,-0.03941543677212825
ANGEL2,1q,-0.342702762716679,-0.0266429184747878,non_sig,-0.3160598442418912
SULF2,20q,-0.648985708608976,-0.249230896934354,non_sig,-0.399754811674622
SULF1,8q,-0.050935691486340695,-0.4001917753048795,non_sig,0.3492560838185388
GNS,12q,-0.161969617743051,-0.03269903765175975,non_sig,-0.12927058009129125
FBXO30,6q,-0.2872387576862795,0.12605513798499052,non_sig,-0.41329389567127
TBPL1,6q,-0.285330890338409,0.0023147821922942,non_sig,-0.2876456725307032
TBP,6q,-0.118547978205427,-0.0104050340640387,non_sig,-0.1081429441413883
PRDX3,10q,-0.274813983474684,0.16717499071050052,non_sig,-0.4419889741851845
PRDX6,1q,-0.145503513222578,-0.0908065443831433,non_sig,-0.054696968839434715
PRDX2,19p,-0.2440075117411845,0.299484105311746,non_sig,-0.5434916170529305
PRDX1,1p,-0.0903157355552156,0.113930092409314,non_sig,-0.2042458279645296
HPGDS,4q,-0.650964822487325,-0.689719064151487,non_sig,0.03875424166416197
GSTA4,6p,0.0826396237118892,-0.270107086642338,non_sig,0.3527467103542272
GSTP1,11q,-0.12260779164408885,0.115947618370498,non_sig,-0.23855541001458686
GSTA5,6p,-0.7814147067694406,-0.2874424771166275,non_sig,-0.49397222965281307
GSTM4,1p,-0.800004550573712,-0.300981433922291,non_sig,-0.499023116651421
GSTM3,1p,-0.523870333656473,-0.2039941427341955,non_sig,-0.3198761909222775
GSTM1,1p,-0.913336354991753,-0.623293334719562,non_sig,-0.290043020272191
GSTA2,6p,-0.779063209937668,-0.3863223157283735,non_sig,-0.3927408942092945
GSTM2,1p,-0.892147830584304,-0.766684973863198,non_sig,-0.12546285672110602
AGO4,1p,0.0031046077980635,-0.0258974455792059,non_sig,0.0290020533772694
AGO3,1p,-0.0066426861781483,-0.0040946055453321,non_sig,-0.0025480806328162
AGO1,1p,-0.0393728383480387,-0.007628705342876649,non_sig,-0.03174413300516205
AGO2,8q,-0.19233654977835,-0.048591078057078047,non_sig,-0.14374547172127194
KIF18B,17q,-0.0250071217334187,-0.00992214820270805,non_sig,-0.01508497353071065
KIF18A,11p,-0.0839976642470696,-0.03741032116645495,non_sig,-0.04658734308061465
ADAMTSL1,9p,-0.0963971092482053,-0.195230694173296,non_sig,0.0988335849250907
UNC93B1,11q,0.0005333876305393,-0.0378665121630318,non_sig,0.0383998997935711
ZBTB8A,1p,0.0482730932399178,0.011722748399791597,non_sig,0.0365503448401262
ZBTB10,8q,-0.358393891892186,-0.106763773743815,non_sig,-0.251630118148371
HIC2,22q,-0.157979192126512,-0.432679107154091,non_sig,0.274699915027579
GIMAP2,7q,0.8432765758242591,-1.41248130562396,non_sig,2.2557578814482193
TRAPPC6B,14q,-0.245216766309411,0.0046150959077508,non_sig,-0.2498318622171618
TRAPPC6A,19q,-0.1639888917541,-0.060276522219383,non_sig,-0.103712369534717
GRAP2,22q,-0.8520578269975385,-0.3775612023236245,non_sig,-0.474496624673914
DNAI1,9p,-0.125381038491119,0.0224265217770359,non_sig,-0.1478075602681549
LETM1,4p,-0.132810970347632,0.0541321160405778,non_sig,-0.1869430863882098
ZDHHC6,10q,-0.0345583286399749,0.0802102032062126,non_sig,-0.11476853184618749
TMEM176B,7q,-0.912899078170013,-0.218321501589445,non_sig,-0.6945775765805681
EBI3,19p,-0.382275985928722,-0.08865071995632945,non_sig,-0.2936252659723925
RPL22L1,3q,-1.00402538133455,-0.515132375708726,non_sig,-0.48889300562582405
RPL22,1p,-0.0368383650439008,0.01174235473844805,non_sig,-0.04858071978234885
CD38,4p,-0.588708091996208,-0.6158291201090951,non_sig,0.02712102811288708
BST1,4p,-0.5677852152908065,-0.594572626284575,non_sig,0.026787410993768468
RPP25L,9p,-0.12708925437441249,0.152779147609149,non_sig,-0.2798684019835615
RPP25,15q,0.170071767438068,0.06402278286525515,non_sig,0.10604898457281287
TMA7,3p,-0.42305044566882,0.258691457146755,non_sig,-0.681741902815575
EIF4EBP2,10q,-0.19203880494513098,0.047589858388726,non_sig,-0.239628663333857
EIF4EBP1,8p,-0.3895324281004715,0.16670925829757,non_sig,-0.5562416863980415
EBF3,10q,-0.401162776085159,-0.459994505642515,non_sig,0.058831729557355994
EBF4,20p,-0.482770938847938,-0.2638744363217435,non_sig,-0.21889650252619447
EBF1,5q,-1.24554544600216,-0.468375682615147,non_sig,-0.7771697633870129
TOMM34,20q,-0.5429417295895735,-0.08757460973671385,non_sig,-0.4553671198528597
SPAG1,8q,-0.0750249148613934,0.0024192912841232003,non_sig,-0.0774442061455166
STIP1,11q,-0.026206583608428598,0.0287411830739664,non_sig,-0.054947766682395
PROM1,4p,-0.4792121944312105,-0.4698580169911225,non_sig,-0.009354177440087985
PROM2,2q,-0.10181451631623915,-0.5812740828970655,non_sig,0.47945956658082634
GUCA2B,1p,-0.903146946651765,-0.18161503197283552,non_sig,-0.7215319146789294
GLRX3,10q,-0.249211334773482,0.098549256126388,non_sig,-0.34776059089987
GLRX5,14q,-0.119992054174849,0.148311879815952,non_sig,-0.268303933990801
EMP3,19q,0.307546602106927,-0.20209863005212952,non_sig,0.5096452321590565
ZNF385B,2q,-0.0301022140734213,-0.247887975410797,non_sig,0.2177857613373757
ZNF385A,12q,0.0354746649647605,-0.186132584225921,non_sig,0.22160724919068148
GTPBP1,22q,-0.365299504848227,0.10686580418630101,non_sig,-0.472165309034528
GTPBP2,6p,-0.166426568037212,-0.06896929437014915,non_sig,-0.09745727366706286
DUS4L,7q,-0.321939401624591,-0.19709673013861,non_sig,-0.124842671485981
DUS1L,17q,-0.301760794509137,0.0038267905503393,non_sig,-0.3055875850594763
DUS2,16q,-0.226787426423693,0.015531328498386749,non_sig,-0.24231875492207977
FCF1,14q,-0.0765239682585039,0.0158136817822088,non_sig,-0.0923376500407127
UTP23,8q,-0.0085328833702897,-0.10521472439111329,non_sig,0.09668184102082358
DDX28,16q,-0.218447754315392,-0.03020700111764135,non_sig,-0.18824075319775066
DDX52,17q,-0.286167156448599,-0.0157764882217977,non_sig,-0.2703906682268013
DDX59,1q,-0.196557632876718,-0.10791489591383499,non_sig,-0.08864273696288302
DDX43,6q,-0.356339536541061,-0.4336384245492395,non_sig,0.07729888800817852
STAC3,12q,-0.35821614510101196,-0.49542568408992305,non_sig,0.13720953898891108
STAC,3p,0.157583682609997,0.121623615802053,non_sig,0.035960066807944
CHCHD2,7p,-0.269106900862576,-0.0396376101252194,non_sig,-0.22946929073735658
FAM111B,11q,0.009843336884663,-0.0399097053729656,non_sig,0.049753042257628596
FAM111A,11q,-0.0643251797923529,0.018405246598527603,non_sig,-0.0827304263908805
TIMM50,19q,-0.156456540919418,-0.08854672976937365,non_sig,-0.06790981115004434
CTDSP1,2q,-0.113880163996848,0.02404629705337,non_sig,-0.137926461050218
CTDSPL,3p,0.0675122279801537,-0.08904601745037335,non_sig,0.15655824543052704
DTX2,7q,-0.200484306492502,-0.1337164283138615,non_sig,-0.06676787817864052
DTX3,12q,-0.109517251190837,0.0018177626155038,non_sig,-0.1113350138063408
DCBLD1,6q,-0.0683532105433371,0.04113940443189565,non_sig,-0.10949261497523274
PADI1,1p,-0.49032471897513796,-0.656732429590728,non_sig,0.16640771061559
PADI3,1p,-0.525238423824053,-0.5067656025692255,non_sig,-0.01847282125482741
PADI2,1p,-0.346794691869008,-0.451902508961829,non_sig,0.10510781709282097
VWA5A,11q,-0.430707923846736,-0.372660380292718,non_sig,-0.05804754355401803
VWA5B2,3q,0.10993986957884584,-0.209907151303741,non_sig,0.3198470208825868
LGALS2,22q,-0.5441909748529514,-0.566575086252196,non_sig,0.022384111399244566
CHPT1,12q,-0.1234884039132435,0.104535964796415,non_sig,-0.2280243687096585
CEPT1,1p,-0.06284589141745706,-0.030996628022003397,non_sig,-0.03184926339545366
MEST,7q,-0.297177882654378,-0.08272169352757665,non_sig,-0.21445618912680137
EPHX4,1p,-0.222276771155578,-0.1657704128119245,non_sig,-0.0565063583436535
DLL3,19q,-0.139590286236514,-0.4115210854929535,non_sig,0.2719307992564395
RHBDL2,1p,0.488080825798279,-0.06197886494649435,non_sig,0.5500596907447733
EID2,19q,0.08141070032931799,-0.0007026084294152,non_sig,0.0821133087587332
EID1,15q,0.273185607288333,-0.287425818177106,non_sig,0.5606114254654391
MDH1,2p,-0.301689503566785,-0.0279181738716629,non_sig,-0.2737713296951221
ZMYM1,1p,-0.162968018327611,0.00683920044606435,non_sig,-0.16980721877367533
FBXO46,19q,-0.210163933092427,0.0290431065917682,non_sig,-0.2392070396841952
RGL3,19p,0.0295694025610946,-0.182767543505231,non_sig,0.2123369460663256
RGL2,6p,-0.14216114706334199,-0.110731975937883,non_sig,-0.03142917112545898
RGL1,1q,-0.5536944702432516,-0.059629671701960055,non_sig,-0.49406479854129154
HCAR2,12q,0.9587433750669525,-0.664329450096878,non_sig,1.6230728251638307
TREX1,3p,0.0794178804622635,0.146900966380354,non_sig,-0.06748308591809049
FGFR1OP2,12p,-0.100987313215017,-0.0375211841517716,non_sig,-0.06346612906324539
SIKE1,1p,0.0228890751682146,0.0027448296619540253,non_sig,0.020144245506260573
LRFN1,19q,-0.222629939290603,-0.0457525977994222,non_sig,-0.1768773414911808
LRFN3,19q,-0.2871279937293,-0.0288112962526922,non_sig,-0.2583166974766078
LRFN2,6p,0.08524040666412075,-0.403734600139938,non_sig,0.48897500680405875
LRFN4,11q,0.1453246704603615,-0.014543303737165,non_sig,0.1598679741975265
DBNDD1,16q,0.1273904600804684,0.0019713557578644,non_sig,0.125419104322604
DENND1C,19p,-0.750083952435155,-0.270687877669411,non_sig,-0.47939607476574403
DENND1A,9q,-0.183236556736076,-0.0363857679231175,non_sig,-0.1468507888129585
RLF,1p,-0.14557319251586248,-0.0590564512374684,non_sig,-0.08651674127839408
ZNF292,6q,-0.2240702691887005,0.0144075408936441,non_sig,-0.2384778100823446
LRRN4,20p,-0.329418243152115,-0.3637583117682315,non_sig,0.03434006861611649
LRRN4CL,11q,0.218201060890874,-0.0675888452890039,non_sig,0.2857899061798779
ARSK,5q,-0.3187902631046,0.025903246472419,non_sig,-0.344693509577019
TAF9,5q,-0.0033690385665622,0.02796136229613555,non_sig,-0.03133040086269775
SIRT1,10q,-0.181102428485731,0.060192708379466,non_sig,-0.241295136865197
SIRT3,11p,-0.17760635648398548,0.060108071706534955,non_sig,-0.23771442819052044
SIRT2,19q,-0.182797284442069,-0.04678982187578535,non_sig,-0.13600746256628365
PAQR3,4q,-0.071215308320588,0.15845404011826,non_sig,-0.229669348438848
UBE2Q1,1q,-0.324435051340553,-0.0520597819881502,non_sig,-0.2723752693524028
RNF144B,6p,-0.124908798073095,-0.858314707077402,non_sig,0.733405909004307
CACNA2D2,3p,-0.1206991405444475,-0.2405479446588995,non_sig,0.119848804114452
CACNA2D1,7q,-0.2157542857529694,-0.6528894314638265,non_sig,0.4371351457108571
TRIP10,19p,-0.10329621736598499,-0.012153624689988513,non_sig,-0.09114259267599648
FNBP1L,1p,-0.0260116683979124,0.0213493367519558,non_sig,-0.0473610051498682
FNBP1,9q,-0.0602094680710967,-0.0554937786634819,non_sig,-0.004715689407614798
FERMT1,20p,-0.321260731170385,-0.265715997566418,non_sig,-0.055544733603967
FERMT3,11q,-0.6806734587518666,-0.7447006064769099,non_sig,0.06402714772504337
FERMT2,14q,-0.0163567419975499,-0.203874278083832,non_sig,0.18751753608628208
POLR2B,4q,-0.045463762920699494,-0.07210490446568235,non_sig,0.026641141544982858
POLR3B,12q,-0.1077604770018395,-0.04385573768109915,non_sig,-0.06390473932074034
POLR1B,2q,-0.126406956678437,-0.0205424098721065,non_sig,-0.10586454680633049
DDO,6q,-0.2141514321457325,-0.408741052425138,non_sig,0.19458962027940546
ESCO1,18q,-0.0220083892567753,-0.0309694298980292,non_sig,0.0089610406412539
ESCO2,8p,-0.117069950036474,0.04533889096803355,non_sig,-0.16240884100450753
ABO,9q,-0.262153711532094,-0.137601418543706,non_sig,-0.12455229298838799
TCN2,22q,-0.15944502099917102,0.220066537200375,non_sig,-0.379511558199546
TCN1,11q,-0.523620225465157,-0.272774785559313,non_sig,-0.25084543990584396
CPSF4,7q,-0.112225597106966,0.0682939955277907,non_sig,-0.1805195926347567
ACAP1,17p,-0.3269217423899035,-0.340048750274825,non_sig,0.013127007884921493
ACAP3,1p,0.13449512554104,0.0210717550654507,non_sig,0.11342337047558931
ACAP2,3q,-0.487954243521973,-0.062238637209671,non_sig,-0.425715606312302
GNL2,1p,-0.0206140630646417,-0.01667277420615185,non_sig,-0.00394128885848985
GNL3,3p,-0.0672763898250958,-0.01929297981292805,non_sig,-0.04798341001216776
ZBTB4,17p,-0.313871408725147,0.193894817120775,non_sig,-0.507766225845922
ZBTB38,3q,0.188928538818391,-0.10205609729762935,non_sig,0.2909846361160203
PLA2G15,16q,-0.12912287361809,-0.031998695945125846,non_sig,-0.09712417767296415
IRF2BP1,19q,-0.22625239854400553,0.012097951622903001,non_sig,-0.23835035016690853
IRF2BPL,14q,-0.209164059978694,0.0519184144257429,non_sig,-0.2610824744044369
IRF2BP2,1q,-0.22645485541872115,0.008367472122170996,non_sig,-0.23482232754089216
RPL7A,9q,-0.0729341174268976,0.0734620589263772,non_sig,-0.1463961763532748
NHP2,5q,0.0533804298258023,0.03849422322483605,non_sig,0.014886206600966255
FHIT,3p,-0.33007443808541204,0.2501453761976265,non_sig,-0.5802198142830386
RIMS3,1p,-0.181180626622785,-0.30240227580357,non_sig,0.12122164918078498
RIMS2,8q,-0.187059891061486,-0.134102036734651,non_sig,-0.052957854326835
RIMS1,6q,0.245400158292882,-0.462799286684973,non_sig,0.708199444977855
MYT1,20q,-1.0603959990684393,-0.307357992749807,non_sig,-0.7530380063186323
MYT1L,2p,-0.0886349375846001,-0.219425353104983,non_sig,0.1307904155203829
ST18,8q,-0.656716610737475,-0.45515661475851,non_sig,-0.201559995978965
DMWD,19q,-0.0742911226166479,0.0298202546214631,non_sig,-0.10411137723811101
WDR20,14q,-0.159574645569354,0.0830954696049604,non_sig,-0.24267011517431442
SH3TC1,4p,-0.237147395021466,0.07341068968690526,non_sig,-0.31055808470837126
PCMTD2,20q,-0.16344400141238905,-0.016830344749202,non_sig,-0.14661365666318704
PCMTD1,8q,-0.432827742299547,-0.06062278298267055,non_sig,-0.37220495931687647
PCMT1,6q,-0.3443498074512945,0.1210913487869235,non_sig,-0.465441156238218
DCP1B,12p,-0.18885926536425252,0.082021767245513,non_sig,-0.2708810326097655
DCP1A,3p,-0.224416373629475,0.22320721484659,non_sig,-0.447623588476065
CYP3A7,7q,0.7156959309237041,0.441248574451446,non_sig,0.2744473564722581
CYP3A4,7q,-0.81251823736897,-0.5061924754807555,non_sig,-0.3063257618882145
CYP3A5,7q,-0.90200433751371,-0.291449955520421,non_sig,-0.610554381993289
TRAPPC2L,16q,-0.0730187911520482,0.053862542378642894,non_sig,-0.1268813335306911
FXYD6,11q,-0.7036669625208695,-1.11018567701074,non_sig,0.4065187144898704
ABHD16A,6p,-0.1077217539971989,-0.015988599495362202,non_sig,-0.0917331545018367
TPD52L2,20q,0.022471943270058505,-0.10266490671633649,non_sig,0.125136849986395
TPD52,8q,-0.471698519472307,-0.198193082830865,non_sig,-0.273505436641442
TPD52L1,6q,-0.23616254697862799,-0.169348412978587,non_sig,-0.06681413400004099
ZFP62,5q,0.149127811914086,-0.07195238253119245,non_sig,0.22108019444527843
ZNF721,4p,-0.13913480206768494,0.0781003703278157,non_sig,-0.21723517239550064
ZNF808,19q,-0.23250383941805852,0.0605494473191292,non_sig,-0.2930532867371877
FSCN1,7p,-0.3313718397559795,0.127729896672862,non_sig,-0.4591017364288415
OSBPL11,3q,0.0413373231021177,-0.0675275737740141,non_sig,0.1088648968761318
RECQL5,17q,-0.214878062479267,-0.0928690768488102,non_sig,-0.1220089856304568
RECQL,12p,-0.288668398470385,-0.0249106376624083,non_sig,-0.2637577608079767
REXO4,9q,-0.0186077242613499,-0.0259333096716982,non_sig,0.0073255854103482995
ISG20,15q,-0.485350449419015,-0.251805349169622,non_sig,-0.233545100249393
ISG20L2,1q,-0.168443153888487,-0.027822441406387,non_sig,-0.14062071248209998
DMBT1,10q,-0.357822070433298,-0.355525111335785,non_sig,-0.002296959097512985
LGALS3BP,17q,0.154236330725062,0.09100883417042516,non_sig,0.06322749655463683
HSDL1,16q,-0.23849518296298,-0.05833603866563365,non_sig,-0.18015914429734636
HSD17B12,11p,-0.1694150151297255,-0.0148952099092017,non_sig,-0.1545198052205238
DPP10,2q,0.0889204400383434,-0.0571079645408199,non_sig,0.1460284045791633
DPP6,7q,-0.913045926952419,-0.358970143668613,non_sig,-0.554075783283806
DPP4,2q,-0.5352653225232795,-0.600185770779298,non_sig,0.0649204482560185
FAP,2q,-0.5996457969412715,-0.36494186102675696,non_sig,-0.23470393591451455
DPP9,19p,-0.124294027121445,0.0874033953778963,non_sig,-0.21169742249934131
DPP8,15q,-0.088231305960244,-0.0055203846201293,non_sig,-0.08271092134011471
DNAJC21,5p,-0.610755661666729,-0.112527218675833,non_sig,-0.498228442990896
DNAJC13,3q,-0.17167125835694,-0.08617628157494961,non_sig,-0.08549497678199039
SOSTDC1,7p,-0.753328728832227,-0.6172420997327345,non_sig,-0.13608662909949254
ZNF512B,20q,-0.1976941234517125,-0.0595237080242607,non_sig,-0.1381704154274518
ZNF512,2p,-0.30169101551352,-0.07143259547062339,non_sig,-0.23025842004289662
SLC38A3,3p,-0.12182576736298,-0.324067915214898,non_sig,0.20224214785191796
SLC38A1,12q,-0.1218851312937876,0.03289891547002735,non_sig,-0.15478404676381496
SLC38A7,16q,-0.267908616868285,0.0598617019688727,non_sig,-0.3277703188371577
SLC38A4,12q,-0.988392162847133,-0.652642725861024,non_sig,-0.33574943698610904
SLC38A2,12q,-0.1959493472951565,-0.1926567037996315,non_sig,-0.003292643495524994
SAMD12,8q,-0.338621099509164,0.0321830715703221,non_sig,-0.37080417107948616
SEL1L,14q,-0.0725094169455763,-0.0080283057853793,non_sig,-0.064481111160197
MGA,15q,0.07369852973187849,-0.044063823064974694,non_sig,0.11776235279685318
MACROD2,20p,-1.0486072245214406,-0.3696074367912685,non_sig,-0.6789997877301721
MACROD1,11q,-0.06425254035722561,-0.1438037068973685,non_sig,0.07955116654014288
SH3BP1,22q,-0.40186193156973604,0.12274159971289,non_sig,-0.524603531282626
ARHGAP17,16p,-0.261076573058623,-0.013152861387747978,non_sig,-0.24792371167087499
FLRT2,14q,-0.6310435966514281,-0.223507494537801,non_sig,-0.40753610211362706
LRRC15,3q,-0.435591422395268,-0.352328656686345,non_sig,-0.08326276570892299
SMARCD3,7q,-0.2771433117725225,-0.0116255112721958,non_sig,-0.2655178005003267
SMARCD2,17q,-0.0777317576659534,-0.06506184826899544,non_sig,-0.01266990939695796
SMARCD1,12q,-0.1448662730082905,-0.103667734395784,non_sig,-0.0411985386125065
FIG4,6q,-0.0259710058662173,-0.05646945167454385,non_sig,0.030498445808326547
SACM1L,3p,-0.141982210778126,0.0312989747328198,non_sig,-0.1732811855109458
MPC2,1q,-0.430094310465535,-0.0765630927796585,non_sig,-0.3535312176858765
MPC1,6q,-0.18145443476080952,-0.0269786129808871,non_sig,-0.15447582177992242
SIGLEC11,19q,0.1242985508980604,-0.458917132436595,non_sig,0.5832156833346553
CD33,19q,-0.896356019799611,-0.5469296120085705,non_sig,-0.3494264077910405
SIGLEC12,19q,-2.39636084221577,-0.5235309512834833,non_sig,-1.872829890932287
SIGLEC9,19q,-0.14384302732329315,0.018018468561472798,non_sig,-0.16186149588476595
SIGLEC6,19q,-0.445210297826587,-0.446222830424831,non_sig,0.0010125325982440203
GMPR,6p,-0.544560043800335,-0.30431728948557,non_sig,-0.24024275431476494
GMPR2,14q,-0.298925478357326,0.0406641007323808,non_sig,-0.33958957908970683
IMPDH2,3p,-0.362698771126873,0.1457574878072655,non_sig,-0.5084562589341385
IMPDH1,7q,-0.440328814436154,-0.1844660078487955,non_sig,-0.2558628065873585
RABEPK,9q,-0.301431509858792,0.0968354897766273,non_sig,-0.39826699963541934
KLHDC3,6p,-0.06605439026343354,-0.0643917768446616,non_sig,-0.001662613418771941
VRK3,19q,-0.351255805311883,-0.119796922110536,non_sig,-0.231458883201347
ANKHD1,5q,-0.15497477377385,0.038653206399785,non_sig,-0.193627980173635
ANKRD17,4q,-0.176160207111837,0.0973628778288824,non_sig,-0.2735230849407194
WBP2,17q,-0.363253156950751,-0.0051947408426259,non_sig,-0.3580584161081251
COX6A1,12q,-0.01426012597146435,0.0446887071714764,non_sig,-0.05894883314294075
TGFB1I1,16p,-0.18395998591543,-0.29897692289377853,non_sig,0.11501693697834853
PXN,12q,-0.12470529061866326,-0.008431287566998742,non_sig,-0.11627400305166452
LPXN,11q,-0.7518404926419685,-0.6948805848888555,non_sig,-0.05695990775311299
BNIP3,10q,0.007625128401295049,0.0780344433206331,non_sig,-0.07040931491933805
BNIP3L,8p,-0.1769532589244795,0.1397494432842635,non_sig,-0.31670270220874297
MYL1,2q,3.71497411480868,-0.6902018548757936,non_sig,4.405175969684474
MYL3,3p,-0.0188232599960161,0.061803444882615494,non_sig,-0.08062670487863159
MYL6,12q,0.06280599336071149,0.02951749723962325,non_sig,0.033288496121088244
MYL4,17q,-0.6209673271555516,-0.733002745559336,non_sig,0.11203541840378439
MYL6B,12q,0.0458162033020393,-0.0105620914695687,non_sig,0.056378294771608
NANP,20p,-0.42815145277452,-0.0688726930141593,non_sig,-0.3592787597603607
HDHD3,9q,-0.0787605276637442,0.0063080501789302,non_sig,-0.0850685778426744
TRIM47,17q,-0.119779703646697,-0.06740073634528915,non_sig,-0.052378967301407856
TRIM65,17q,-0.178229933160909,-0.08913035834405345,non_sig,-0.08909957481685554
CEP250,20q,-0.10002264821102315,-0.049058827917454154,non_sig,-0.050963820293568995
CROCC,1p,-0.126082602329452,-0.145145450363214,non_sig,0.019062848033761987
ZYG11B,1p,-0.180793383382555,-0.00992928573547245,non_sig,-0.17086409764708255
ZER1,9q,-0.111503535786876,-0.0885758540617883,non_sig,-0.02292768172508769
MRPL38,17q,-0.144054319092208,0.0304426671887831,non_sig,-0.1744969862809911
PEBP1,12q,-0.5592644256347274,0.035421153229762095,non_sig,-0.5946855788644896
KDELR3,22q,-0.0340968022571086,-0.0844357623542147,non_sig,0.050338960097106096
KDELR1,19q,-0.04752658399405335,0.0698978459634737,non_sig,-0.11742442995752705
HSD17B1,17q,-0.2154161347129943,-0.909556594692324,non_sig,0.6941404599793297
HSD17B8,6p,-0.178281633017484,0.1514009685651485,non_sig,-0.3296826015826325
ATOH1,4q,-0.352081561397582,-0.0961696727185825,non_sig,-0.2559118886789995
NOTCH1,9q,-0.124217602337461,0.053558170936979,non_sig,-0.17777577327444
NOTCH3,19p,0.2924474989051395,-0.377788473504476,non_sig,0.6702359724096154
SNED1,2q,0.0477718806356965,0.017045711445838798,non_sig,0.0307261691898577
NOTCH2,1p,0.0823585435208226,0.1033384404802605,non_sig,-0.020979896959437902
PPL,16p,-0.379185934363625,-0.4985666141955495,non_sig,0.11938067983192446
SGPP2,2q,-0.862742433631787,0.0320732375644435,non_sig,-0.8948156711962305
SGPP1,14q,-0.134878184391594,-0.0093165567949428,non_sig,-0.12556162759665118
TST,22q,-0.06965752186632496,-0.08512886194127825,non_sig,0.015471340074953294
MPST,22q,-0.284210442698341,0.10958578342882,non_sig,-0.39379622612716103
MBD6,12q,-0.279822529195845,0.0392687149323685,non_sig,-0.3190912441282135
ELFN2,22q,-0.364387933291812,-0.0209475269686161,non_sig,-0.3434404063231959
ELFN1,7p,-1.1772496562032795,-0.470462617363033,non_sig,-0.7067870388402464
LFNG,7p,-0.296949098012352,-0.260037782454996,non_sig,-0.036911315557355995
RFNG,17q,-1.2208372574504704,0.0323311028181376,non_sig,-1.2531683602686081
TANC1,2q,-0.111232490967843,-0.0019730535112144,non_sig,-0.1092594374566286
TANC2,17q,-0.061217225598521156,-0.021034836991674348,non_sig,-0.04018238860684681
FOXJ3,1p,-0.197629805744976,0.0008461284446598,non_sig,-0.1984759341896358
FOXJ2,12p,-0.276109830337778,0.107427196973872,non_sig,-0.38353702731164996
GFI1,1p,-0.1705402236861005,-0.2911460549803495,non_sig,0.12060583129424901
CARD10,22q,0.0191797479643014,-0.0452086509879761,non_sig,0.06438839895227749
CARD14,17q,-0.672142103419249,-0.2636645978902445,non_sig,-0.40847750552900447
CARD11,7p,-0.6887442544225044,-0.410166635152946,non_sig,-0.27857761926955843
CARD9,9q,0.0077733415758745,-0.640238512409537,non_sig,0.6480118539854115
HARS2,5q,-0.262612975930241,0.014473213746174898,non_sig,-0.2770861896764159
ZMIZ1,10q,-0.0222523302314918,-0.04940286590080735,non_sig,0.02715053566931555
ZMIZ2,7p,0.146519877765624,-0.136477670912269,non_sig,0.282997548677893
MR1,1q,0.0885698026905376,-0.05943955409589655,non_sig,0.14800935678643415
CD1B,1q,0.211335142444741,-0.728666994401803,non_sig,0.9400021368465441
AZGP1,7q,-0.458329278698978,-0.36276445592915596,non_sig,-0.09556482276982203
MICA,6p,-0.178507438548716,-0.0577404191277131,non_sig,-0.1207670194210029
FCGRT,19q,-0.354171078006041,-0.276543601448238,non_sig,-0.077627476557803
MICB,6p,-0.429028418640836,-0.08579915010135544,non_sig,-0.34322926853948055
HFE,6p,-0.1111699075950299,0.0212037137242937,non_sig,-0.1323736213193236
MNT,17p,-0.0801043928885292,0.0575849057860444,non_sig,-0.1376892986745736
DTX3L,3q,-0.499860633767667,-0.11448002936413951,non_sig,-0.3853806044035275
PSAP,10q,0.0229915734527508,0.18152781048532451,non_sig,-0.15853623703257372
PSAPL1,4p,0.218666213773785,-0.020585830882701352,non_sig,0.23925204465648636
KALRN,3q,-0.181769226631733,-0.1753380339283345,non_sig,-0.006431192703398508
TRIO,5p,-0.39996451617290796,-0.188901864692072,non_sig,-0.21106265148083594
TMEM14C,6p,-0.28367454036612905,-0.074599714691466,non_sig,-0.20907482567466307
CDC42EP1,22q,0.10269886502714196,0.10434711353421545,non_sig,-0.0016482485070734992
CDC42EP4,17q,0.202826476342981,0.0818466290404173,non_sig,0.12097984730256371
CDC42EP5,19q,-0.409685604090668,-0.21637877006914952,non_sig,-0.1933068340215185
CDC42EP2,11q,-0.11886052668939051,0.06477881762099445,non_sig,-0.18363934431038498
CDC42EP3,2p,0.183633265044134,-0.0227648344331084,non_sig,0.20639809947724239
ACP6,1q,-0.120661860439677,0.125300604142457,non_sig,-0.245962464582134
TSPAN31,12q,-0.026698582609709504,0.0162482888578108,non_sig,-0.042946871467520305
CD82,11p,-0.26665760765932,-0.352331315464511,non_sig,0.08567370780519101
TSPAN13,7p,-0.2937068940102615,0.0413432128549098,non_sig,-0.33505010686517134
ALDOA,16p,-0.20660283761617,0.0268313499661503,non_sig,-0.2334341875823203
ALDOC,17q,-0.527567671164725,-0.1200330160638875,non_sig,-0.40753465510083753
ALDOB,9q,-0.367097430602753,-0.0307208970984916,non_sig,-0.33637653350426144
VWF,12p,-0.537745232457467,-0.241537560607871,non_sig,-0.29620767184959595
CDKN2C,1p,-0.652306880674315,-0.190398856836691,non_sig,-0.46190802383762397
CDKN2D,19p,-0.256225588366296,-0.266549427971733,non_sig,0.01032383960543698
ANKRD39,2q,-0.03067281506126765,0.08902935658054226,non_sig,-0.1197021716418099
GAS2L1,22q,-0.062564636536296,-0.0543762745354613,non_sig,-0.008188362000834698
GAS2,11p,-0.729434202253889,-0.485660788301729,non_sig,-0.24377341395216
TAB2,6q,-0.120205438527118,0.07471216336945175,non_sig,-0.19491760189656976
TEAD2,19q,0.0315600380121183,0.088819033091433,non_sig,-0.05725899507931471
TEAD3,6p,-0.0595773820500398,0.01169415757133415,non_sig,-0.07127153962137395
TEAD1,11p,-0.0222279430767845,0.12659253156250183,non_sig,-0.14882047463928633
TEAD4,12p,-0.314731177234602,0.09684141664219136,non_sig,-0.41157259387679335
ARHGAP21,10p,-0.1273054267162225,0.0479587934542567,non_sig,-0.1752642201704792
ARHGAP23,17q,0.1120237074378347,-0.1018257561903161,non_sig,0.2138494636281508
ZNF707,8q,-0.590367382453987,-0.265333151661211,non_sig,-0.325034230792776
MED12L,3q,-0.0394155960581378,-0.0941457521186375,non_sig,0.054730156060499704
SLC35D1,1p,-0.213252797295299,-0.02536066572756635,non_sig,-0.18789213156773266
SLC35D3,6q,0.0849857969155915,-0.691109768744995,non_sig,0.7760955656605865
SLC33A1,3q,-0.0716138149672569,-0.05583776482431745,non_sig,-0.015776050142939445
MFSD3,8q,-0.342299759202455,-0.285046421076202,non_sig,-0.057253338126252995
VEZF1,17q,-0.100183378068848,-0.0427906878495906,non_sig,-0.0573926902192574
PATZ1,22q,-0.1148757612838775,0.05377938117355365,non_sig,-0.16865514245743116
MAZ,16p,-0.259113325483048,-0.04474839503602035,non_sig,-0.21436493044702765
EIF5B,2q,-0.163350067925051,-0.0952727966532856,non_sig,-0.0680772712717654
ANKRD52,12q,-0.178920838573819,-0.0987301383827108,non_sig,-0.08019070019110819
DYNLL2,17q,-0.1376148495451271,0.0284360460529198,non_sig,-0.1660508955980469
DYNLL1,12q,0.09943275460025594,0.0013566106296056,non_sig,0.09807614397065034
FXR1,3q,-0.11267802260228835,-0.06107121097610026,non_sig,-0.05160681162618809
FXR2,17p,-0.2104767879985515,0.1416153055532755,non_sig,-0.352092093551827
JMJD1C,10q,-0.180077704232732,0.0546009287849815,non_sig,-0.23467863301771352
KDM3B,5q,-0.0834323968047554,-0.0023801555859392,non_sig,-0.0810522412188162
KDM3A,2p,-0.124837113051747,-0.0748343694464052,non_sig,-0.05000274360534179
NME2,17q,-0.246405646973665,-0.0571704803760724,non_sig,-0.1892351665975926
NME1,17q,-0.468257528861038,-0.119115327910143,non_sig,-0.349142200950895
NME4,16p,-0.193155178397337,-0.346607920956801,non_sig,0.15345274255946398
NME6,3p,0.03076213534602515,0.0372378442466142,non_sig,-0.006475708900589051
NME7,1q,-0.159767817100169,-0.152356232320891,non_sig,-0.007411584779278002
NME3,16p,-0.19658316775753498,0.30151534467771246,non_sig,-0.49809851243524744
CLSTN2,3q,-0.4891095652078365,-0.7272166810609966,non_sig,0.23810711585316008
CLSTN3,12p,0.0689597359654844,-0.0920681089827247,non_sig,0.1610278449482091
CLSTN1,1p,-0.200891581755768,-0.0491876300346405,non_sig,-0.1517039517211275
LRP8,1p,-0.10571525341804,0.05349363146005595,non_sig,-0.15920888487809595
NINL,20p,0.2485328138374695,-0.0329341696125013,non_sig,0.2814669834499708
NIN,14q,-0.1732762085414845,0.0406753616897289,non_sig,-0.21395157023121342
PSMD14,2q,-0.0003012475226687,-0.004453430921861,non_sig,0.0041521833991923
COPS5,8q,-0.123193029109588,-0.0020777162761864,non_sig,-0.1211153128334016
LCP2,5q,-0.439753952789713,-0.515091668384857,non_sig,0.07533771559514396
BLNK,10q,-0.6966771350260645,-0.527012986958808,non_sig,-0.1696641480672565
PARN,16p,-0.0807643863024663,-0.052970663324773,non_sig,-0.027793722977693294
PIN1,19p,-0.32999827298048,0.122260067345919,non_sig,-0.452258340326399
TSKU,11q,0.127304394124084,0.0401328576355252,non_sig,0.0871715364885588
HAGH,16p,-0.169073917390483,0.05737908385426285,non_sig,-0.22645300124474585
ETHE1,19q,-0.20936614834408102,-0.0331224245425097,non_sig,-0.17624372380157133
HAGHL,16p,-0.205234558621846,-0.0152462926339727,non_sig,-0.1899882659878733
PNKD,2q,-0.13880332393104855,0.01623494145177451,non_sig,-0.15503826538282306
ZNF652,17q,-0.058890189253753555,-0.154130009201671,non_sig,0.09523981994791744
ZBTB47,3p,-0.326193435219061,-0.283637877348116,non_sig,-0.042555557870945004
XRCC1,19q,-0.08321293360458501,-0.024546132499408548,non_sig,-0.05866680110517646
RPL7L1,6p,-0.08041275834898509,-0.08413237927423005,non_sig,0.003719620925244957
RPL7,8q,-0.203548099603581,0.0315999751309519,non_sig,-0.2351480747345329
MYPN,10q,-0.451374002020908,-0.339128762028289,non_sig,-0.11224523999261898
PALLD,4q,-0.04020982697233885,-0.131621131160992,non_sig,0.09141130418865315
MYRF,11q,0.16965694985353,-0.356541679989789,non_sig,0.526198629843319
EHF,11p,-0.05416618843024215,-0.28052365867623,non_sig,0.22635747024598787
ELF3,1q,-0.514483960407851,-0.0518739588501234,non_sig,-0.46261000155772763
JMJD6,17q,-0.366286257409953,-0.0409167305526881,non_sig,-0.32536952685726495
JMJD4,1q,-0.27810527822093045,-0.08381666602496085,non_sig,-0.1942886121959696
PITPNB,22q,-0.2569976435785205,0.09775329223508306,non_sig,-0.35475093581360356
PITPNM1,11q,0.0041738096519641,0.0123400547154293,non_sig,-0.008166245063465201
PITPNM2,12q,0.0093883030907376,-0.0862111515292235,non_sig,0.0955994546199611
PITPNA,17p,-0.302476087310466,0.142216439007926,non_sig,-0.44469252631839196
PITPNC1,17q,-0.62139024190783,-0.0557241639049623,non_sig,-0.5656660780028677
PHOSPHO1,17q,-0.0100933725740117,-0.859688025215984,non_sig,0.8495946526419723
HAO1,20p,-1.2554969993735199,0.60133462148313,non_sig,-1.8568316208566498
TMED8,14q,-0.370619937289426,0.0475229413390343,non_sig,-0.4181428786284603
ACBD3,1q,0.0172097102986358,0.0038109776854524,non_sig,0.0133987326131834
PURA,5q,-0.12483943920154,-0.0174635849436448,non_sig,-0.1073758542578952
PURB,7p,-0.46681020652504446,-0.155983673270495,non_sig,-0.31082653325454945
PURG,8p,0.115667177191921,0.0533778187140764,non_sig,0.0622893584778446
NUDT14,14q,-0.104314671332078,0.0276422395462588,non_sig,-0.1319569108783368
NUDT5,10p,-0.42828363723748897,0.187258620866619,non_sig,-0.615542258104108
SPTB,14q,0.0153837535281973,-0.0502357359980155,non_sig,0.0656194895262128
SPTBN2,11q,-0.1489786850469845,-0.12484776003880099,non_sig,-0.024130925008183507
SPTBN4,19q,0.07792602330600476,0.05733719274918215,non_sig,0.02058883055682261
SPTBN1,2p,-0.007144298804326987,-0.0127899238331417,non_sig,0.005645625028814712
REEP6,19p,-0.240347859517961,-0.0824132393467572,non_sig,-0.1579346201712038
RCN1,11p,-0.139064498715778,0.17266186883058,non_sig,-0.31172636754635796
RCN3,19q,-0.400954544600854,-0.3283049231929785,non_sig,-0.07264962140787551
CALU,7q,-0.1897650217723798,-0.17395856215350874,non_sig,-0.01580645961887106
RCN2,15q,-0.0373335750333315,0.220124170658747,non_sig,-0.2574577456920785
SDF4,1p,0.135726651569374,0.1512943254499995,non_sig,-0.015567673880625493
TLK1,2q,-0.179127027784979,-0.0513576798400154,non_sig,-0.12776934794496358
TLK2,17q,-0.371533621578062,-0.0137483466170502,non_sig,-0.3577852749610118
GBF1,10q,-0.260602793036368,0.039365595889820595,non_sig,-0.2999683889261886
POMT2,14q,0.140495780061691,-0.0402823941002182,non_sig,0.1807781741619092
LYSMD3,5q,-0.134426907512864,0.056213552278194204,non_sig,-0.1906404597910582
KLC4,6p,-0.1725028429266795,0.02638432266008525,non_sig,-0.19888716558676475
KLC1,14q,-0.152951206145691,0.12841304982687302,non_sig,-0.281364255972564
KLC3,19q,-0.28082000252366,-0.344842437368865,non_sig,0.06402243484520498
NPHP3,3q,-0.6508006836849749,0.0161358013336426,non_sig,-0.6669364850186175
KLC2,11q,0.031189831474375103,-0.00702618849752,non_sig,0.0382160199718951
SCRN1,7p,0.150315605330906,-0.32354863261149,non_sig,0.47386423794239596
SCRN2,17q,-0.248592437903906,-0.048720324153711206,non_sig,-0.1998721137501948
SCRN3,2q,-0.316857928154608,0.0027992348180785,non_sig,-0.3196571629726865
IGSF10,3q,-0.321270177057925,-0.115330871668203,non_sig,-0.205939305389722
HSD17B2,16q,-0.6419706981844715,-0.642752740999918,non_sig,0.0007820428154464709
TP53INP2,20q,0.29867931086651,-0.332954205161927,non_sig,0.631633516028437
NLRP10,11p,-0.25777962162921253,-0.136870117646138,non_sig,-0.12090950398307454
RCOR2,11q,-0.192257556792732,-0.200863453085814,non_sig,0.008605896293082005
RCOR1,14q,-0.222022238198174,-0.0213912802910078,non_sig,-0.20063095790716617
RCOR3,1q,-0.182585565872214,-0.061498255160737,non_sig,-0.12108731071147699
PLK1,16p,-0.187379986390726,-0.09628236786088096,non_sig,-0.09109761852984505
PLK2,5q,-0.544566487014308,-0.09160597899465715,non_sig,-0.4529605080196508
PLK4,4q,-0.168503718133662,0.02033402722628705,non_sig,-0.18883774535994904
MRPL2,6p,0.02165414136126735,0.0140248045769326,non_sig,0.00762933678433475
RPL8,8q,0.0077447022563559,0.0014560806482587,non_sig,0.0062886216080972005
GIPC2,1p,-0.447135546775074,-0.575009185092939,non_sig,0.12787363831786497
GIPC1,19p,-0.0784381564452716,0.0729115795298242,non_sig,-0.15134973597509582
GIPC3,19p,-0.486651017637655,-0.2437129875727655,non_sig,-0.2429380300648895
MKS1,17q,-0.21799958346009002,-0.07366134296495815,non_sig,-0.1443382404951319
B9D2,19q,-0.11974561725191796,-0.0622208484973957,non_sig,-0.057524768754522254
B9D1,17p,-0.0576294270591318,0.185866423833146,non_sig,-0.2434958508922778
VPS37B,12q,-0.04605276280192455,0.0133865812158773,non_sig,-0.05943934401780185
VPS37C,11q,0.0016735551484549,0.0527373956055824,non_sig,-0.0510638404571275
TUSC3,8p,0.0442106487341707,-0.053137820748478004,non_sig,0.0973484694826487
SLC25A24,1p,0.0668281503246344,0.06747520468311365,non_sig,-0.0006470543584792404
SLC25A25,9q,-0.1053184149865665,-0.0044354606096878,non_sig,-0.10088295437687869
DNAJC6,1p,-0.546163502366759,-0.288570730277496,non_sig,-0.257592772089263
GAK,4p,-0.19484473340584052,0.0859750469848927,non_sig,-0.2808197803907332
TNS4,17q,-0.05368970758062975,-0.508222313166688,non_sig,0.45453260558605824
STRN3,14q,-0.323867165909588,0.0630152830231836,non_sig,-0.38688244893277157
STRN4,19q,-0.1362379172179315,0.0599875723004554,non_sig,-0.1962254895183869
STRN,2p,-0.175861659492145,-0.0151181000520198,non_sig,-0.1607435594401252
LEPROT,1p,-0.0564290805044942,0.03093190342060625,non_sig,-0.08736098392510046
LEPROTL1,8p,-0.238038897070098,0.226879449857936,non_sig,-0.464918346928034
ENDOG,9q,-0.15801526997218,0.0765994156422416,non_sig,-0.2346146856144216
EXOG,3p,-0.256108856699144,0.186189003969653,non_sig,-0.442297860668797
CACHD1,1p,-0.35546337470600253,-0.01775487102801085,non_sig,-0.33770850367799166
UNC119,17q,-0.26667483942466197,0.0242085285775841,non_sig,-0.29088336800224607
UNC119B,12q,-0.23570551605492202,0.0740238390910918,non_sig,-0.3097293551460138
MCOLN1,19p,-0.162770211520684,0.0448159956141188,non_sig,-0.2075862071348028
MCOLN3,1p,-0.0293978300201396,-0.7584864909835991,non_sig,0.7290886609634595
METTL2A,17q,-0.243817294737191,-0.040890603099999895,non_sig,-0.2029266916371911
METTL8,2q,-0.363589382426189,0.01765157340784075,non_sig,-0.3812409558340297
METTL6,3p,-0.152131590649831,0.2460437420973975,non_sig,-0.3981753327472285
LRRC8A,9q,-0.0211885246891464,-0.0903670927179187,non_sig,0.06917856802877231
LRRC8D,1p,-0.224073680687452,-0.0718024018922709,non_sig,-0.1522712787951811
LRRC8E,19p,0.15418530653483897,-0.0908943609132234,non_sig,0.24507966744806237
LRRC8C,1p,-0.456262443199376,0.0426184374870074,non_sig,-0.49888088068638337
LRRC8B,1p,-0.0296331452915541,-0.0398490063699808,non_sig,0.010215861078426702
ATP6V0C,16p,-0.284393901875263,0.01047871461304555,non_sig,-0.29487261648830854
EWSR1,22q,-0.11574763271855026,0.01716561875168049,non_sig,-0.13291325147023075
FUS,16p,0.0375485399336692,0.0454050705345678,non_sig,-0.007856530600898595
TAF15,17q,-0.0689868587952092,0.08070736195665751,non_sig,-0.14969422075186672
UPK3B,7q,0.206622689291082,-0.204752003468762,non_sig,0.41137469275984395
COX6B1,19q,-0.13072120940433202,-0.03538272410314845,non_sig,-0.09533848530118356
SP100,2q,-0.025378970342307017,0.03782866261583995,non_sig,-0.06320763295814696
SP110,2q,0.105231104269773,-0.090311912386906,non_sig,0.195543016656679
SP140,2q,0.159646862757587,-0.09495636085635255,non_sig,0.25460322361393956
SP140L,2q,0.105015857643924,-0.0356570286031788,non_sig,0.1406728862471028
GJA5,1q,0.5153419521337845,-1.30933409369083,non_sig,1.8246760458246145
GJA1,6q,-0.477600594926557,-0.704058100931109,non_sig,0.226457506004552
CUL9,6p,-0.14424596303745252,-0.065351450727624,non_sig,-0.07889451230982852
CUL7,6p,-0.21710045259244298,-0.11227583455322,non_sig,-0.10482461803922298
DPF3,14q,-0.12226748173350929,-0.23941676195996597,non_sig,0.11714928022645668
DPF1,19q,0.0188630654433992,-0.0400002496162384,non_sig,0.0588633150596376
DPF2,11q,0.0008902737254489501,0.0520552104740745,non_sig,-0.05116493674862555
MGAT1,5q,-0.1542240663042,-0.0320012271803376,non_sig,-0.12222283912386239
POMGNT1,1p,-0.143771715049641,0.0303495411036234,non_sig,-0.1741212561532644
RNF121,11q,-0.0470567688966894,0.0534633201959392,non_sig,-0.1005200890926286
PABPN1,14q,-0.1292413688125075,0.0768298799994164,non_sig,-0.2060712488119239
CLINT1,5q,0.07745936648587451,0.0840237991830646,non_sig,-0.006564432697190092
ISOC2,19q,-0.137196801838597,-0.0037893717309594,non_sig,-0.13340743010763761
ISOC1,5q,-0.450764234519504,-0.01875015267646405,non_sig,-0.4320140818430399
NHSL1,6q,-0.16822568484979974,0.09951860486114819,non_sig,-0.26774428971094794
RNF168,3q,-0.327374192302462,-0.0628540533521568,non_sig,-0.26452013895030524
RNF169,11q,-0.1276444833641,-0.01758358264100705,non_sig,-0.11006090072309295
KDM4A,1p,-0.26089226920693953,-0.048918073706426,non_sig,-0.21197419550051352
KDM4B,19p,-0.321865867795619,-0.0796040636117876,non_sig,-0.2422618041838314
KDM4C,9p,-0.35519790701171,0.06279546704055344,non_sig,-0.41799337405226344
KDM4D,11q,-0.09496953669097265,-0.0133185515706012,non_sig,-0.08165098512037144
METRNL,17q,-0.1167909209195854,0.100270597896151,non_sig,-0.2170615188157364
NARF,17q,-0.494435644794559,-0.118063414305742,non_sig,-0.37637223048881696
MROH1,8q,-0.40670255097257046,-0.07701880009359904,non_sig,-0.3296837508789714
MROH6,8q,-1.42447224269575,-0.0620883823513297,non_sig,-1.3623838603444203
ZNF524,19q,-0.1765390013352325,0.0636057505241786,non_sig,-0.24014475185941112
ZNF580,19q,-0.29234357210474804,0.010217777511313,non_sig,-0.302561349616061
ZNF581,19q,-0.211244804376012,-0.016621083499922,non_sig,-0.19462372087609
TPRG1L,1p,0.068567713309345,-0.07650023361617544,non_sig,0.14506794692552044
ADH1C,4q,-0.586654648492152,-0.370845778721854,non_sig,-0.215808869770298
ADH5,4q,-0.24628013650811598,0.16395698873918702,non_sig,-0.410237125247303
QRSL1,6q,-0.13848590360650448,0.030719153135736747,non_sig,-0.16920505674224123
C1RL,12p,-0.117612177501084,0.137766122291391,non_sig,-0.255378299792475
HP,16q,-0.246257545391455,-0.0283328393289937,non_sig,-0.2179247060624613
SMO,7q,-0.384234761130228,-0.196609177788555,non_sig,-0.18762558334167298
FZD8,10p,-0.211293008228987,-0.297033291281921,non_sig,0.08574028305293402
FZD4,11q,-0.417820286753599,0.1746293833100025,non_sig,-0.5924496700636015
FZD6,8q,-0.281639726449123,-0.016815152293025,non_sig,-0.264824574156098
SFRP1,8p,-0.133040912472116,-0.39237760444743097,non_sig,0.25933669197531495
SWAP70,11p,-0.3796125314104905,-0.0379392240317341,non_sig,-0.3416733073787564
DEF6,6p,-0.0495304980157321,-0.178762659662946,non_sig,0.1292321616472139
ATP13A3,3q,-0.03547660505078675,-0.14494047294794926,non_sig,0.1094638678971625
ATP13A2,1p,-0.0697397996086758,0.00167910998796085,non_sig,-0.07141890959663665
ATP13A1,19p,-0.1985896447739985,0.108222016335054,non_sig,-0.3068116611090525
ZRANB3,2q,0.267865529535732,-0.131551149580102,non_sig,0.399416679115834
SMARCAL1,2q,-0.148557981030854,-0.0176518017194395,non_sig,-0.1309061793114145
TFB1M,6q,-0.15117882953057,-0.004767424823498951,non_sig,-0.14641140470707104
DIMT1,5q,-0.432480034918503,0.05165186440802855,non_sig,-0.48413189932653156
MSLN,16p,-0.76664834853453,-0.771065374496984,non_sig,0.004417025962453969
DUOX1,15q,-0.596982818290415,-0.30379055234575403,non_sig,-0.29319226594466097
PROX1,1q,-0.576245793761505,-0.393016045194181,non_sig,-0.183229748567324
USP6NL,10p,-0.22503354969002198,0.0518586139010561,non_sig,-0.2768921635910781
NFE2L3,7p,-0.6658394135338626,0.0531484379742447,non_sig,-0.7189878515081073
NFE2L1,17q,-0.0608173328704213,0.0983496302065817,non_sig,-0.159166963077003
NFE2L2,2q,0.27066191852544,-0.0066979335237438,non_sig,0.27735985204918384
NFE2,12q,-0.41050353261060046,-0.597261662410496,non_sig,0.1867581297998956
CBX5,12q,-0.17928925742141,-0.0404383571245684,non_sig,-0.1388509002968416
PEX5,12p,-0.224763399218474,-0.0312197971511743,non_sig,-0.1935436020672997
PEX5L,3q,-0.472341189786593,-0.566441102997519,non_sig,0.09409991321092603
CRIP2,14q,0.0245784924817206,-0.339161628051258,non_sig,0.3637401205329786
LMO2,11p,-0.318233783406775,-0.646674710714709,non_sig,0.32844092730793395
CRY1,12q,-0.124148894315867,-0.0681178518642475,non_sig,-0.056031042451619495
TRIM9,14q,-0.278829329067427,-0.33540115814465,non_sig,0.05657182907722297
TRIM67,1q,0.0195128537559688,-0.515630272316792,non_sig,0.5351431260727608
TRIM46,1q,0.129215837172223,-0.247275779109542,non_sig,0.376491616281765
TRIM36,5q,-0.131983563907929,0.0178633751179203,non_sig,-0.1498469390258493
SPATS2L,2q,0.0011206784085259908,-0.04865316827615005,non_sig,0.04977384668467604
SPATS2,12q,-0.16281952580629,0.035543824379479005,non_sig,-0.198363350185769
VARS2,6p,-0.2017404931108745,-0.09200150967956455,non_sig,-0.10973898343130994
IARS2,1q,-0.282478972038386,-0.0556978354294468,non_sig,-0.22678113660893923
CARHSP1,16p,-0.18002667331485,-0.0339696876626969,non_sig,-0.1460569856521531
GPSM3,6p,-0.896680459077493,-0.8814546723637285,non_sig,-0.015225786713764511
FAM120A,9q,-0.05406487841285,0.0672911950626328,non_sig,-0.1213560734754828
LIMK1,7q,-0.373142368064433,-0.130290048902396,non_sig,-0.242852319162037
TESK2,1p,0.0694040014281146,0.091173786115436,non_sig,-0.021769784687321395
LIMK2,22q,-0.021698840461562403,-0.027960622994153,non_sig,0.006261782532590597
TESK1,9p,-0.1851139319098175,0.2974116174679875,non_sig,-0.482525549377805
CXCR4,2q,-0.44351278826389096,-0.432238829000885,non_sig,-0.01127395926300595
APC2,19p,-0.0357990636698471,-0.07904271411500474,non_sig,0.04324365044515764
APC,5q,-0.14539748221861598,0.0562747674001398,non_sig,-0.2016722496187558
PLCE1,10q,0.168291381252501,0.0081004781962938,non_sig,0.1601909030562072
ZCRB1,12q,-0.0812715849640165,-0.0190259643410848,non_sig,-0.0622456206229317
FAM222B,17q,-0.13056187383300444,-0.05484326364439325,non_sig,-0.07571861018861119
CLTCL1,22q,-0.0758566583071365,-0.0040402487945827,non_sig,-0.0718164095125538
CLTC,17q,-0.21236035303397,0.0617379152897911,non_sig,-0.2740982683237611
FAM76B,11q,-0.270059029432901,-0.02017512414264525,non_sig,-0.24988390529025575
FAM76A,1p,-0.0847258794544947,-0.0267897233710107,non_sig,-0.057936156083484
TRPV4,12q,0.232511578484561,-0.352984714679984,non_sig,0.585496293164545
TRPV2,17p,-0.813668679374089,-0.753721684117792,non_sig,-0.0599469952562971
RAPGEF6,5q,-0.216176905758578,-0.05034555453785795,non_sig,-0.16583135122072007
RAPGEF2,4q,-0.06066960502918628,-0.046890191917261015,non_sig,-0.013779413111925265
LRRTM3,10q,-0.19449275124490953,-0.181195437665043,non_sig,-0.013297313579866521
ABCB4,7q,-0.23229049451819309,-0.294300370983557,non_sig,0.062009876465363906
ABCB11,2q,0.6694554247763655,-0.793276126925679,non_sig,1.4627315517020445
ABCB1,7q,-0.596789988821322,-0.442633803469501,non_sig,-0.15415618535182096
ABCB5,7p,-0.029171439254982,0.151460749705413,non_sig,-0.180632188960395
CEP57,11q,-0.233167805049266,-0.02175306234965135,non_sig,-0.21141474269961466
CEP57L1,6q,-0.37315426589462847,-0.1258637202236065,non_sig,-0.24729054567102196
SFT2D1,6q,-0.1859668555814095,0.193561024375653,non_sig,-0.3795278799570625
SFT2D2,1q,-0.20059107639958051,-0.08394129768544176,non_sig,-0.11664977871413876
SFT2D3,2q,-0.11599478913147335,0.0476257136859589,non_sig,-0.16362050281743223
SHOC2,10q,-0.266964797460917,-0.08342072306223315,non_sig,-0.18354407439868387
LRRC1,6p,-0.03080980999546125,0.06939272650949299,non_sig,-0.10020253650495424
GYG1,3q,-0.545320453740715,-0.0572400653752099,non_sig,-0.48808038836550516
OTUB1,11q,-0.1750743490623775,-0.030950615228544698,non_sig,-0.1441237338338328
IFI27L2,14q,-0.0304654933466035,-0.07268406367752145,non_sig,0.04221857033091795
IFI6,1p,-0.00391969846545625,-0.541406909662496,non_sig,0.5374872111970398
PLEKHM3,2q,0.02702453027863785,0.0080431964602886,non_sig,0.018981333818349252
PLEKHM1,17q,0.0528441213920926,-0.0129986147078458,non_sig,0.0658427360999384
EGR2,10q,-0.653318851932844,-0.225887262808573,non_sig,-0.42743158912427104
EGR1,5q,-0.534055786437813,-0.01410789209737255,non_sig,-0.5199478943404405
EGR3,8p,-0.38899284726574,-0.580774908738797,non_sig,0.191782061473057
WT1,11p,-0.1703622370213265,-0.37275853464999653,non_sig,0.20239629762867004
TAF5,10q,-0.0573695617930978,0.013840350093072,non_sig,-0.0712099118861698
TAF5L,1q,-0.0841287304517165,-0.0209280424829528,non_sig,-0.0632006879687637
USP54,10q,-0.0436023586917838,0.017315555431389247,non_sig,-0.060917914123173045
USP53,4q,-0.031907945249812,0.145965777237907,non_sig,-0.177873722487719
KCNMA1,10q,-0.141774615594876,-0.581859624461404,non_sig,0.440085008866528
HLTF,3q,-0.175735577144545,0.04987973771976065,non_sig,-0.22561531486430564
TTF2,1p,-0.173569179182008,-0.062014500760106804,non_sig,-0.1115546784219012
GLTP,12q,-0.2959209844237045,-0.159974743282475,non_sig,-0.13594624114122952
PLEKHA8,7p,-0.510886949691856,-0.1294710762223485,non_sig,-0.3814158734695075
RNF185,22q,-0.03785326820483065,0.0336300368679217,non_sig,-0.07148330507275236
RNF5,6p,-0.1441460882386385,0.03276246014170775,non_sig,-0.17690854838034625
INPP5D,2q,-0.730266307219396,-0.582149374387468,non_sig,-0.14811693283192795
INPPL1,11q,-0.215424538901417,0.03549563656354715,non_sig,-0.25092017546496415
DPH1,17p,-0.200748529338312,-0.155647178647638,non_sig,-0.045101350690674
DPH2,1p,-0.26281937436099,0.0018447018328059,non_sig,-0.2646640761937959
DBNL,7p,-0.07377786319577216,-0.14230006875837736,non_sig,0.0685222055626052
DBN1,5q,-0.0819223998944559,0.1258596596687285,non_sig,-0.2077820595631844
CTTN,11q,0.3847810498772205,0.02025004356153865,non_sig,0.36453100631568186
ATXN3,14q,-0.238147028394081,0.036936169199155,non_sig,-0.275083197593236
CAPZA2,7q,-0.342654791283002,-0.064581273366983,non_sig,-0.27807351791601903
CAPZA1,1p,-0.0722823128725222,0.03457620132911145,non_sig,-0.10685851420163364
PIK3C2A,11p,-0.15710850681311,0.0622528438856858,non_sig,-0.2193613506987958
PIK3C2B,1q,-0.305490965991551,-0.041650831037807604,non_sig,-0.2638401349537434
PACS2,14q,-0.151513060930728,0.0766995000875079,non_sig,-0.2282125610182359
PACS1,11q,0.039479765273714,-0.0506442952187304,non_sig,0.0901240604924444
REPS1,6q,-0.16142959473708451,0.1423289208704835,non_sig,-0.303758515607568
NEGR1,1p,-0.6969438495874021,-0.254374547148158,non_sig,-0.4425693024392441
NTM,11q,-0.48085487269925353,-0.5545072457147995,non_sig,0.07365237301554595
LSAMP,3q,-0.7274976521207115,-0.550822045208955,non_sig,-0.17667560691175654
IGLON5,19q,-0.194658549506833,-1.50070491934245,non_sig,1.306046369835617
MTX2,2q,-0.122019542952261,0.038912759756367,non_sig,-0.16093230270862802
MTX1,1q,0.0458548509533312,0.0146965467980134,non_sig,0.0311583041553178
MTX3,5q,-0.0913180428121954,0.06999152285641025,non_sig,-0.16130956566860566
ICAM1,19p,-0.08229767860387516,0.0046146153894518,non_sig,-0.08691229399332695
ICAM5,19p,-0.160841943906989,-0.116703708629834,non_sig,-0.044138235277155005
ICAM3,19p,-0.916714473009413,-0.58635130253336,non_sig,-0.330363170476053
ICAM2,17q,-1.17643091041311,-0.6656802544792875,non_sig,-0.5107506559338226
IDH3B,20p,-0.203824368202503,-0.06235931026854645,non_sig,-0.14146505793395653
IDH3A,15q,-0.169933070868439,0.059007994052869855,non_sig,-0.22894106492130886
MIER3,5q,-0.142510815238647,-0.0521959486052486,non_sig,-0.09031486663339841
MIER2,19p,-0.10518458904051,0.0257966682390749,non_sig,-0.1309812572795849
MIER1,1p,-0.141515821649317,-0.0182196580369322,non_sig,-0.1232961636123848
CYB561,17q,0.028802713422581845,-0.03795253586379655,non_sig,0.0667552492863784
CYBRD1,2q,0.269622491077855,-0.3000179982569005,non_sig,0.5696404893347555
CYB561A3,11q,-0.08470053204783345,-0.11878588908031701,non_sig,0.034085357032483554
MTA1,14q,-0.31261533994086,-0.035193862425330055,non_sig,-0.2774214775155299
MTA2,11q,0.029570721976707952,-0.0345799259315131,non_sig,0.06415064790822106
MTA3,2p,0.0989727835457025,-0.03425578134572965,non_sig,0.13322856489143214
IRAK2,3p,-0.290949686440816,0.18284477942834448,non_sig,-0.47379446586916046
IRAK3,12q,-0.09719843270967,-0.6574893797231025,non_sig,0.5602909470134325
IRAK4,12q,-0.289582192929819,-0.026134253431780698,non_sig,-0.2634479394980383
TARS2,1q,-0.42574660652194,-0.110926324564931,non_sig,-0.314820281957009
YKT6,7p,-0.34305494146154003,-0.198915065412092,non_sig,-0.14413987604944803
ACE,17q,-0.534849420540243,-0.1024895889585475,non_sig,-0.4323598315816955
ZNF445,3p,-0.0254843068159507,0.0170952686164248,non_sig,-0.042579575432375505
CRIP1,14q,-0.634359086361106,-0.696766597069398,non_sig,0.06240751070829198
SHH,7q,-0.08674744120590001,-0.268820848065293,non_sig,0.182073406859393
RTEL1,20q,-0.2446248705381145,-0.0363371312065165,non_sig,-0.208287739331598
BRIP1,17q,-0.290735739485823,-0.014387655225848601,non_sig,-0.27634808425997437
ERCC2,19q,-0.0041607671610848496,-0.05492833327546195,non_sig,0.0507675661143771
DDX11,12p,-0.545474743452701,-0.1313211850678195,non_sig,-0.41415355838488144
FAM120B,6q,-0.18158578456666,0.023774765371090398,non_sig,-0.20536054993775038
CD248,11q,-0.333700529408477,-0.460817547087086,non_sig,0.127117017678609
MAP3K3,17q,-0.0291866918273297,-0.043225730340493554,non_sig,0.014039038513163855
MAP3K2,2q,-0.0769746702759797,-0.0011647612276166,non_sig,-0.0758099090483631
STAMBPL1,10q,-0.13562204016589902,0.13712619629697947,non_sig,-0.2727482364628785
STAMBP,2p,-0.160920512313549,0.0412368703484,non_sig,-0.202157382661949
PRRG4,11p,-0.953858535622389,-0.0062876210630622,non_sig,-0.9475709145593267
NOXA1,9q,-0.206054016459231,-0.300484690810846,non_sig,0.09443067435161501
NCF2,1q,-0.16058319176634867,-0.100636579742802,non_sig,-0.05994661202354666
COPS7A,12p,0.0145575748675103,0.001633588302132,non_sig,0.0129239865653783
COPS7B,2q,-0.19742489733453,-0.0441215772578849,non_sig,-0.1533033200766451
HMGCL,1p,0.118743323515115,-0.01860567118058775,non_sig,0.13734899469570275
AXL,19q,0.127166687179694,-0.356789995606409,non_sig,0.48395668278610304
MERTK,2q,0.0316793944121161,0.0005144339769771,non_sig,0.031164960435138996
MET,7q,-0.0489092953511816,0.03545274843199135,non_sig,-0.08436204378317295
UBAP2,9p,-0.196905615064523,0.21300161125814498,non_sig,-0.40990722632266796
UBAP2L,1q,-0.2036295807454072,-0.0106237299809837,non_sig,-0.1930058507644235
SLC29A2,11q,-0.412978749775605,-0.0749835790620368,non_sig,-0.3379951707135682
SLC29A1,6p,-0.30840572565928603,0.040488915861125255,non_sig,-0.3488946415204113
SLC29A3,10q,-0.289791192192583,-0.0222779099069695,non_sig,-0.2675132822856135
CHIC2,4q,-0.0372132371882039,0.11120816290292809,non_sig,-0.148421400091132
LYRM4,6p,-0.01754326084215535,-0.0055966293942162505,non_sig,-0.0119466314479391
VASH1,14q,0.0725934297752531,0.041040635149052755,non_sig,0.031552794626200344
SLC44A3,1p,-0.1033571826027323,-0.0727780999144051,non_sig,-0.030579082688327194
SLC44A1,9q,-0.147688129194566,0.0480695394868266,non_sig,-0.1957576686813926
SLC44A2,19p,0.12472658791799,-0.0930095169766358,non_sig,0.2177361048946258
SLC44A4,6p,-0.774225889701307,-0.256495247335159,non_sig,-0.5177306423661481
SLC25A16,10q,0.0053214923644435,0.04583254398374795,non_sig,-0.04051105161930445
SLC25A31,4q,-0.004429300669638,-0.04115790683618275,non_sig,0.03672860616654475
CLIP2,7q,-0.385720296298378,-0.0785049978070206,non_sig,-0.3072152984913574
CLIP1,12q,0.06912168117703472,0.10626313731216325,non_sig,-0.03714145613512852
CCDC28A,6q,-0.1817338368187535,0.0421130447310225,non_sig,-0.223846881549776
CCDC28B,1p,0.149314611927446,-0.0536357687028784,non_sig,0.2029503806303244
PRKD1,14q,-0.03855614801997155,-0.107548626264684,non_sig,0.06899247824471245
PRKD2,19q,-0.201702171510605,-0.02344771776610395,non_sig,-0.17825445374450105
PRKD3,2p,-0.325516475355789,-0.192623736737795,non_sig,-0.13289273861799397
DAGLA,11q,-0.248779425334202,0.07014727162632804,non_sig,-0.31892669696053005
DAGLB,7p,-0.496552925525802,-0.108093374005478,non_sig,-0.38845955152032396
PTX3,3q,-0.12960925102981036,-0.342979529834633,non_sig,0.21337027880482262
NPTX2,7q,-0.762699081954173,-0.641917423720618,non_sig,-0.12078165823355502
S100A1,1q,-0.7275663368496095,-0.744806680228148,non_sig,0.017240343378538525
S100A4,1q,-0.955730454980927,-0.695399383016648,non_sig,-0.26033107196427896
S100A10,1q,0.737922776680114,0.353569621973138,non_sig,0.38435315470697595
S100A2,1q,-0.46066075625236,-0.802773743916687,non_sig,0.34211298766432696
RTN1,14q,-0.7145522139001834,-0.821057327498426,non_sig,0.10650511359824255
RTN3,11q,-0.055397684795846905,-0.07874987825568415,non_sig,0.023352193459837245
RTN4,2p,-0.041802003469121496,-0.11505324853428059,non_sig,0.07325124506515909
RTN2,19q,0.0579310342965003,-0.42887100687039503,non_sig,0.48680204116689535
RBM5,3p,-0.104092098937413,0.07799382040443034,non_sig,-0.18208591934184334
RBM6,3p,-0.0365270004625239,0.113042269604304,non_sig,-0.1495692700668279
FADS1,11q,-0.17705352775587,0.0010132348692727003,non_sig,-0.1780667626251427
FADS3,11q,-0.102062420271301,-0.14634594046431,non_sig,0.04428352019300899
FADS2,11q,-0.441425251251135,-0.3069854980049345,non_sig,-0.1344397532462005
DDX46,5q,-0.0355693109097315,-0.011431990867310601,non_sig,-0.024137320042420897
DDX23,12q,-0.07126049296246714,-0.0812837756045865,non_sig,0.010023282642119352
DDX42,17q,-0.103043127517014,0.015911109156552798,non_sig,-0.1189542366735668
LDHD,16q,-0.26903894681814,-0.1334200205930605,non_sig,-0.1356189262250795
D2HGDH,2q,-0.304244928437806,-0.117162008549382,non_sig,-0.187082919888424
AGPS,2q,-0.0340943050320419,0.0564249009179313,non_sig,-0.0905192059499732
CDKN3,14q,-0.285161295357803,0.233988754047284,non_sig,-0.519150049405087
PTP4A2,1p,-0.04514662510318305,-0.041172551026979795,non_sig,-0.003974074076203253
PTP4A1,6q,-0.02564686180791365,0.03305487669948575,non_sig,-0.058701738507399404
PTP4A3,8q,0.132827265176707,-0.207121219431927,non_sig,0.339948484608634
FBP2,9q,-0.4596104734029595,-0.465249878660063,non_sig,0.005639405257103491
FBP1,9q,-0.670581005186442,-0.7353295312544854,non_sig,0.06474852606804338
FLYWCH1,16p,0.0017672593538627496,0.0045124339851924,non_sig,-0.00274517463132965
FLYWCH2,16p,-0.408370130084762,0.184179368541841,non_sig,-0.592549498626603
SAE1,19q,-0.199629588177543,0.01018834145772095,non_sig,-0.20981792963526397
GNB3,12p,0.0237797277320936,0.0217305562805212,non_sig,0.0020491714515724
GNB1,1p,0.0418527806735747,0.0966471538377382,non_sig,-0.054794373164163496
GNB4,3q,0.0755275791475123,0.01521642771042575,non_sig,0.060311151437086555
GNB2,7q,0.0717553173030403,0.039687189652943294,non_sig,0.032068127650097006
GNB5,15q,-0.157683255001292,0.0439835077651596,non_sig,-0.2016667627664516
WASL,7q,-0.390738171860301,-0.01567781363220825,non_sig,-0.37506035822809275
SLC45A2,5p,0.40662982617723153,-0.141989444463272,non_sig,0.5486192706405035
SLC45A4,8q,-0.534653813526506,0.0126264774289309,non_sig,-0.5472802909554368
PCOLCE,7q,-0.684236885392299,-0.574267652553418,non_sig,-0.10996923283888094
PCOLCE2,3q,-0.470336759951649,-0.411114601537682,non_sig,-0.059222158413967
PXMP2,12q,-0.0574610572204903,0.0110136646282164,non_sig,-0.0684747218487067
HIVEP3,1p,-0.149776039269714,-0.0225350978294197,non_sig,-0.1272409414402943
HIVEP1,6p,-0.0516887810772427,0.0569224938811792,non_sig,-0.1086112749584219
HIVEP2,6q,-0.0619370151082365,0.101090919694519,non_sig,-0.16302793480275551
NKD1,16q,-0.554361853192586,-0.421868152860808,non_sig,-0.13249370033177804
NKD2,5p,-0.487592403736263,-0.175228304683098,non_sig,-0.312364099053165
RAB3IL1,11q,-0.0599946991048174,-0.0261852195804555,non_sig,-0.033809479524361905
RAB3IP,12q,-0.283737490372941,-0.08662129678487546,non_sig,-0.19711619358806554
JUND,19p,0.0083056857344439,0.0577932979078514,non_sig,-0.0494876121734075
JUN,1p,-0.149980685856694,-0.0326277243401767,non_sig,-0.11735296151651729
JUNB,19p,0.08634097369167884,-0.0209962473079625,non_sig,0.10733722099964134
ENO2,12p,-0.274003479186115,-0.101360097635264,non_sig,-0.17264338155085102
ENO3,17p,-0.0794984406470666,-0.04032268156902165,non_sig,-0.03917575907804495
ENO1,1p,-0.122608185207526,0.07312967953978818,non_sig,-0.1957378647473142
CNBP,3q,-0.25745116243426447,0.07163829682792618,non_sig,-0.32908945926219063
PGPEP1,19p,-0.309525625369715,0.107181986568375,non_sig,-0.41670761193809003
UBAP1,9p,-0.17974792463577,0.260823982754927,non_sig,-0.440571907390697
NUP62,19q,-0.00606130155367315,0.0263428651320258,non_sig,-0.03240416668569895
SSBP4,19p,-0.183653818917393,0.0131237948508656,non_sig,-0.19677761376825859
SSBP3,1p,-0.20465708730697552,-0.2035607470377495,non_sig,-0.0010963402692260038
SSBP2,5q,-0.3440018101761255,0.0411604676036681,non_sig,-0.3851622777797936
FUBP1,1p,0.0733903378463995,0.06394872632340198,non_sig,0.009441611522997523
ATN1,12p,-0.1198755748728535,0.093052042454066,non_sig,-0.2129276173269195
RERE,1p,-0.0260382515547841,-0.0489959143531489,non_sig,0.0229576627983648
PTGR2,14q,-0.139828392260183,-0.0045485828044442,non_sig,-0.1352798094557388
NPM1,5q,-0.210631495081278,0.10740838513439499,non_sig,-0.318039880215673
NPM3,10q,-0.324992612498855,0.17444916305803299,non_sig,-0.499441775556888
KCNQ5,6q,-0.25428173075646,-0.0125743074913663,non_sig,-0.2417074232650937
KCNQ1,11p,-0.3267190189037055,-0.30396576427829103,non_sig,-0.0227532546254145
MPZL2,11q,-0.42221706795921,-0.4111783557870955,non_sig,-0.011038712172114495
MPZL3,11q,-0.831907166675566,-0.5609668894628435,non_sig,-0.2709402772127225
MPZL1,1q,0.101770239702912,-0.0050079446827237,non_sig,0.1067781843856357
MPZ,1q,-0.5618185214186675,-0.312848759608004,non_sig,-0.2489697618106635
HEXIM1,17q,0.138912985054789,0.04509835190747835,non_sig,0.09381463314731064
HEXIM2,17q,-0.0227669719244767,-0.0098241488869121,non_sig,-0.0129428230375646
FOLR1,11q,-0.803186994311825,-0.489361995666168,non_sig,-0.31382499864565705
NCEH1,3q,0.0040810998522152,-0.2341311612382445,non_sig,0.2382122610904597
ATXN2,12q,-0.16706787220393798,0.063628552316837,non_sig,-0.230696424520775
ATXN2L,16p,-0.0649579537914934,0.0154650208456903,non_sig,-0.0804229746371837
NUDT16,3q,-0.1978943000915325,0.01934120092467305,non_sig,-0.21723550101620553
NUDT16L1,16p,-0.264382059619321,-0.01108091086290045,non_sig,-0.2533011487564205
MCEE,2p,-0.020038580166619,0.02563664809342665,non_sig,-0.04567522826004565
ATXN7,3p,-0.042784014009535,0.0787424531806073,non_sig,-0.12152646719014229
ATXN7L1,7q,-0.189375599107492,0.0775887466786599,non_sig,-0.2669643457861519
ATXN7L2,1p,0.123929125443789,0.0095371451127391,non_sig,0.11439198033104991
PAFAH1B2,11q,-0.204227130329257,0.0693100225680254,non_sig,-0.2735371528972824
PAFAH1B3,19q,-0.254219455390159,0.0622280546378768,non_sig,-0.3164475100280358
TRIP6,7q,-0.1192941297191,0.132074976703432,non_sig,-0.25136910642253196
ZYX,7q,-0.614153486555678,-0.14314669821415,non_sig,-0.47100678834152804
ARHGAP29,1p,-0.150122953683109,-0.232774212460046,non_sig,0.08265125877693702
GMIP,19p,-0.320660805744143,-0.01274787461415935,non_sig,-0.3079129311299837
TRIB3,20p,-0.170778936471898,-0.01982088550492515,non_sig,-0.15095805096697287
TRIB1,8q,-0.5910079493284315,-0.0103946894385215,non_sig,-0.58061325988991
SP7,12q,-0.0491415654570463,-0.0117721844332863,non_sig,-0.03736938102376
PLEKHA1,10q,-0.2240619320077495,-0.02004876764713965,non_sig,-0.20401316436060984
PLEKHA2,8p,-0.295018040217374,0.00555897010377195,non_sig,-0.3005770103211459
MED25,19q,-0.0194641296381025,0.052040598127222296,non_sig,-0.0715047277653248
PTOV1,19q,-0.0014377103590841,-0.0525813992625605,non_sig,0.051143688903476404
TMEM45A,3q,-0.0647941055225718,-0.0561102523761693,non_sig,-0.008683853146402493
TMEM45B,11q,-0.540724156904574,-0.430027610353244,non_sig,-0.11069654655132999
WDFY4,10q,-0.372699658752439,-0.61839499334856,non_sig,0.24569533459612097
WDFY3,4q,-0.0929203653079645,0.0699062961354853,non_sig,-0.16282666144344982
SREBF2,22q,-0.2284488008422,0.0454312005020915,non_sig,-0.2738800013442915
SREBF1,17p,-0.0286412960523681,0.029409148331115853,non_sig,-0.05805044438348395
TGFBR3,1p,-0.292506655232491,-0.0702341124971384,non_sig,-0.22227254273535257
ENG,9q,0.364810074205147,-0.40889707261341246,non_sig,0.7737071468185595
LARP4B,10p,-0.2716514857306862,0.1269482756463208,non_sig,-0.39859976137700703
LARP4,12q,-0.16883335169060748,0.02165339697727215,non_sig,-0.19048674866787962
GGA2,16p,-0.313166684067329,-0.01689710057213385,non_sig,-0.29626958349519517
GIGYF1,7q,-0.326016592945833,-0.08528256829828895,non_sig,-0.24073402464754406
GIGYF2,2q,-0.111230058838345,0.0723518505094216,non_sig,-0.18358190934776658
MOV10,1p,-0.243489436025334,0.00157893301002705,non_sig,-0.24506836903536103
NAP1L5,4q,-0.30613124729885854,0.4660329612065965,non_sig,-0.772164208505455
CASP10,2q,-0.303917972743864,-0.03023551185752625,non_sig,-0.27368246088633774
PRG2,11q,-0.485900324909841,-0.4499515687416745,non_sig,-0.03594875616816645
NAB1,2q,0.08462923500500574,-0.0427340265090386,non_sig,0.12736326151404434
NAB2,12q,-0.07032861572743346,0.000936818086036,non_sig,-0.07126543381346946
PENK,8q,-0.15604337066108906,-0.249808638877845,non_sig,0.09376526821675593
DDAH2,6p,-0.4662831455976155,-0.01044978109838695,non_sig,-0.45583336449922857
DDAH1,1p,-0.0862916152329123,0.05448053629752785,non_sig,-0.14077215153044015
SNAP25,20p,-0.6484986537634045,-0.44783436247587,non_sig,-0.20066429128753455
SNAP23,15q,-0.144807656441028,0.0943014065488508,non_sig,-0.2391090629898788
YIPF2,19p,0.1319653611297625,0.0168841705649048,non_sig,0.11508119056485772
YIPF1,1p,-0.100721735303471,0.0461821295822109,non_sig,-0.1469038648856819
CDC25B,20p,-0.291632734255432,-0.134133925718231,non_sig,-0.15749880853720102
CDC25C,5q,-0.1866196197506345,0.0519532062093167,non_sig,-0.23857282595995122
METTL13,1q,-0.429798316927066,-0.159773323157023,non_sig,-0.27002499377004296
UBR2,6p,-0.232248929107542,-0.04489669313740955,non_sig,-0.18735223597013245
UBR1,15q,-0.171256038316315,-0.0237087534443765,non_sig,-0.1475472848719385
UBR3,2q,-0.20134602709701,-0.0247837276900325,non_sig,-0.17656229940697749
G3BP1,5q,-0.0647925280605515,0.08937451646463525,non_sig,-0.15416704452518676
G3BP2,4q,-0.030555473359155302,0.0831839526732012,non_sig,-0.1137394260323565
MRPS7,17q,-0.148342628233339,0.018777553675459,non_sig,-0.167120181908798
RPS5,19q,-0.0861976217233229,0.0029003921993944,non_sig,-0.08909801392271731
PEX7,6q,-0.135078021397589,0.0376602616674412,non_sig,-0.1727382830650302
RBBP4,1p,-0.038103998666892,0.030033685974944352,non_sig,-0.06813768464183635
PSMD2,3q,-0.0141924953768961,-0.028316210966639548,non_sig,0.014123715589743447
PSMD1,2q,-0.0552698126620043,-0.0115219465262879,non_sig,-0.0437478661357164
HLA-DMB,6p,-0.422921594577425,-0.499889959428967,non_sig,0.07696836485154201
HLA-DRA,6p,-0.907458066925102,-0.842241026082439,non_sig,-0.065217040842663
HLA-DRB5,6p,-0.7599712432198075,-0.682139687932326,non_sig,-0.07783155528748142
HLA-DRB1,6p,-0.4702221718464375,-0.6315924352094202,non_sig,0.1613702633629827
B2M,15q,0.0957096351821176,0.146937511590654,non_sig,-0.05122787640853639
HLA-DPB1,6p,-0.846917735243465,-0.575253707819391,non_sig,-0.27166402742407403
HLA-DQB1,6p,-0.5105740590967145,-0.446265977736825,non_sig,-0.06430808135988947
HLA-DQB2,6p,-0.97927559327068,-0.239535186158129,non_sig,-0.7397404071125511
HLA-DOB,6p,-0.51451388841265,-0.538157552322094,non_sig,0.023643663909443946
HLA-DPA1,6p,-0.63309273414996,-0.8658359260383275,non_sig,0.23274319188836745
HLA-DQA1,6p,-0.913021290723405,-0.885322409595985,non_sig,-0.027698881127420028
HLA-DOA,6p,-0.139471864903833,-0.404512006799172,non_sig,0.265040141895339
FAT4,4q,0.0645308108491533,-0.216140210778863,non_sig,0.28067102162801627
FAT1,4q,-0.06944784403657835,0.04730322212968115,non_sig,-0.11675106616625949
FAT3,11q,-0.0222252971905084,-0.03315566539785385,non_sig,0.01093036820734545
FAT2,5q,-0.1722583872428048,-0.384781400311139,non_sig,0.2125230130683342
HLA-DMA,6p,-0.47256707741643755,-0.532468236505461,non_sig,0.05990115908902349
TMEM63B,6p,-0.05117247585925615,0.0072245845498898,non_sig,-0.05839706040914595
TMEM63A,1q,-0.0934670320968715,-0.229415899720004,non_sig,0.13594886762313252
IRX2,5p,-0.585657432630009,-0.652510139272809,non_sig,0.06685270664279996
IRX3,16q,0.13302236374699,-0.29470149388635,non_sig,0.42772385763334
IRX5,16q,-0.374624022459431,-0.2158405852313,non_sig,-0.15878343722813099
CDC20,1p,-0.222657759407831,-0.06896572858466905,non_sig,-0.15369203082316196
FZR1,19p,-0.1422540458272655,0.0016513302554377,non_sig,-0.1439053760827032
ANKRD16,10p,-0.2715522818175105,0.0547028185882441,non_sig,-0.3262551004057546
ASB1,2q,-0.1562110189946695,-0.0396327082953693,non_sig,-0.11657831069930019
POLR2A,17p,-0.1071411825311355,-0.014422040406477401,non_sig,-0.0927191421246581
POLR1A,2p,-0.15443727403419,-0.0665279246137305,non_sig,-0.0879093494204595
POLR3A,10q,-0.0750470602319788,-0.0361316344434014,non_sig,-0.038915425788577394
FAM168A,11q,0.01946213803977795,0.0603288959768487,non_sig,-0.04086675793707075
HEATR5B,2p,-0.237758176876221,-0.07598564725730245,non_sig,-0.16177252961891855
HEATR5A,14q,-0.142423129179434,-0.0577371482499071,non_sig,-0.08468598092952691
EIF4G1,3q,-0.046792216536956845,-0.020980318397419127,non_sig,-0.025811898139537718
EIF4G3,1p,-0.158592182235895,0.04143704275482246,non_sig,-0.20002922499071746
EIF4G2,11p,-0.10585835713105349,0.0061505974376694465,non_sig,-0.11200895456872294
RDH10,8q,-0.374485922482155,-0.18622043059738302,non_sig,-0.18826549188477198
CNOT8,5q,-0.12850087521165449,-0.0149819613831397,non_sig,-0.11351891382851478
CNOT7,8p,-0.138377143301117,0.05015415215619515,non_sig,-0.18853129545731215
NCBP2,3q,0.0030249687855444,0.0223283518277528,non_sig,-0.0193033830422084
RANBP1,22q,-0.254947811526208,0.1217945224778295,non_sig,-0.3767423340040375
RANBP2,2q,0.0364555041683757,-0.0019582303266777,non_sig,0.0384137344950534
ZMYND8,20q,0.0245272561654843,-0.034917937804353205,non_sig,0.05944519396983751
ZMYND11,10p,-0.221907023840427,0.0005845693557885,non_sig,-0.22249159319621548
ORMDL2,12q,-0.106483455522457,-0.11418084711201701,non_sig,0.00769739158956001
ORMDL1,2q,0.10380872914962301,-0.0567698884222007,non_sig,0.1605786175718237
ORMDL3,17q,-0.100040293638042,-0.06436703647787276,non_sig,-0.03567325716016924
PHF21B,22q,-1.8134419358244749,-0.626051357485931,non_sig,-1.187390578338544
PHF21A,11p,-0.135147983007437,0.03959888795236455,non_sig,-0.17474687095980154
ARRB2,17p,-0.343879083337574,-0.25427888735508797,non_sig,-0.08960019598248603
ARRB1,11q,-0.2629088343456535,-0.0331439312945822,non_sig,-0.22976490305107128
RNF223,1p,0.707226219747065,-0.805086192451019,non_sig,1.512312412198084
QPCT,2p,-0.69653482458757,-0.532987186502677,non_sig,-0.16354763808489303
QPCTL,19q,-0.15809296333734602,-0.0305653304310859,non_sig,-0.12752763290626012
CHD5,1p,0.0278856056664314,-0.07299852843857654,non_sig,0.10088413410500795
SMARCAD1,4q,-0.190118567763927,0.01621039160349695,non_sig,-0.20632895936742396
CHD4,12p,-0.03540948044945,-0.061719474219933,non_sig,0.026309993770483
CHD2,15q,-0.0145320291724102,-0.05036901069229295,non_sig,0.03583698151988275
CHD1,5q,-0.264963564138817,0.05645322768173795,non_sig,-0.32141679182055494
INO80,15q,0.0039837229158747,-0.047298463492704,non_sig,0.0512821864085787
HELLS,10q,-0.264416263707553,-0.06139446817034715,non_sig,-0.20302179553720584
CDC42SE2,5q,-0.229206816647653,0.10157188537456566,non_sig,-0.33077870202221865
CDC42SE1,1q,-0.266794707992286,0.0450193073239341,non_sig,-0.3118140153162201
ST7,7q,-0.1156995231345789,0.0012951172282922,non_sig,-0.1169946403628711
TPCN2,11q,0.08298911454302871,0.0405526431246176,non_sig,0.04243647141841111
TPCN1,12q,-0.1507734092304095,-0.0159023537901571,non_sig,-0.1348710554402524
TET2,4q,0.0367752869236576,0.123151204174637,non_sig,-0.0863759172509794
TET3,2p,-0.616929406920296,-0.215706307399318,non_sig,-0.40122309952097795
TET1,10q,-0.0195118222884141,0.102675475388275,non_sig,-0.1221872976766891
FRS2,12q,0.2321406902673795,0.00608978689830805,non_sig,0.22605090336907144
PRAM1,19p,-0.642380896586802,-0.486218742739602,non_sig,-0.1561621538472
GLTPD2,17p,-0.137967092394774,-0.3779506581095965,non_sig,0.2399835657148225
PSMB4,1q,0.0484504209061731,-0.0097669441816375,non_sig,0.0582173650878106
PLD2,17p,-0.120467102982601,0.02433966925445815,non_sig,-0.14480677223705915
PLD1,3q,0.12592107587126,-0.0793301252187025,non_sig,0.2052512010899625
NAT8L,4p,0.15914413317892,0.0453960271692278,non_sig,0.11374810600969221
NSD1,5q,-0.0543003554619693,-0.021836644676271402,non_sig,-0.032463710785697895
GAB1,4q,-0.125192369697865,-0.01186459114053445,non_sig,-0.11332777855733056
GAB2,11q,-0.37307274153244,-0.0864749480190993,non_sig,-0.2865977935133407
SEC16A,9q,-0.183805303421992,0.14915687637330494,non_sig,-0.33296217979529696
SEC16B,1q,1.11642853060595,-0.199071722066626,non_sig,1.315500252672576
SYTL2,11q,-0.19174106968299198,-0.28459580643398374,non_sig,0.09285473675099176
RFX3,9p,-0.241868515063201,0.177963855672659,non_sig,-0.41983237073586
RFX2,19p,-0.141270464180161,0.0053941836785051,non_sig,-0.14666464785866612
RFX1,19p,-0.011784955789781051,0.0016286510217515,non_sig,-0.013413606811532551
NF2,22q,-0.224185696686025,0.0563862441167456,non_sig,-0.2805719408027706
KANK1,9p,-0.19249392841374,0.04348836332426285,non_sig,-0.23598229173800284
KANK2,19p,-0.03762679621875065,-0.05638294712677455,non_sig,0.018756150908023905
KANK4,1p,-0.197922735123103,-0.1768613558911,non_sig,-0.02106137923200299
RNF2,1q,-0.0658818389416138,0.0194082546301099,non_sig,-0.08529009357172371
KIAA1217,10p,0.173219934027189,0.0373924815324306,non_sig,0.1358274524947584
SRCIN1,17q,0.0741905479431487,-0.0755051445017136,non_sig,0.1496956924448623
IGSF9,1q,0.278153242742537,0.198476895121119,non_sig,0.07967634762141801
HSD11B2,16q,-0.698354877655062,-0.5997168914755004,non_sig,-0.09863798617956154
BDH1,3q,-0.45521666788501,-0.06588124148552375,non_sig,-0.3893354263994862
SNX7,1p,0.03683627931148055,0.0823873866953624,non_sig,-0.04555110738388185
SNX30,9q,-0.217352437132342,-0.009530931731299,non_sig,-0.207821505401043
SEC22B,1p,-0.125363544598587,-0.08325738694739926,non_sig,-0.04210615765118775
SEC22A,3q,-0.1160296548974515,-0.0600772533534226,non_sig,-0.0559524015440289
PTGFRN,1p,-0.0798765919321553,-0.0573746694197179,non_sig,-0.02250192251243739
IGSF8,1q,-0.423133213930505,-0.0067815184372748,non_sig,-0.4163516954932302
CD101,1p,-0.55125790536218,-0.229122571300018,non_sig,-0.322135334062162
ZNF326,1p,-0.115845618382663,-0.016159495780633353,non_sig,-0.09968612260202964
AKAP8,19p,-0.03648816181149385,0.0347302004453258,non_sig,-0.07121836225681966
AKAP8L,19p,0.015611480711930149,0.0291423278834673,non_sig,-0.01353084717153715
PDLIM2,8p,-0.25442538009807747,0.0359500130304738,non_sig,-0.29037539312855126
MAEA,4p,-0.051531122760597445,-0.0385794892374687,non_sig,-0.012951633523128746
RMND5B,5q,-0.258782210727863,0.1795662497574656,non_sig,-0.4383484604853286
RMND5A,2p,-0.0271346313510643,0.01434896348049045,non_sig,-0.04148359483155475
MAP7D1,1p,-0.316318647160822,0.0658188507653925,non_sig,-0.3821374979262145
EXOC3L2,19q,-0.8013957714356945,-0.258189094168745,non_sig,-0.5432066772669495
PARD3,10p,-0.06906659582324175,0.170881325543752,non_sig,-0.23994792136699372
PARD3B,2q,-0.020886618220917898,-0.0179121667819601,non_sig,-0.0029744514389577967
HDAC7,12q,-0.179652393917072,-0.0657862872985127,non_sig,-0.1138661066185593
HDAC5,17q,0.0631508088332608,-0.0449906183737361,non_sig,0.1081414272069969
HDAC9,7p,-0.242347940638316,-0.0796815246369963,non_sig,-0.1626664160013197
HDAC4,2q,-0.348515636489553,0.0493000541749489,non_sig,-0.39781569066450195
ELMO3,16q,-0.35546124357264497,-0.382003617467681,non_sig,0.026542373895036053
ELMO1,7p,-0.664485333144326,-0.535797368668047,non_sig,-0.12868796447627906
ELMO2,20q,-0.4442989553223075,-0.1140984728539365,non_sig,-0.330200482468371
KCTD14,11q,-0.5429973289032566,-0.0846014525447198,non_sig,-0.4583958763585368
PTGS1,9q,-0.595083753283717,-0.526794843505236,non_sig,-0.06828890977848101
PTGS2,1q,-0.2569433431161035,-0.709863841926538,non_sig,0.45292049881043445
CCZ1,7p,-0.2622915864287525,-0.0682063878117005,non_sig,-0.19408519861705198
APPBP2,17q,-0.2843252264315965,-0.0073162149894551,non_sig,-0.2770090114421414
SRGAP2,1q,-0.275797564799488,-0.161336336725919,non_sig,-0.11446122807356904
SRGAP1,12q,-0.08806542068920455,-0.0679625788818202,non_sig,-0.02010284180738435
SRGAP3,3p,-0.0649156138291999,-0.1085089880085515,non_sig,0.04359337417935159
CUX1,7q,0.013822219458682006,3.600416250337454e-05,non_sig,0.013786215296178631
HDAC10,22q,-0.139023152743797,-0.0667943533728876,non_sig,-0.07222879937090941
ALDH16A1,19q,-0.32856529205810503,-0.0162996296638986,non_sig,-0.31226566239420644
USP37,2q,-0.0392819966792639,0.035332356386104546,non_sig,-0.07461435306536846
PRR3,6p,-0.354394367679089,0.0597107569424268,non_sig,-0.4141051246215158
PPP1R10,6p,-0.102378278993361,0.06846167980357776,non_sig,-0.17083995879693875
MAGI3,1p,-0.08833369383081445,-0.014469271991803,non_sig,-0.07386442183901146
MAGI1,3p,-0.0731160919865653,0.0351494483829768,non_sig,-0.1082655403695421
MAGI2,7q,-0.0429887330091899,-0.3013868650088535,non_sig,0.25839813199966355
SLC47A1,17p,-0.475037334467774,-0.0534368676874289,non_sig,-0.42160046678034513
FAM219A,9p,0.0226954637084973,0.1488883138295355,non_sig,-0.1261928501210382
FAM219B,15q,-0.0419483053159204,0.09017066778113444,non_sig,-0.13211897309705484
GABPB2,1q,-0.377034779505865,-0.0956754929493101,non_sig,-0.2813592865565549
GABPB1,15q,-0.0681516600283334,0.1322168824904695,non_sig,-0.2003685425188029
LYSMD1,1q,-0.2706788904218035,-0.07865391767436465,non_sig,-0.19202497274743885
LYSMD2,15q,-0.20232992349170048,0.230599490274566,non_sig,-0.4329294137662665
CD84,1q,-1.205517824493,-0.803481028098199,non_sig,-0.40203679639480105
GPR89B,1q,-0.18614495086772,0.0049999294592968,non_sig,-0.19114488032701682
NIP7,16q,-0.138960661384412,0.0245474503895347,non_sig,-0.1635081117739467
CKS2,9q,-0.510469670743891,0.0125936817868703,non_sig,-0.5230633525307613
CKS1B,1q,-0.0571463743781035,-0.106556765951567,non_sig,0.049410391573463504
STEAP1,7q,-0.267512096972914,-0.275568304799971,non_sig,0.008056207827057016
STEAP2,7q,-0.424314565394878,-0.220793047403602,non_sig,-0.203521517991276
STEAP3,2q,0.0566019343705876,-0.0155789432636972,non_sig,0.0721808776342848
STEAP4,7q,-0.08890406689501584,-0.516000597260539,non_sig,0.4270965303655232
TERF2,16q,-0.265048324845098,-0.02814427316373995,non_sig,-0.23690405168135803
TERF1,8q,-0.130990917080056,-0.0827103036089447,non_sig,-0.0482806134711113
DDX31,9q,-0.184616072246211,0.0174846542306477,non_sig,-0.2021007264768587
DDX55,12q,-0.178612626897131,-0.04581023265636135,non_sig,-0.13280239424076967
DDX10,11q,-0.2062453371806735,-0.02623615161814305,non_sig,-0.18000918556253045
LIN7C,11p,0.069726657463801,0.07584666569875245,non_sig,-0.006120008234951457
LIN7A,12q,-0.1348620708581385,-0.08282468946634064,non_sig,-0.052037381391797866
ESPNL,2q,-0.251751591086801,-0.0688727880450772,non_sig,-0.18287880304172383
ESPN,1p,-0.0700628667461967,-0.3505861199592245,non_sig,0.2805232532130278
ACSF3,16q,-0.252437877855809,-0.083997988980446,non_sig,-0.16843988887536301
ACSF2,17q,0.039244961367265,-0.0062893510449203,non_sig,0.0455343124121853
FAM135A,6q,0.10186699511789524,0.0827808192986325,non_sig,0.019086175819262738
GOT1,10q,-0.339091384991523,0.024949829073115902,non_sig,-0.3640412140646389
GOT2,16q,-0.246235242054889,0.014931067935614401,non_sig,-0.2611663099905034
AFAP1L2,10q,-0.6134867356869045,-0.383819021034318,non_sig,-0.2296677146525865
AFAP1,4p,-0.00899749625867775,-0.158899522061663,non_sig,0.14990202580298526
AFAP1L1,5q,-0.3495485916973975,-0.3712002821160635,non_sig,0.021651690418665992
MLX,17q,-0.3239161510860425,-0.06013117393887385,non_sig,-0.26378497714716864
MLXIP,12q,-0.109021490284991,-0.0123691823480283,non_sig,-0.0966523079369627
MLXIPL,7q,-0.011887110356821953,-0.021914437798726847,non_sig,0.010027327441904894
CDH15,16q,0.005619143132331972,-0.351969405870904,non_sig,0.35758854900323594
CDH1,16q,-0.607796762856454,-0.6709565704163545,non_sig,0.06315980755990047
CDH13,16q,-0.7403199306428976,-0.837050179012456,non_sig,0.09673024836955846
CDH6,5p,-0.7867292760308364,-0.6840394519518904,non_sig,-0.102689824078946
CDH3,16q,-0.605244527940224,-0.669042394084163,non_sig,0.06379786614393901
SHANK3,22q,-0.337995971231007,-0.521849077265799,non_sig,0.183853106034792
SHANK1,19q,0.0596645392373922,-0.130328611627684,non_sig,0.1899931508650762
SHANK2,11q,0.0037684510291229,-0.197048433821067,non_sig,0.2008168848501899
CANX,5q,-0.103831040281613,0.012384223033507249,non_sig,-0.11621526331512025
CLGN,4q,-0.233343713561656,-0.151613698698027,non_sig,-0.08173001486362902
CALR,19p,-0.054821543911856604,0.045593833104046,non_sig,-0.10041537701590261
OPTN,10p,-0.222676161437611,0.0801247117577349,non_sig,-0.3028008731953459
NOMO2,16p,0.0640208348275573,0.028684096242791703,non_sig,0.0353367385847656
NOMO1,16p,0.156739041335552,0.0988641941476906,non_sig,0.0578748471878614
IRF3,19q,-0.191941842043268,-0.061743284241976,non_sig,-0.130198557801292
IRF9,14q,-0.0425746620319662,-0.158520245221504,non_sig,0.11594558318953782
IRF7,11p,-0.147149437549556,0.0492974716816372,non_sig,-0.1964469092311932
IRF8,16q,-0.369069753787939,-0.4501509905196465,non_sig,0.08108123673170753
IRF4,6p,-0.645359726573195,-0.671886535832147,non_sig,0.02652680925895201
IRF6,1q,-0.946696641691859,-0.5558925927527265,non_sig,-0.39080404893913245
IRF5,7q,-0.6242506955358835,-0.2413260939884565,non_sig,-0.382924601547427
SYNE2,14q,-0.206431698555295,0.011234415421324,non_sig,-0.217666113976619
SYNE1,6q,-0.196840405273717,-0.136665867822128,non_sig,-0.06017453745158899
ATL3,11q,-0.0153435025540672,-0.0117894351791453,non_sig,-0.0035540673749219
GBP3,1p,-0.263817554651884,0.03965251080349795,non_sig,-0.30347006545538197
ATL1,14q,-0.280944849916105,-0.18789648851073049,non_sig,-0.09304836140537454
GBP1,1p,-0.366651171784988,-0.0151549194831777,non_sig,-0.3514962523018103
GBP5,1p,0.826309389516126,-0.785827534763355,non_sig,1.612136924279481
ATL2,2p,-0.0936249051240843,-0.112364188191756,non_sig,0.018739283067671697
GBP2,1p,-0.0759520891180586,-0.176572776228853,non_sig,0.1006206871107944
ALPP,2q,-0.6336992134583475,-0.520317247456527,non_sig,-0.11338196600182049
ALPI,2q,-0.0067664845259292,-0.728686452004653,non_sig,0.7219199674787238
ALPL,1p,-0.707470136571022,-0.5366235516539806,non_sig,-0.1708465849170414
ARHGAP8,22q,-0.135105897859461,0.0615654024832978,non_sig,-0.19667130034275881
ARHGAP1,11p,-0.0926795415100976,-0.088867134022449,non_sig,-0.003812407487648592
TIMM17A,1q,0.05590274574245335,0.0014245845082838,non_sig,0.054478161234169556
CCL20,2q,-0.4830594168775555,-0.200811395452888,non_sig,-0.2822480214246675
CCL5,17q,-0.595672163467272,-0.3490306708041205,non_sig,-0.24664149266315155
CCL26,7q,-0.3288914346869575,-1.58559732164687,non_sig,1.2567058869599124
PPFIBP1,12p,-0.35929626582756746,0.0834567033040154,non_sig,-0.44275296913158285
PPFIBP2,11p,-0.5404593659701376,-0.0583563035930268,non_sig,-0.48210306237711076
CFC1,2q,-0.1847704229660551,-0.27292916404675,non_sig,0.08815874108069491
SLC25A17,22q,-0.257284503961427,-0.0289620079915245,non_sig,-0.2283224959699025
ZC3H12C,11q,-0.143711122591921,-0.0141154598906521,non_sig,-0.1295956627012689
ZC3H12A,1p,-0.180961714628011,-0.04232426793284305,non_sig,-0.13863744669516795
ZC3H12D,6q,-0.701676683886266,-0.450329534493506,non_sig,-0.25134714939276004
PPDPF,20q,-0.7697558278745815,0.0050537755704727,non_sig,-0.7748096034450542
HM13,20q,-0.39901300282637675,-0.16353254324173694,non_sig,-0.2354804595846398
SAA1,11p,-0.8778271478703961,-0.476002274269878,non_sig,-0.40182487360051805
SAA2,11p,-0.670898709737996,-0.63213280065927,non_sig,-0.03876590907872601
ERN1,17q,-0.3414703357012415,-0.0429270165310749,non_sig,-0.29854331917016663
ERN2,16p,-0.791025687932464,-0.159365769927845,non_sig,-0.631659918004619
PELI1,2p,-0.2745123200449866,-0.208344465626441,non_sig,-0.06616785441854561
PELI3,11q,-0.05845539094968635,-0.176717193826224,non_sig,0.11826180287653765
PELI2,14q,-0.13622696140933,0.0113003417180195,non_sig,-0.1475273031273495
XPNPEP3,22q,-0.1453322478778165,0.05532064950635525,non_sig,-0.20065289738417175
PEPD,19q,-0.1343070049689675,-0.0642872047505066,non_sig,-0.0700198002184609
MZT2A,2q,-0.128074914135837,0.0713215518664542,non_sig,-0.1993964660022912
DAPL1,2q,-0.01876273238120465,0.0729685137933954,non_sig,-0.09173124617460005
DAP,5p,-0.13762998590929698,-0.113098243207399,non_sig,-0.02453174270189798
NOP56,20p,-0.161165315249192,0.033943851471309405,non_sig,-0.1951091667205014
NOP58,2q,-0.0632184698621167,-0.0132689611551339,non_sig,-0.049949508706982795
RGPD5,2q,0.121176605446291,-0.019508535016054,non_sig,0.14068514046234498
RGPD2,2p,0.0518317779988484,0.0011958369701045,non_sig,0.0506359410287439
DRG1,22q,-0.06328353298456725,0.04998213049358345,non_sig,-0.1132656634781507
DRG2,17p,-0.1324294123275795,-0.06126798097433645,non_sig,-0.07116143135324304
RASSF7,11p,0.0911133236683712,0.0028103047896471,non_sig,0.0883030188787241
RASSF8,12p,-0.055711933956709446,0.0241430125925773,non_sig,-0.07985494654928675
KLHL42,12p,-0.04419393081611725,-0.0429058902982147,non_sig,-0.0012880405179025514
IPP,1p,-0.326511418740486,0.0558677329057372,non_sig,-0.3823791516462232
RPS14,5q,-0.0997491954924944,-0.0048603852620899505,non_sig,-0.09488881023040445
MRPS11,15q,0.093024390424372,-0.023281887365625302,non_sig,0.1163062777899973
SEPHS2,16p,-0.229899121018307,0.06163324625096155,non_sig,-0.29153236726926857
SEPHS1,10p,-0.24061084232304902,0.0883780884130522,non_sig,-0.32898893073610125
SLC1A3,5p,-0.4507020153359385,-0.359328059617707,non_sig,-0.09137395571823154
SLC1A1,9p,0.0016393455769857,0.1591542690882585,non_sig,-0.1575149235112728
SLC1A4,2p,-0.180667902657444,-0.11125627146735301,non_sig,-0.069411631190091
SLC1A5,19q,-0.2178531639095525,-0.111760139421808,non_sig,-0.1060930244877445
SLC1A6,19p,-0.1332374703122795,-0.397311629282191,non_sig,0.2640741589699115
ZNF689,16p,-0.13236082962303414,-0.02958999141865085,non_sig,-0.10277083820438329
ZNF688,16p,-0.07016610431332734,-0.0437355847097036,non_sig,-0.02643051960362374
ZNF574,19q,-0.2054284733677995,-0.03580905105840755,non_sig,-0.16961942230939198
ZNF747,16p,0.08248986525098495,0.0369763937207972,non_sig,0.04551347153018775
MTHFD1L,6q,-0.12326953440844984,0.06889529334699593,non_sig,-0.19216482775544577
MTHFD1,14q,-0.357949643700301,0.0572804567929707,non_sig,-0.41523010049327175
SVEP1,9q,0.9738900387909389,-0.646636915522956,non_sig,1.620526954313895
NBEAL2,3p,-0.206070195803708,-0.150324491475736,non_sig,-0.05574570432797199
NBEAL1,2q,-0.02653194793852285,-3.97662834220047e-05,non_sig,-0.026492181655100845
MAP3K5,6q,-0.0470983848320845,-0.159584507635196,non_sig,0.11248612280311149
MAP3K6,1p,-0.354540555707429,0.00708703134944615,non_sig,-0.36162758705687514
CTBS,1p,0.0238048050741814,0.0670520357067831,non_sig,-0.043247230632601705
CHI3L1,1q,-0.356636567926015,-0.38232563034051,non_sig,0.02568906241449498
PFKFB3,10p,-0.22369103416095548,-0.0091077403295124,non_sig,-0.2145832938314431
PFKFB2,1q,-0.382595510444453,-0.0675335026547884,non_sig,-0.3150620077896646
PFKFB4,3p,-0.395113665996555,-0.14782078796272902,non_sig,-0.247292878033826
MUSK,9q,-0.526772945058011,-0.475220459656483,non_sig,-0.05155248540152796
FBRS,16p,-0.0759866517730116,0.0005106187548714,non_sig,-0.07649727052788301
AUTS2,7q,-0.0036914845305216,-0.08456378830377165,non_sig,0.08087230377325005
FBRSL1,12q,0.20960595973499202,-0.0573889822432173,non_sig,0.26699494197820933
MPND,19p,0.0375669377685738,-0.0608755953619483,non_sig,0.0984425331305221
MYSM1,1p,-0.187317577306363,0.0439718601064027,non_sig,-0.2312894374127657
CHTOP,1q,-0.134472023584671,0.079680719666321,non_sig,-0.21415274325099198
CERCAM,9q,-0.2912376624893225,-0.185396039814241,non_sig,-0.10584162267508149
COLGALT1,19p,-0.1001139478175162,-0.0145059744798458,non_sig,-0.0856079733376704
ACVR2A,2q,-0.030955884601567653,-0.157495028538627,non_sig,0.12653914393705937
BMPR2,2q,-0.0520373292285666,-0.062406321639322304,non_sig,0.0103689924107557
TGFBR1,9q,-0.0786605007246851,-0.104732736667224,non_sig,0.026072235942538907
ACVR1,2q,0.01681202169325485,-0.0207499713548408,non_sig,0.037561993048095654
TGFBR2,3p,-0.1714872394171495,-0.160271445966579,non_sig,-0.0112157934505705
BMPR1A,10q,-0.190255072244119,-0.06136793475595956,non_sig,-0.12888713748815944
ACVR1B,12q,0.028488121960023052,-0.163264301474862,non_sig,0.19175242343488508
CEBPB,20q,0.232856292186351,-0.08644999295416886,non_sig,0.31930628514051984
CEBPG,19q,-0.251744726498967,0.098445713458658,non_sig,-0.350190439957625
CEBPA,19q,-0.412623348546926,-0.355987231650483,non_sig,-0.05663611689644299
CEBPE,14q,-0.9065803256886955,-0.178209117514348,non_sig,-0.7283712081743475
CEBPD,8q,0.2799100397704285,-0.07140329381970276,non_sig,0.3513133335901313
H6PD,1p,0.0203829743346184,-0.0468144764518517,non_sig,0.0671974507864701
PRUNE2,9q,-0.50242461032163,-0.393160214433596,non_sig,-0.109264395888034
BNIP2,15q,-0.242324320621734,0.0287076538769879,non_sig,-0.2710319744987219
MFN1,3q,-0.220813563811511,-0.01659811839022085,non_sig,-0.20421544542129014
MFN2,1p,-0.106735699894356,-0.0282535342096055,non_sig,-0.0784821656847505
NPW,16p,-1.217785614102905,-0.39758269889958653,non_sig,-0.8202029152033186
SNX9,6q,-0.27631582886454653,0.115336155691939,non_sig,-0.39165198455648553
SNX18,5q,-0.226845843661876,-0.07708173159433615,non_sig,-0.14976411206753984
SNX33,15q,-0.022905474233428,0.0304996206213005,non_sig,-0.053405094854728496
TAF6L,11q,-0.0335893551394997,-0.0555695643858297,non_sig,0.021980209246330006
TAF6,7q,-0.0998441859920254,0.0487205579539914,non_sig,-0.1485647439460168
SEZ6L,22q,0.1802836575911635,0.183462256459628,non_sig,-0.0031785988684644995
SEZ6L2,16p,0.017435067294900655,0.11845804838638399,non_sig,-0.10102298109148333
SEZ6,17q,-0.568615462806895,-0.5400559856536675,non_sig,-0.028559477153227486
EIF4B,12q,-0.16789067908723299,0.0364267767531105,non_sig,-0.2043174558403435
EIF4H,7q,-0.22489186596602,-0.0344852456645042,non_sig,-0.1904066203015158
PAEP,9q,-0.363474540624851,-0.456621431840962,non_sig,0.09314689121611097
FAM114A2,5q,-0.139403217755117,0.041141967386628,non_sig,-0.180545185141745
FAM114A1,4p,-0.2324048911378615,0.322547454104561,non_sig,-0.5549523452424225
NID2,14q,-0.3854566268522835,-0.44058689507708404,non_sig,0.05513026822480055
NID1,1q,-0.39800023016689,-0.332081679899578,non_sig,-0.06591855026731203
CASP5,11q,-0.1430462247740475,0.06696389211022324,non_sig,-0.21001011688427074
TRAF4,17q,-0.106736756327218,-0.0475586858385564,non_sig,-0.059178070488661604
TRAF6,11p,-0.298412322445665,0.0545448588265007,non_sig,-0.3529571812721657
NT5DC2,3p,-0.280257214802752,-0.0253406530750478,non_sig,-0.2549165617277042
SNRNP70,19q,-0.06118984951580095,0.022057512039624153,non_sig,-0.0832473615554251
SNRNP35,12q,-0.0561321233065231,-0.0484051051651812,non_sig,-0.007727018141341899
AMMECR1L,2q,-0.239405398030396,-0.0047567501793721,non_sig,-0.2346486478510239
UNC5B,10q,-0.357278594909463,-0.258851216537325,non_sig,-0.098427378372138
UNC5C,4q,-0.486914143608126,-0.3179226997044615,non_sig,-0.1689914439036645
SIRT7,17q,-0.3507928806518035,-0.01479300635665655,non_sig,-0.33599987429514694
SIRT6,19p,-0.143469729916347,0.049073374862379,non_sig,-0.192543104778726
HOOK3,8p,-0.1931526514578435,0.08471879332242785,non_sig,-0.27787144478027137
NFKB2,10q,-0.288077885534799,0.00388211303423732,non_sig,-0.2919599985690363
REL,2p,-0.398891972827351,-0.142964166526513,non_sig,-0.255927806300838
NFKB1,4q,-0.145308827870004,0.032916723706256,non_sig,-0.17822555157626
RELA,11q,-0.120922669167361,-0.01771535520968225,non_sig,-0.10320731395767875
RELB,19q,-0.1200585202065515,-0.056062261291662446,non_sig,-0.06399625891488905
HPSE,4q,-0.2598141901194865,-0.0094257157155981,non_sig,-0.2503884744038884
IRF1,5q,-0.3138669825953995,-0.0447551827839127,non_sig,-0.2691117998114868
IRF2,4q,-0.12411218297503301,-0.05671242220104765,non_sig,-0.06739976077398536
PYCR1,17q,-0.0251443710803856,-0.09846419520553809,non_sig,0.07331982412515249
PYCR2,1q,-0.151764609314756,-0.0528738114954885,non_sig,-0.09889079781926749
LSG1,3q,-0.207080691761846,-0.127717541988967,non_sig,-0.07936314977287898
GNL1,6p,-0.30479597063812447,-0.0627897254216998,non_sig,-0.24200624521642466
NELL2,12q,-0.5620116372751855,-0.2688046972356235,non_sig,-0.29320694003956205
NELL1,11p,-0.238942503847509,-0.4521683534524495,non_sig,0.21322584960494048
SP6,17q,0.168512639946539,-0.239950163247503,non_sig,0.40846280319404205
ABHD17C,15q,0.02768747243595275,-0.0977534765076008,non_sig,0.12544094894355357
LYPLAL1,1q,-0.241128635511318,-0.0081850977790936,non_sig,-0.2329435377322244
LYPLA1,8q,-0.360518806346483,-0.056788844557484355,non_sig,-0.30372996178899864
LYPLA2,1p,-0.20763615403059,-0.0874936237346999,non_sig,-0.12014253029589009
ERF,19q,-0.104614635639428,-0.0233945178190433,non_sig,-0.0812201178203847
ETV3,1q,-0.39834974841767745,0.018206470343291,non_sig,-0.41655621876096843
LSM7,19p,-0.045066815848767,0.0862364776656179,non_sig,-0.1313032935143849
SNRPG,2p,-0.0027068177476917,0.03540390208884805,non_sig,-0.03811071983653975
MDGA1,6p,0.301716466289189,-0.142894262651855,non_sig,0.44461072894104403
ZNF787,19q,-0.3775187011488145,-0.067646740566383,non_sig,-0.3098719605824315
ZNF316,7p,-0.344068384673289,-0.132463205110908,non_sig,-0.21160517956238098
MYADM,19q,-0.3992937327619005,-0.0623350909357983,non_sig,-0.3369586418261022
ZSCAN18,19q,-0.30999441898589253,-0.06842197635462616,non_sig,-0.24157244263126637
SIRT5,6p,-0.213768726522463,0.0429456486820818,non_sig,-0.2567143752045448
DDX60,4q,-0.28480544570291,-0.315399983950216,non_sig,0.030594538247306013
DDX60L,4q,-0.3103209756268655,-0.263633448749951,non_sig,-0.04668752687691452
SRD5A1,5p,-0.109048590678876,-0.1973247110719035,non_sig,0.0882761203930275
PACSIN2,22q,-0.26753225475502795,0.05853181367720535,non_sig,-0.3260640684322333
PACSIN1,6p,-0.7031591761254935,-0.635740067118628,non_sig,-0.06741910900686554
PACSIN3,11p,0.02325428430649965,-0.0042668354414006,non_sig,0.02752111974790025
ZFAND2B,2q,-0.35284810210385853,0.0091379746348197,non_sig,-0.3619860767386782
ZFAND1,8q,-0.464991228551512,-0.033412353195766,non_sig,-0.43157887535574596
LANCL2,7p,-0.38702018873774,-0.162620225624845,non_sig,-0.22439996311289503
LANCL1,2q,-0.284608977192069,-0.0438923131724331,non_sig,-0.24071666401963593
ANTXR2,4q,-0.2157350108127535,-0.0447705325068288,non_sig,-0.1709644783059247
ANTXR1,2p,0.0449116001797988,-0.117760727789306,non_sig,0.1626723279691048
KMT2C,7q,0.0133939919315704,-0.06741343711163494,non_sig,0.08080742904320534
KMT2D,12q,-0.01278536703787355,0.01791277385645615,non_sig,-0.0306981408943297
TLR2,4q,-0.2320117713884795,-0.154756683752573,non_sig,-0.0772550876359065
ERP44,9q,-0.130900054916796,0.0293389674956593,non_sig,-0.1602390224124553
SELL,1q,-1.83530895835323,-0.33826001273719,non_sig,-1.49704894561604
SELP,1q,-0.945971876060788,-0.246101083928493,non_sig,-0.6998707921322951
EZH1,17q,-0.189373206298661,-0.0114087827922242,non_sig,-0.1779644235064368
EZH2,7q,-0.0942439689897994,-0.0867629150207796,non_sig,-0.00748105396901981
ATG9A,2q,-0.184524205709463,-0.0417602842528769,non_sig,-0.14276392145658612
ATG9B,7q,-0.256721629457445,-0.0144186744994155,non_sig,-0.24230295495802948
CAPN7,3p,-0.31840388556159305,-0.04775414355996685,non_sig,-0.27064974200162617
DENND4C,9p,-0.243341988296399,0.0909171711119603,non_sig,-0.33425915940835926
DENND4A,15q,-0.194939574600922,-0.0653909268870987,non_sig,-0.1295486477138233
DENND4B,1q,-0.276899275253133,-0.117009277453234,non_sig,-0.15988999779989901
PI4K2B,4p,-0.14772556937339298,0.0295815098889455,non_sig,-0.1773070792623385
PI4K2A,10q,-0.149193512233448,-0.0072592254604342,non_sig,-0.1419342867730138
RAD54B,8q,-0.09731909188664005,-0.18886109031121,non_sig,0.09154199842456996
RAD54L,1p,-0.12487268910088249,0.111957803193978,non_sig,-0.23683049229486047
MARVELD2,5q,0.160113638795656,0.08762391346975965,non_sig,0.07248972532589634
MED13L,12q,-0.013310293296079,0.0026939260680136,non_sig,-0.0160042193640926
MED13,17q,-0.121200688591323,-0.0007843342328636,non_sig,-0.1204163543584594
GTF2H2,5q,-0.0923683096920865,0.038293738775956904,non_sig,-0.1306620484680434
RFFL,17q,-0.0881375560914673,0.170275420606,non_sig,-0.2584129766974673
RNF34,12q,-0.0451435359380693,0.0416211508911269,non_sig,-0.08676468682919619
GLB1L,2q,-0.2512567327391755,-0.131697519625645,non_sig,-0.11955921311353049
GLB1,3p,-0.101092020029854,0.051816852504028496,non_sig,-0.1529088725338825
GLB1L3,11q,-0.910680494759723,0.103252289192539,non_sig,-1.013932783952262
GLB1L2,11q,-0.585261365288572,-0.05828886016675315,non_sig,-0.5269725051218188
RETN,19p,-0.5112462410329115,-0.119663610304554,non_sig,-0.39158263072835753
FCER2,19p,-0.2687097399864545,-0.173155238509028,non_sig,-0.09555450147742647
PLA2G12A,4q,0.1266974799075745,0.2174798757552625,non_sig,-0.09078239584768802
PLA2G12B,10q,-0.2642713770038505,-0.31722777917830103,non_sig,0.05295640217445052
STK16,2q,-0.0760507987361051,0.03499279777903615,non_sig,-0.11104359651514124
AAK1,2p,-0.105182996036983,0.0294712095817437,non_sig,-0.1346542056187267
UNC45B,17q,0.817541443781583,-0.265737794223086,non_sig,1.083279238004669
UNC45A,15q,-0.140670967424976,-0.060836493367781255,non_sig,-0.07983447405719475
TUB,11p,-0.224710572951139,0.095188245540214,non_sig,-0.319898818491353
TULP3,12p,-0.195486604063916,-0.0061921027503233,non_sig,-0.18929450131359268
PTPRN2,7q,-0.22524056086566693,-0.07319725220560205,non_sig,-0.15204330866006488
SLFN5,17q,-0.293723145558226,-0.09154214279240745,non_sig,-0.20218100276581852
SLFN14,17q,-0.026059820540091,0.0322968104599787,non_sig,-0.0583566310000697
SLFN11,17q,-0.597301050888457,-0.25544342793555297,non_sig,-0.341857622952904
SLFN13,17q,-0.201503243422321,0.05643955646345495,non_sig,-0.25794279988577595
MAN2A1,5q,-0.300478687049512,0.10980660404397599,non_sig,-0.410285291093488
MAN2A2,15q,-0.0107132219320338,-0.08518098814876385,non_sig,0.07446776621673004
MAN2B1,19p,-0.2282001681640075,0.103648841412082,non_sig,-0.33184900957608954
MAN2B2,4p,0.00148281424330645,0.014510389545437,non_sig,-0.01302757530213055
KANSL1,17q,-0.10115934669427255,-0.0279837286004386,non_sig,-0.07317561809383395
KANSL1L,2q,-0.07676683963185504,0.1419836829883705,non_sig,-0.21875052262022554
STC2,5q,-0.437057161178967,-0.0797878573871869,non_sig,-0.35726930379178007
STC1,8p,-0.294255634101597,-0.211311261876112,non_sig,-0.08294437222548501
APBB2,4p,-0.0598198242344814,0.024596769748442,non_sig,-0.0844165939829234
APBB1,11p,-0.0836280459292801,0.17546897818809348,non_sig,-0.25909702411737356
ST3GAL6,3q,-0.728414557122014,-0.271587997447813,non_sig,-0.456826559674201
ST3GAL5,2p,-0.0933091872519141,-0.139941154471088,non_sig,0.046631967219173884
UBE3B,12q,-0.135022569534763,-0.0118663110564826,non_sig,-0.12315625847828039
UBE3C,7q,-0.477402198231256,-0.1454759768955495,non_sig,-0.3319262213357065
SLC26A6,3p,-0.0858588605085167,0.1635430882187895,non_sig,-0.2494019487273062
SLC26A11,17q,0.0169905827688363,0.113385452297521,non_sig,-0.0963948695286847
SLC26A2,5q,-0.33456118841904203,-0.197526354931973,non_sig,-0.13703483348706902
BMP2K,4q,-0.1104524610235535,0.0479995873208376,non_sig,-0.15845204834439108
AKIRIN2,6q,-0.241567436439697,0.0513513396796942,non_sig,-0.2929187761193912
AKIRIN1,1p,-0.0890981395178428,-0.061979647965488,non_sig,-0.027118491552354802
KIAA0319,6p,0.2624796642539595,-0.201453571450174,non_sig,0.46393323570413353
KIAA0319L,1p,-0.150014202176601,0.05940152842940501,non_sig,-0.209415730606006
SSH3,11q,-0.142724728075232,-0.00798706717024115,non_sig,-0.13473766090499087
KIF26B,1q,-0.1972763508414025,-0.161952516715713,non_sig,-0.035323834125689485
KIF26A,14q,-0.10162390599857285,0.0560070517237465,non_sig,-0.15763095772231936
IQSEC1,3p,-0.2372260016787125,0.0134045820681171,non_sig,-0.2506305837468296
DOK3,5q,-0.6441367039113105,-0.62324945696566,non_sig,-0.020887246945650473
DOK2,8p,-0.805116808498594,-0.840881366967733,non_sig,0.03576455846913895
DOK1,2p,-0.578522339464252,0.0289328391854011,non_sig,-0.6074551786496531
POLR3K,16p,-0.0885312591665801,0.0644662772671886,non_sig,-0.15299753643376868
RPS23,5q,-0.165435996984201,0.02852733573009695,non_sig,-0.19396333271429794
MRPS12,19q,-0.107354016259254,-0.0342803966258359,non_sig,-0.0730736196334181
ZNF608,5q,-0.296707736954601,-0.10322710991147499,non_sig,-0.19348062704312602
ZNF609,15q,-0.218964900742765,0.0493793602139275,non_sig,-0.2683442609566925
PPID,4q,-0.09619074264557964,0.12016284930603649,non_sig,-0.21635359195161613
PPIE,1p,-0.0327138309489541,0.0151826868348352,non_sig,-0.047896517783789304
NKTR,3p,-0.003385088971438,-0.0430213497748897,non_sig,0.0396362608034517
PPIG,2q,-0.101406965841858,0.0175836376550428,non_sig,-0.1189906034969008
CWC27,5q,-0.105413919167106,0.06017437929766355,non_sig,-0.16558829846476955
POC1A,3p,-0.330408763022005,-0.00512469244755365,non_sig,-0.32528407057445136
PAFAH1B1,17p,-0.246207471374467,0.01844134503135525,non_sig,-0.2646488164058223
RSRC2,12q,-0.1818294562582965,0.00029028094197595033,non_sig,-0.18211973720027244
TRIM39,6p,0.0430796633237516,-0.0806455893731407,non_sig,0.1237252526968923
PKD2,4q,-0.0899510167910324,0.0100461996558152,non_sig,-0.0999972164468476
NR4A3,9q,-0.39508268510397704,-0.146114498433847,non_sig,-0.24896818667013004
NR4A1,12q,-0.24193484240644825,-0.6803894220397,non_sig,0.43845457963325174
BTF3L4,1p,-0.237667871498088,0.00133198065905695,non_sig,-0.23899985215714495
BTF3,5q,-0.104631462344989,0.021453194911867847,non_sig,-0.12608465725685686
ATF6B,6p,-0.182492262414032,0.02298482800769,non_sig,-0.205477090421722
ATF6,1q,-0.167276978869106,0.0306493395251203,non_sig,-0.1979263183942263
PPT2,6p,-0.3177510821543985,-0.0868199556399244,non_sig,-0.23093112651447412
PPT1,1p,-0.023710127637164,0.039630818951022495,non_sig,-0.0633409465881865
HIP1R,12q,-0.169150916162437,-0.04461967987633955,non_sig,-0.12453123628609744
HIP1,7q,-0.402908803740495,-0.013901773563694349,non_sig,-0.3890070301768006
ARHGEF5,7q,0.11511663114082285,-0.0394134389850522,non_sig,0.15453007012587505
IFITM2,11p,-1.0496529988344934,-0.558044657590246,non_sig,-0.49160834124424735
IFITM3,11p,-0.1002560873267213,-0.4185287803550755,non_sig,0.3182726930283542
FMO4,1q,0.03572677416421799,-0.0301084743268493,non_sig,0.06583524849106728
FMO3,1q,1.0698684552418185,-0.412019481368386,non_sig,1.4818879366102045
FMO5,1q,-0.551607037911016,-0.160488207500126,non_sig,-0.39111883041088996
CYTIP,2q,-0.2560098112974918,-0.225118393521884,non_sig,-0.030891417775607777
AGPAT1,6p,-0.30868806021095,-0.01649068879407105,non_sig,-0.29219737141687896
AGPAT2,9q,0.02094660135798615,-0.0620297613912739,non_sig,0.08297636274926004
PSMD6,3p,-0.112880184661753,0.026713013110273902,non_sig,-0.1395931977720269
GPS1,17q,-0.163657921906758,-0.051639946058281955,non_sig,-0.11201797584847606
TK2,16q,-0.0572606812326365,0.07490947122273985,non_sig,-0.13217015245537633
DGUOK,2p,-0.132187510664312,0.0220465331406547,non_sig,-0.1542340438049667
DCK,4q,-0.3827457149477995,0.0750016227864242,non_sig,-0.4577473377342237
STAB1,3p,-0.515498859879018,0.5286759859745165,non_sig,-1.0441748458535345
LMBR1,7q,-0.377664645703576,-0.1288388379314385,non_sig,-0.2488258077721375
RPL13A,19q,0.058772095658843046,0.01818904189608585,non_sig,0.0405830537627572
MRPL13,8q,0.0893375648950605,0.01169976077074235,non_sig,0.07763780412431816
ZNF564,19p,-0.156479296627007,0.0978424590703182,non_sig,-0.2543217556973252
SNX17,2p,-0.290453748903315,-0.07935097136319826,non_sig,-0.21110277754011675
SNX27,1q,-0.0970959593184524,-0.0610117310576905,non_sig,-0.0360842282607619
ZNF791,19p,-0.0766958996824721,0.187706560270868,non_sig,-0.2644024599533401
ZNF709,19p,0.10486356789865454,-0.2733249929540575,non_sig,0.378188560852712
ZNF823,19p,-0.2507490324177435,0.1809300868353016,non_sig,-0.4316791192530451
ZNF433,19p,-0.12145087641767585,-0.016533151431722,non_sig,-0.10491772498595385
LRIG1,3p,-0.152562036322042,-0.143910999655147,non_sig,-0.008651036666894985
LRIG2,1p,-0.25674063216022047,-0.0202630446951931,non_sig,-0.23647758746502737
LRIG3,12q,0.160947038919839,-0.0778860191970934,non_sig,0.2388330581169324
ZNF513,2p,-0.09419526885479124,-0.0068614575221157496,non_sig,-0.08733381133267548
ACTN3,11q,-0.114954992938445,-0.209152065994187,non_sig,0.09419707305574201
ACTN2,1q,0.2640560835444,-0.0918374804911784,non_sig,0.3558935640355784
ACTN1,14q,-0.005370989197915996,-0.16500680126888645,non_sig,0.15963581207097044
ACTN4,19q,-0.0985730359757236,-0.03520838837131611,non_sig,-0.06336464760440749
FLOT1,6p,0.02451084656811245,-0.05197935061146735,non_sig,0.0764901971795798
FLOT2,17q,0.0066457703821948,-0.0035862692126709,non_sig,0.0102320395948657
NRBP1,2p,-0.114425575047005,0.0031955913220650498,non_sig,-0.11762116636907005
NRBP2,8q,-0.421869961362971,-0.194334259837431,non_sig,-0.22753570152554
AMZ2,17q,-0.348020061143785,-0.08211527204412775,non_sig,-0.2659047890996572
SLC39A13,11p,-0.185185590126967,0.0035281770751479,non_sig,-0.1887137672021149
SLC39A7,6p,0.10047276357087201,0.0786708238896957,non_sig,0.021801939681176302
PLG,6q,-0.35591111749398696,-0.1454842235277865,non_sig,-0.21042689396620046
PLAT,8p,-0.335174660726271,-0.694256144829063,non_sig,0.35908148410279195
KRTCAP3,2p,-0.264741801872013,-0.289070094576573,non_sig,0.024328292704559995
TMEM54,1p,-0.1552138859282505,0.148037685168936,non_sig,-0.3032515710971865
TCP11L1,11p,-0.29753692373338203,-0.0204062604101001,non_sig,-0.27713066332328196
TCP11L2,12q,-0.311298515066006,-0.162541822115103,non_sig,-0.14875669295090296
CASKIN2,17q,-0.0383605460610753,-0.0159895219360807,non_sig,-0.0223710241249946
CASKIN1,16p,0.0384725877966933,0.0051625251489197,non_sig,0.0333100626477736
HOOK2,19p,-0.10168175108086175,0.0133699483120956,non_sig,-0.11505169939295735
HOOK1,1p,0.367671291802872,0.032889136009751255,non_sig,0.33478215579312076
PLA2G4A,1q,-0.515391817042667,-0.488020908782746,non_sig,-0.027370908259921
PLA2G4F,15q,-0.609239172390129,-0.43918416656880954,non_sig,-0.1700550058213195
SLC22A23,6p,-0.284766109355017,0.09903288504668994,non_sig,-0.38379899440170695
SLC22A17,14q,-0.5251586182419494,-0.0214399236300091,non_sig,-0.5037186946119403
SHCBP1,16q,-0.165410868591147,-0.0919748419957549,non_sig,-0.07343602659539211
ZNF213,16p,-0.3777099367868685,0.177012239866055,non_sig,-0.5547221766529234
LLGL2,17q,0.0457330816439017,-0.23587861084470652,non_sig,0.28161169248860823
LLGL1,17p,-0.244912219327586,0.09509149502213404,non_sig,-0.34000371434972004
STXBP5L,3q,-0.22468296656033748,-0.256759837399535,non_sig,0.032076870839197524
STXBP5,6q,-0.403430045691271,-0.0156963564104977,non_sig,-0.3877336892807733
DEF8,16q,-0.109509400342932,0.0132384150084549,non_sig,-0.1227478153513869
MUC17,7q,-0.16136722706619905,-0.3280648406850985,non_sig,0.16669761361889945
LPGAT1,1q,-0.297529538614863,-0.141479515808544,non_sig,-0.15605002280631897
EPHX2,8p,-0.43111184608582953,0.242107889359963,non_sig,-0.6732197354457925
TNFRSF9,1p,-0.31480869035428,-1.06947442172697,non_sig,0.7546657313726901
CD27,12p,-1.385111977660055,-1.06093491450274,non_sig,-0.32417706315731487
PTPMT1,11p,-0.1363447729394955,-0.04645932276190655,non_sig,-0.08988545017758896
SHKBP1,19q,-0.15769806467619552,-0.073071670692807,non_sig,-0.08462639398338852
KCTD3,1q,-0.03780096283819545,-0.060600423467332,non_sig,0.02279946062913655
HOXB7,17q,0.29786172806093597,0.0462344308897431,non_sig,0.25162729717119287
HOXC4,12q,-0.38068853049523,-0.0229302348718838,non_sig,-0.3577582956233462
HOXB6,17q,-0.7645935436129465,-0.54075325704631,non_sig,-0.22384028656663646
HOXB8,17q,-0.5998662598371536,-0.472638195510786,non_sig,-0.12722806432636757
HOXB4,17q,-0.48995388302785,0.0558153901785554,non_sig,-0.5457692732064053
COL12A1,6q,-0.3038979864561105,-0.619008595366186,non_sig,0.31511060891007553
COL14A1,8q,-0.17668636936516502,-0.576105365644413,non_sig,0.39941899627924793
TATDN3,1q,-0.3896314042754845,-0.0543323872930799,non_sig,-0.3352990169824046
TATDN1,8q,-0.121817869857416,-0.110470288149807,non_sig,-0.011347581707608995
HOXA3,7p,-1.00475877568705,-0.06886325603264445,non_sig,-0.9358955196544055
TAPBPL,12p,-0.0021218825509604,-0.02574307096426285,non_sig,0.02362118841330245
TAPBP,6p,-0.0965718570927101,0.04819754068815705,non_sig,-0.14476939778086714
HOXA11,7p,-0.252315885346578,-0.250991035294562,non_sig,-0.0013248500520159912
HOXB13,17q,-0.721460777008349,-0.039045111396471696,non_sig,-0.6824156656118773
HOXD13,2q,-0.34515757700169153,-0.230580696953549,non_sig,-0.11457688004814254
HOXC13,12q,-0.334458286634308,-0.01307301218688325,non_sig,-0.32138527444742476
HOXD11,2q,0.811799564933434,-1.51541685905491,non_sig,2.327216423988344
HOXB9,17q,-0.677089352381745,-0.3338386392482865,non_sig,-0.34325071313345845
HOXC11,12q,-0.9810744857661156,-0.0515790922334403,non_sig,-0.9294953935326753
HOXA13,7p,-1.32255330729386,-0.216434723865503,non_sig,-1.1061185834283571
CD9,12p,0.191138513711311,0.249074259030093,non_sig,-0.05793574531878201
CD53,1p,-0.342823026180672,-0.494883280995734,non_sig,0.15206025481506197
CD81,11p,-0.2898495879664925,0.020538015115771,non_sig,-0.31038760308226354
NSUN5,7q,-0.255645167718441,0.0171172213557526,non_sig,-0.2727623890741936
NOP2,12p,-0.273186614519471,0.0568744073833617,non_sig,-0.3300610219028327
CD2AP,6p,-0.19109175378512,0.041441018165249005,non_sig,-0.232532771950369
PGM2L1,11q,-0.2988014707092095,-0.186716419230819,non_sig,-0.11208505147839048
PGM2,4p,-0.521449058618057,0.0427607069703764,non_sig,-0.5642097655884334
STAT5A,17q,-0.489946726243476,-0.282101498317811,non_sig,-0.207845227925665
STAT5B,17q,-0.5395959752693645,-0.1009142830599519,non_sig,-0.43868169220941267
STAT6,12q,-0.2537545643916005,0.0273262513411428,non_sig,-0.2810808157327433
STAT1,2q,-0.208549407753278,-0.161670518581145,non_sig,-0.04687888917213298
STAT2,12q,-0.1318397507696625,-0.1143161333691515,non_sig,-0.017523617400511005
STAT3,17q,-0.370805342069842,-0.037068487099814154,non_sig,-0.33373685497002786
MGST3,1q,-0.137818297354738,0.0972961380410488,non_sig,-0.2351144353957868
ATP6V1A,3q,-0.160427761902245,-0.0525586450214562,non_sig,-0.1078691168807888
PTGES3,12q,-0.1322174767628386,0.01686655849087225,non_sig,-0.14908403525371083
RCC1,1p,-0.0575015951585336,-0.027006497126137653,non_sig,-0.030495098032395945
TSN,2q,-0.351463180496864,-0.0323584175974291,non_sig,-0.3191047628994349
TSNAX,1q,-0.20068966267893,-0.0880553513736076,non_sig,-0.1126343113053224
NUMBL,19q,-0.12221740525156949,-0.0373110228504567,non_sig,-0.08490638240111278
NUMB,14q,-0.109620269106768,0.0522987695988474,non_sig,-0.16191903870561541
TMEM30A,6q,0.0405235427350252,-0.0189045973639374,non_sig,0.059428140098962606
TMEM30B,14q,-0.60851846388504,-0.1087909616126169,non_sig,-0.49972750227242313
UNC13B,9p,-0.0294412624350549,0.03292398574626795,non_sig,-0.06236524818132286
UNC13A,19p,-0.188866211454213,0.0728655113601625,non_sig,-0.2617317228143755
UNC13C,15q,-0.06283229556825425,-0.0259102279171625,non_sig,-0.036922067651091746
NACA,12q,-0.051889725957701194,0.040882904657740596,non_sig,-0.09277263061544179
ARHGEF10L,1p,0.0007245093390682,-0.259781376852276,non_sig,0.2605058861913442
ARHGEF10,8p,-0.1290374773807965,0.0899806311023919,non_sig,-0.2190181084831884
TAX1BP1,7p,-0.5005101737532882,-0.193439765158094,non_sig,-0.3070704085951942
CALCOCO1,12q,-0.06624698792508446,-0.07800873486903676,non_sig,0.011761746943952295
CALCOCO2,17q,-0.188260204244387,-0.02678367841757985,non_sig,-0.16147652582680716
IL17RC,3p,0.8860489946048951,0.189722720538716,non_sig,0.6963262740661791
NOS1AP,1q,-0.400295742266985,-0.0503006655307782,non_sig,-0.3499950767362068
LDLRAP1,1p,-0.14189187148815652,-0.12345072039635599,non_sig,-0.01844115109180053
ANGEL1,14q,-0.347158093491991,-0.1049738287443239,non_sig,-0.2421842647476671
BCL7C,16p,-0.0377974981067252,-0.02352441539485535,non_sig,-0.014273082711869847
BCL7B,7q,-0.1706262001471625,0.0141619901001575,non_sig,-0.18478819024732002
BCL7A,12q,-0.04931264544822005,-0.02783451552454415,non_sig,-0.021478129923675898
TNPO1,5q,-0.229059353770361,-0.04135584669381525,non_sig,-0.18770350707654573
TNPO2,19p,-0.370724902830875,0.0347675650054234,non_sig,-0.4054924678362984
SNX15,11q,-0.0789883527098364,-0.010012782020562,non_sig,-0.0689755706892744
LMTK3,19q,0.058072832632967,-0.0902460475880613,non_sig,0.1483188802210283
TNPO3,7q,-0.450312599539648,-0.1296456405476045,non_sig,-0.32066695899204345
IPO13,1p,-0.25080403315314953,-0.0073943492849297,non_sig,-0.24340968386821982
GNPDA2,4p,-0.40908214720880254,0.2646950107407195,non_sig,-0.673777157949522
GNPDA1,5q,-0.344844417544282,-0.06607066794731305,non_sig,-0.278773749596969
GALK1,17q,-0.154876632172603,-0.0845220018694266,non_sig,-0.0703546303031764
GALK2,15q,-0.341437273012112,-0.05904048494989925,non_sig,-0.2823967880622128
MVK,12q,-0.1698625649199625,-0.156363929121686,non_sig,-0.013498635798276482
IL27RA,19p,-0.0493410366415217,-0.0423294047190325,non_sig,-0.0070116319224892
TNRC18,7p,-0.1677011727087135,-0.0480941846259084,non_sig,-0.1196069880828051
BAHCC1,17q,0.134042234649574,0.201554569103657,non_sig,-0.067512334454083
WDR37,10p,-0.21804056647495001,0.0386055095934636,non_sig,-0.2566460760684136
WDR12,2q,0.0105850835342809,-0.0122381130917033,non_sig,0.0228231966259842
ASF1B,19p,-0.186832395742078,-0.0537793480655093,non_sig,-0.1330530476765687
ASF1A,6q,-0.39373605779889753,0.03562071876337025,non_sig,-0.4293567765622678
CACNB2,10p,-0.08259666992333894,0.188432169821483,non_sig,-0.27102883974482195
CACNB3,12q,-0.130378448193631,0.0270719282038681,non_sig,-0.15745037639749912
FAM161A,2p,-0.382646850315307,0.02540482570654315,non_sig,-0.4080516760218501
ARNT,1q,-0.167670015521465,-0.0706746804995946,non_sig,-0.09699533502187038
ARNT2,15q,0.0162783287298623,-0.1741621349217665,non_sig,0.19044046365162878
COPZ1,12q,-0.0574677357367415,0.0144440921561832,non_sig,-0.0719118278929247
COPZ2,17q,-0.468681934948415,-0.31719385788191745,non_sig,-0.15148807706649753
TXLNA,1p,-0.263859661927863,0.06766164516550366,non_sig,-0.33152130709336664
TXLNB,6q,0.449569586270838,0.18049900966076,non_sig,0.269070576610078
GP2,16p,-0.480999281751608,0.1943360909751285,non_sig,-0.6753353727267365
OIT3,10q,0.144787466641693,-0.7398154126018546,non_sig,0.8846028792435476
TRIM25,17q,-0.0721975730170783,0.00057531845966315,non_sig,-0.07277289147674144
TRIM21,11p,-0.40169428235196447,0.0605654829007764,non_sig,-0.4622597652527409
EHBP1,2p,0.0367249924684175,-0.07119203406722294,non_sig,0.10791702653564043
EHBP1L1,11q,0.05766913630096129,-0.018101523852310453,non_sig,0.07577066015327175
NEUROD1,2q,-0.488662622099923,-0.303932039323446,non_sig,-0.18473058277647703
TRA2A,7p,-0.1603933205367655,-0.11588971251883,non_sig,-0.0445036080179355
TRA2B,3q,-0.18050985029247,-0.02364488259311525,non_sig,-0.15686496769935473
ADH7,4q,-0.53917815500642,-0.5376474776711985,non_sig,-0.0015306773352214975
ADH4,4q,-0.3367069525490345,-0.478144805102798,non_sig,0.1414378525537635
ADH6,4q,-0.6434177284432521,-0.465565990229961,non_sig,-0.1778517382132911
FN3KRP,17q,-0.288952541718825,-0.04574812475202154,non_sig,-0.24320441696680345
FN3K,17q,-0.289638660466732,0.00940576441027695,non_sig,-0.29904442487700894
FCGBP,19q,-0.425901028719662,-0.334923072520936,non_sig,-0.090977956198726
AMIGO2,12q,-0.141661079619159,-0.135222671063279,non_sig,-0.0064384085558799875
GMPPB,3p,-0.243659297232831,0.07613421708135334,non_sig,-0.31979351431418435
GMPPA,2q,-0.103212279455785,-0.0646924757568439,non_sig,-0.03851980369894109
GAPDH,12p,-0.218290582336324,0.0395793943739621,non_sig,-0.2578699767102861
GAPDHS,19q,-0.1567410066224575,0.029807434818593548,non_sig,-0.18654844144105104
ARHGEF28,5q,-0.4601979447097505,-0.06698011173984775,non_sig,-0.39321783296990276
ARHGEF2,1q,-0.397816516685701,-0.11569794069308,non_sig,-0.282118575992621
ARHGEF18,19p,-0.23018903240182348,0.036355796079988,non_sig,-0.2665448284818115
STON1,2p,-0.164612770841217,-0.16102678634595052,non_sig,-0.003585984495266481
STON2,14q,-0.133757794149671,-0.239629981138588,non_sig,0.10587218698891698
CERS6,2q,-0.1416537636955777,0.006463104708301,non_sig,-0.1481168684038787
CERS5,12q,0.0196288935552981,-0.08181598834743645,non_sig,0.10144488190273454
CERS4,19p,-0.1436209263759975,0.014295359168538265,non_sig,-0.15791628554453577
CERS2,1q,-0.116865459658392,-0.0445481257409641,non_sig,-0.0723173339174279
CERS1,19p,-0.2088028225643585,-0.0179626284594921,non_sig,-0.1908401941048664
KLHDC2,14q,-0.0731440189328448,0.0537979986526685,non_sig,-0.12694201758551332
SGTA,19p,-0.2429607470316015,0.222719197930866,non_sig,-0.4656799449624675
SGTB,5q,-0.522603033217524,0.171624360282192,non_sig,-0.694227393499716
MS4A1,11q,-0.621475395456992,-0.4914348268339005,non_sig,-0.13004056862309155
ZNF281,1q,-0.076391211638126,-0.000891667005854,non_sig,-0.075499544632272
ZNF148,3q,-0.571439514380788,-0.0238801774762408,non_sig,-0.5475593369045472
DMXL1,5q,-0.249802221278745,-0.013889858969718252,non_sig,-0.23591236230902674
DMXL2,15q,-0.294842531416619,-0.0323796816222305,non_sig,-0.2624628497943885
C5,9q,-0.2935734680038915,-0.160056040955535,non_sig,-0.1335174270483565
PCDHB8,5q,-0.388057545778571,-0.02864270477456245,non_sig,-0.35941484100400856
PCDHB2,5q,-0.148071713123403,0.09073054549344911,non_sig,-0.23880225861685211
PCDHB16,5q,0.4993036313182685,-0.733651289560966,non_sig,1.2329549208792345
PCDHB5,5q,-0.427563415784666,-0.555388285495923,non_sig,0.127824869711257
PCDHB13,5q,0.823763380749881,-0.2362391059812335,non_sig,1.0600024867311144
PCDHB6,5q,-0.740020694405681,-0.296762133685315,non_sig,-0.44325856072036596
PCDHB11,5q,0.0053326702892185,-0.26436499542257397,non_sig,0.2696976657117925
PCDHB4,5q,-0.282133366991223,-0.3732445977626675,non_sig,0.0911112307714445
PCDHB14,5q,0.254994876701056,-0.4244260917286285,non_sig,0.6794209684296845
PCDHB7,5q,-0.31106103194391,-0.326176444721794,non_sig,0.01511541277788403
LRRC58,3q,-0.75639433777671,-0.2612094247353205,non_sig,-0.49518491304138945
TRIM71,3p,-0.241940085001303,-0.1849418435062205,non_sig,-0.05699824149508251
TRIM2,4q,-0.225441689450607,-0.1490193604201845,non_sig,-0.07642232903042251
TRIM3,11p,-0.268514597457996,0.172351578579611,non_sig,-0.440866176037607
TACC3,4p,-0.3529614886382745,0.103751871526433,non_sig,-0.4567133601647075
DYNC1I2,2q,-0.018489811815680005,0.0996701498984703,non_sig,-0.1181599617141503
DYNC1I1,7q,0.0547442540476037,0.139251082616765,non_sig,-0.08450682856916131
MCCC2,5q,-0.16787038298714,0.0771822230297045,non_sig,-0.24505260601684448
PCCB,3q,0.127596509540943,-0.013049774124119801,non_sig,0.14064628366506282
POM121,7q,0.0154238479688655,-0.01034067131790325,non_sig,0.025764519286768747
TRIML2,4q,-0.225220652666577,0.01949206576430365,non_sig,-0.24471271843088066
TRIM41,5q,-0.0203299197287884,0.0125375342809303,non_sig,-0.0328674540097187
TRIM11,1q,0.292526670594578,-0.0286857411731172,non_sig,0.32121241176769516
TRIM26,6p,-0.248832877314461,-0.0269436199058839,non_sig,-0.2218892574085771
TRIM58,1q,-0.076124581249162,-0.35850889832342303,non_sig,0.28238431707426104
SH3BP5L,1q,-0.253563302270567,-0.0503439521502615,non_sig,-0.2032193501203055
SH3BP5,3p,-0.17002658751566002,0.0698331554533013,non_sig,-0.23985974296896131
GTF2IRD1,7q,-0.0687825880821315,-0.0582180463959233,non_sig,-0.010564541686208205
GTF2I,7q,-0.265378370807877,-0.0278387919764879,non_sig,-0.23753957883138913
SMYD5,2p,-0.347547817893498,-0.0849822167975046,non_sig,-0.26256560109599336
ZBED4,22q,-0.301188680502234,-0.0541079484145159,non_sig,-0.24708073208771814
ZBED6,1q,-0.115977188984722,-0.07611283428805554,non_sig,-0.03986435469666645
ALG12,22q,-0.151798010098896,-0.0083385757433757,non_sig,-0.1434594343555203
PIGB,15q,-0.0743748754023857,0.0703239132715942,non_sig,-0.1446987886739799
CRELD2,22q,-0.2454203099478205,0.2543372025166345,non_sig,-0.499757512464455
CRELD1,3p,-0.0584149778483767,0.1058242159480986,non_sig,-0.1642391937964753
SLC36A4,11q,-0.408382653916526,-0.341146562056161,non_sig,-0.067236091860365
SLC36A1,5q,-0.2800001153443816,-0.0772084872049471,non_sig,-0.20279162813943447
QTRT1,19p,-0.2452358389388275,0.071067037533078,non_sig,-0.31630287647190547
TIFA,4q,-0.456841440827437,-0.157399400708739,non_sig,-0.299442040118698
PUS3,11q,-0.322085616420531,-0.0083742422840669,non_sig,-0.3137113741364641
PUS1,12q,-0.2742511121610215,-0.01088935288061175,non_sig,-0.2633617592804097
RYK,3q,-0.39361217415874,-0.0042392212767446,non_sig,-0.3893729528819954
RET,10q,-0.2445095894799515,-0.240952832941006,non_sig,-0.0035567565389454936
TMEM120A,7q,-0.48127912275556,-0.07941393385605505,non_sig,-0.40186518889950495
TMEM120B,12q,-0.153133678736583,0.0355482009274901,non_sig,-0.18868187966407313
YAF2,12q,-0.0819957101858477,-0.0780851410306722,non_sig,-0.0039105691551755
RYBP,3p,-0.208428103909202,0.03128801955786585,non_sig,-0.23971612346706783
ATF4,22q,0.12398126951454899,0.293645135735784,non_sig,-0.169663866221235
ATF5,19q,-0.764357825163596,-0.433811216559985,non_sig,-0.33054660860361096
PSMB3,17q,-0.0397223994381764,-0.0398180725393267,non_sig,9.567310115029398e-05
IDH1,2q,-0.398020758132781,-0.0084081547809446,non_sig,-0.3896126033518364
IDH2,15q,-0.0848495891478996,0.02066081724126925,non_sig,-0.10551040638916885
RPUSD4,11q,-0.172866417018753,-0.0215323289685765,non_sig,-0.1513340880501765
RPUSD3,3p,-0.124303958610702,0.03518404415698405,non_sig,-0.15948800276768604
CHMP2B,3p,-0.187674299630008,0.01461969842512345,non_sig,-0.20229399805513146
CHMP3,2p,-0.0430265324515797,-0.0481914949217874,non_sig,0.005164962470207694
MDH2,7q,-0.191825886405846,-0.03107592822351705,non_sig,-0.16074995818232896
LDHB,12p,-0.459994510409632,0.0658185567067149,non_sig,-0.5258130671163469
LDHA,11p,-0.45515490592456154,0.0109311556438169,non_sig,-0.46608606156837845
LDHAL6B,15q,-0.852980586684817,0.152771594222248,non_sig,-1.005752180907065
LRRC40,1p,-0.426046094306237,-0.02422227299212005,non_sig,-0.401823821314117
ANKRD13C,1p,-0.280456235883322,-0.03980801722489685,non_sig,-0.24064821865842517
ANKRD13D,11q,-0.0864567295869588,-0.118542365994785,non_sig,0.032085636407826204
ANKRD13A,12q,-0.07785707801546404,-0.137997979538337,non_sig,0.060140901522872964
ANKRD13B,17q,0.33622049511494,0.06779556831615785,non_sig,0.26842492679878216
EXOC3L4,14q,0.0459540526142589,-0.271425834966465,non_sig,0.3173798875807239
TNFAIP2,14q,-0.192284376416306,-0.370839956950525,non_sig,0.17855558053421902
GSK3A,19q,-0.1813798526199635,-0.0017837211314480502,non_sig,-0.17959613148851544
GSK3B,3q,-0.187215730576658,-0.05774097780604105,non_sig,-0.12947475277061693
MYO7B,2q,-0.476689787654105,-0.267706003498039,non_sig,-0.208983784156066
EME1,17q,0.0127744150981417,0.0330177123536946,non_sig,-0.0202432972555529
INPP5F,10q,-0.342508386315587,-0.22009069892432148,non_sig,-0.12241768739126552
IFFO1,12p,0.0243858335396577,-0.0324239604029924,non_sig,0.056809793942650094
IFFO2,1p,0.0493276804685523,0.12485351133137801,non_sig,-0.07552583086282572
SLC15A4,12q,-0.0723934605960185,-0.04412539181982885,non_sig,-0.028268068776189655
ZNF526,19q,-0.291100845217292,0.161213250221515,non_sig,-0.452314095438807
ZNF594,17p,0.0330891520519594,0.0105501933379923,non_sig,0.0225389587139671
DEDD,1q,-0.0719152283174314,-0.052624384006943054,non_sig,-0.019290844310488345
BRD9,5p,-0.059348491428056,-0.17047179871074,non_sig,0.111123307282684
BRD7,16q,-0.0402370437069429,0.042346338137327105,non_sig,-0.08258338184427
ART3,4q,1.9742437532283001,-0.825639543908803,non_sig,2.7998832971371033
FOXP1,3p,-0.08239341136454975,0.05398470240442715,non_sig,-0.1363781137689769
SEC23IP,10q,-0.170257705848609,0.06666325774353694,non_sig,-0.23692096359214593
DDHD2,8p,-0.410765093882885,-0.059166172958151506,non_sig,-0.3515989209247335
DDHD1,14q,-0.236530370051049,0.03649915425347215,non_sig,-0.27302952430452115
PRKAB1,12q,-0.1087467624793126,0.01318437355496235,non_sig,-0.12193113603427495
PRKAB2,1q,0.0964041727546639,0.0274232431980881,non_sig,0.0689809295565758
FCRL3,1q,-0.825240742780181,-0.031097456060613704,non_sig,-0.7941432867195672
FCRLA,1q,-0.649277929088787,-0.562746284600145,non_sig,-0.08653164448864203
FCGR1A,1q,0.13667899457750898,-0.91240682919461,non_sig,1.049085823772119
MLF2,12p,-0.382313057193044,0.0609835170212535,non_sig,-0.44329657421429747
MLF1,3q,-0.19496270350310402,-0.0766191683645139,non_sig,-0.11834353513859011
NOXO1,16p,-0.32283323339451,-0.305817020626295,non_sig,-0.017016212768214967
SLAMF7,1q,0.522062591274957,-0.6365415198920045,non_sig,1.1586041111669614
MTAP,9p,-0.267616008033304,0.5030764987851261,non_sig,-0.77069250681843
PNP,14q,-0.30937970812042,-0.0392413474550242,non_sig,-0.27013836066539576
ANK3,10q,0.04101352984526975,0.02335637188517345,non_sig,0.0176571579600963
ANK1,8p,-0.512083489934341,-0.59773663968463,non_sig,0.08565314975028893
ANK2,4q,-0.281742735007192,-0.2452978597586445,non_sig,-0.036444875248547504
SLAMF6,1q,-1.43752859710505,-0.34480358977665204,non_sig,-1.092725007328398
PHB2,12p,-0.240595310675515,-0.0261687533092424,non_sig,-0.2144265573662726
CDKN2A,9p,-0.542230674715671,-0.34000542209704826,non_sig,-0.20222525261862273
CDKN2B,9p,-0.02978775025851705,0.0201583292695912,non_sig,-0.04994607952810825
STXBP6,14q,-0.0349261080587233,-0.335489244014216,non_sig,0.30056313595549267
EXOC1,4q,-0.0637570271280772,-0.027813537987805552,non_sig,-0.035943489140271644
RUSC2,9p,-0.0193908141447883,-0.217472835746992,non_sig,0.1980820216022037
RUSC1,1q,-0.110644954528868,-0.0513330396865226,non_sig,-0.059311914842345395
NFYB,12q,-0.051935797966914346,-0.0201237535185347,non_sig,-0.03181204444837965
DR1,1p,-0.180907307036857,0.0453088717743112,non_sig,-0.2262161788111682
HECTD1,14q,-0.0545158295199977,-0.139789405786747,non_sig,0.0852735762667493
TRIP12,2q,-0.084605243716031,-0.006146200334287251,non_sig,-0.07845904338174374
RNFT2,12q,0.13979056285468,0.0211896949159885,non_sig,0.1186008679386915
RNFT1,17q,-0.45768508895096277,0.0811874862999098,non_sig,-0.5388725752508725
NQO2,6p,-0.507339609493916,0.0677475582128985,non_sig,-0.5750871677068145
NQO1,16q,-0.530052238427852,-0.0103811491148319,non_sig,-0.5196710893130201
INSL4,9p,-0.004310778687635051,-0.0584677580517416,non_sig,0.054156979364106544
CITED2,6q,0.025724305940537,0.21293650260771751,non_sig,-0.18721219666718053
CD274,9p,0.00870317022971835,-0.429225078405529,non_sig,0.4379282486352473
PDCD1LG2,9p,0.266974307395634,-0.8513776658337244,non_sig,1.1183519732293585
MRFAP1,4p,-0.1110601518840485,-0.0064538867517624,non_sig,-0.1046062651322861
CNOT2,12q,-0.0222873560513903,0.056337945579648496,non_sig,-0.0786253016310388
CNOT3,19q,-0.10955112529378999,0.028939153351034898,non_sig,-0.13849027864482488
POC1B,12q,-0.199712281978121,-0.0528532520528139,non_sig,-0.14685902992530708
SNRNP40,1p,-0.0193795874699686,-0.0181712992754665,non_sig,-0.0012082881945021003
THBS2,6q,-0.1647443018413115,-0.502868390865879,non_sig,0.3381240890245675
THBS1,15q,-0.0529298698299532,-0.5531464884986255,non_sig,0.5002166186686723
THBS3,1q,-0.147072037694289,-0.329811228826986,non_sig,0.182739191132697
THBS4,5q,-0.108004436864725,-0.435944347497376,non_sig,0.327939910632651
COMP,19p,-0.38227418705397,-0.448720937374245,non_sig,0.06644675032027503
IL1R1,2q,-0.3098668999082175,-0.1921906606761385,non_sig,-0.11767623923207898
IL1RAP,3q,-0.4354064173462915,-0.15156269904779032,non_sig,-0.2838437182985012
IL1R2,2q,-0.19906544694290756,-0.188693671032505,non_sig,-0.010371775910402559
HCLS1,3q,-1.05848673848586,-0.716320335824006,non_sig,-0.34216640266185405
ZBTB34,9q,-0.306249263038054,-0.225211316514827,non_sig,-0.08103794652322699
SHC3,9q,-0.09099043521490074,0.0225117006196933,non_sig,-0.11350213583459404
SHC1,1q,-0.0159583231372957,-0.033696591453711,non_sig,0.017738268316415298
SHC4,15q,0.100737307677112,0.0855117476654229,non_sig,0.015225560011689107
TWF2,3p,-0.366257542826606,0.127635061670399,non_sig,-0.493892604497005
TWF1,12q,-0.13133482089663,-0.02887034748296505,non_sig,-0.10246447341366496
CDK18,1q,-0.9346679987365505,-0.089573959804335,non_sig,-0.8450940389322155
BAP1,3p,-0.0272332631588431,-0.01313361734933785,non_sig,-0.014099645809505248
PRCP,11q,-0.1377430450436135,0.0177127939986423,non_sig,-0.1554558390422558
DPP7,9q,0.0647732125964814,0.137139350101157,non_sig,-0.07236613750467559
VAMP8,2p,0.0676823822536684,0.307907225036319,non_sig,-0.2402248427826506
VAMP3,1p,-0.0345622382585114,0.14370547182988,non_sig,-0.1782677100883914
VAMP4,1q,-0.2688847979600745,-0.061747879253710655,non_sig,-0.2071369187063638
VAMP5,2p,-0.283319119403343,-0.39513393137879205,non_sig,0.11181481197544907
VAMP2,17p,-0.15990495992627352,0.0394792254376458,non_sig,-0.19938418536391933
CREB1,2q,0.0298957688009202,0.0654990010894579,non_sig,-0.0356032322885377
ATF1,12q,-0.106078624740479,0.005320142293178,non_sig,-0.11139876703365699
ST6GAL1,3q,-0.512066010925004,-0.131790664807077,non_sig,-0.380275346117927
TXNDC9,2q,0.0183161940082474,-0.0543695622262895,non_sig,0.0726857562345369
PKLR,1q,-0.0180882171270146,-0.0776018056463195,non_sig,0.0595135885193049
PKM,15q,-0.2662851114964445,-0.07480645327676574,non_sig,-0.19147865821967877
CR2,1q,-0.35714661034433504,-0.968430236681803,non_sig,0.6112836263374679
CR1,1q,-0.244133056794234,-0.4072823337569865,non_sig,0.16314927696275253
C4BPA,1q,0.0069502159372762,-0.3494445597477885,non_sig,0.35639477568506467
CD46,1q,0.153094053674266,0.1315747242046546,non_sig,0.02151932946961141
TYW5,2q,-0.049454763063894,-0.0314810979117737,non_sig,-0.017973665152120302
JMJD7,15q,-0.0985835442697058,0.0053092066803417,non_sig,-0.10389275095004749
UBP1,3p,-0.187552844352562,0.08980607733458859,non_sig,-0.2773589216871506
GRHL1,2p,-0.325167685525441,-0.051255607057321,non_sig,-0.27391207846812
TFCP2,12q,-0.030588709440037845,0.03818467695203725,non_sig,-0.06877338639207509
GRHL2,8q,-0.795716301557268,-0.426604456207891,non_sig,-0.369111845349377
GRHL3,1p,-0.6518788500550955,-0.639038517442032,non_sig,-0.012840332613063499
TYW1,7q,-0.207457336258445,-0.0055659902977891,non_sig,-0.20189134596065592
SPRED1,15q,-0.100956815965755,0.0333080015199317,non_sig,-0.1342648174856867
SPRED2,2p,-0.281429877269845,-0.0112233863635057,non_sig,-0.2702064909063393
FAM162A,3q,-0.195786807513102,-0.06700692224920954,non_sig,-0.12877988526389247
COPB2,3q,-0.0186085727969059,0.0119124393245875,non_sig,-0.0305210121214934
COPA,1q,-0.132494300833556,-0.0491261765472242,non_sig,-0.08336812428633181
ORM1,9q,-0.4857024108845,-0.3424717296774645,non_sig,-0.14323068120703553
ORM2,9q,-0.1647185212667315,-0.464258655632638,non_sig,0.29954013436590654
PRTG,15q,-0.1035780104894395,0.0728076893849322,non_sig,-0.1763856998743717
IGDCC4,15q,0.12196072958508941,-0.264588435881368,non_sig,0.3865491654664574
FAM89A,1q,0.230727077463025,0.23927099091604348,non_sig,-0.00854391345301847
FAM89B,11q,-0.0335163498180782,0.194559899851402,non_sig,-0.2280762496694802
ARAP2,4p,-0.220893287488161,-0.0618150097176278,non_sig,-0.1590782777705332
ARAP3,5q,0.0052688206945029,-0.1153616013569005,non_sig,0.1206304220514034
ARAP1,11q,-0.0578845857306668,-0.09848848659539461,non_sig,0.04060390086472781
GPR161,1q,-0.17474440701001503,-0.208990845239337,non_sig,0.03424643822932197
HNF1B,17q,-0.577379998609755,-0.674305707546802,non_sig,0.096925708937047
HNF1A,12q,-0.385082521952385,-0.4064490658041865,non_sig,0.02136654385180148
DECR2,16p,-0.170879517519919,0.0485917884578869,non_sig,-0.2194713059778059
DECR1,8q,-0.327764334302521,-0.0428411323541282,non_sig,-0.2849232019483928
USP5,12p,-0.30706198087446,-0.0185305140234344,non_sig,-0.2885314668510256
USP13,3q,-0.2231388111141095,-0.0053112244089922,non_sig,-0.2178275867051173
GCSAML,1q,-1.42189556282211,-0.415702544190696,non_sig,-1.0061930186314139
USP20,9q,-0.0090522835318953,-0.0686620901768158,non_sig,0.05960980664492049
USP33,1p,-0.121009976583714,0.0143453031989394,non_sig,-0.1353552797826534
PTPRH,19q,-0.0389771874403825,0.296018037738705,non_sig,-0.3349952251790875
PTPRJ,11p,-0.0273865281411505,0.0556268777876718,non_sig,-0.08301340592882231
APH1B,15q,-0.372933011701778,0.012723839666164201,non_sig,-0.3856568513679422
APH1A,1q,-0.191572349236774,-0.0208262718390155,non_sig,-0.1707460773977585
RING1,6p,-0.02372211638005525,0.0329889767504629,non_sig,-0.056711093130518156
TMEM126B,11q,-0.26498273382823,-0.01725561191093175,non_sig,-0.24772712191729826
TMEM126A,11q,-0.14490851330127,-0.01758811742002945,non_sig,-0.12732039588124056
MCTP1,5q,-0.021916052794348197,0.187909045254826,non_sig,-0.20982509804917418
MCTP2,15q,-0.303118411759854,-0.0804722097095441,non_sig,-0.22264620205030988
CTDSPL2,15q,-0.199435121902607,-0.054327186672174996,non_sig,-0.14510793523043203
CTDSP2,12q,0.26926277918660046,-0.11527399870685186,non_sig,0.3845367778934523
CTDNEP1,17p,-0.151478383138339,0.07314727286218775,non_sig,-0.22462565600052675
BZW2,7p,-0.4320335331570375,-0.174107082474454,non_sig,-0.2579264506825835
BZW1,2q,-0.165524246526129,-0.0990935049660802,non_sig,-0.06643074156004879
STXBP3,1p,0.0488563692656233,0.0267549761215379,non_sig,0.022101393144085397
STXBP1,9q,-0.332647720142928,-0.193041129619765,non_sig,-0.139606590523163
TRERF1,6p,-0.0063643744055014,0.0073291418618064,non_sig,-0.0136935162673078
COPS2,15q,-0.107512824796326,-0.0273965306507094,non_sig,-0.0801162941456166
PSMD11,17q,-0.106065593246786,-0.030814815175051198,non_sig,-0.0752507780717348
TMEM167B,1p,-0.290427684857267,0.038045173627593645,non_sig,-0.32847285848486063
TMEM167A,5q,-0.253869975326892,-0.0185816522872872,non_sig,-0.23528832303960479
CDR2L,17q,0.23966562966434002,-0.061010815862451,non_sig,0.300676445526791
CDR2,16p,-0.181442510361142,0.09007369511002039,non_sig,-0.2715162054711624
BRD4,19p,-0.04586564115556025,-0.0278097588783182,non_sig,-0.01805588227724205
BRDT,1p,-0.240639817523488,-0.21172802193950752,non_sig,-0.028911795583980493
BRD2,6p,-0.07789497462330636,-0.0171895950975684,non_sig,-0.06070537952573796
BRD3,9q,-0.191098213810785,-0.0770835127599927,non_sig,-0.11401470105079231
MAML3,4q,-0.156050483487275,-0.0712086174445637,non_sig,-0.0848418660427113
MAML1,5q,-0.0441756282652791,0.0332175345891192,non_sig,-0.07739316285439829
MAML2,11q,-0.1732441020668115,0.112307304097955,non_sig,-0.2855514061647665
KHSRP,19p,-0.0349466623763579,0.114550287331659,non_sig,-0.1494969497080169
ALG8,11q,-0.1335522071056085,-0.148754378923033,non_sig,0.015202171817424504
ALG6,1p,-0.2031522797884865,-0.0581004585510678,non_sig,-0.1450518212374187
ZBTB9,6p,0.0695143112639843,-0.0185484404835754,non_sig,0.0880627517475597
CLEC3B,3p,-0.0642856038026717,-0.10551296007528368,non_sig,0.04122735627261198
CLEC11A,19q,-0.634462523431961,-0.459906329870725,non_sig,-0.17455619356123597
KIFC1,6p,-0.109451882544463,-0.0279852334982209,non_sig,-0.0814666490462421
KIFC3,16q,-0.183120296007409,-0.0456695369543705,non_sig,-0.1374507590530385
CCDC71,3p,-0.05575372675209685,0.041349867162021,non_sig,-0.09710359391411785
CCDC71L,7q,0.227325247879454,-0.08054377823112455,non_sig,0.30786902611057854
KLHDC8B,3p,-0.0863861001232828,0.12013449999377,non_sig,-0.2065206001170528
ASPA,17p,-0.569803151813358,-0.5687289198753805,non_sig,-0.00107423193797751
ACY3,11q,-0.633006995923113,-0.146038427152917,non_sig,-0.486968568770196
CLRN3,10q,-0.656351861052043,-0.898586208900491,non_sig,0.242234347848448
SKI,1p,-0.326508369273793,-0.07009461123325016,non_sig,-0.25641375804054284
GOLGA2,9q,0.109955827061998,-0.005424781761250198,non_sig,0.11538060882324819
GOLGA8Q,15q,-0.10152544793393099,-0.36407942228005,non_sig,0.26255397434611905
GOLGA8A,15q,-0.193203463969344,0.0042287891117133505,non_sig,-0.19743225308105736
GOLGA8O,15q,-0.9264782888348331,-0.2397566253605935,non_sig,-0.6867216634742396
GOLGA8H,15q,-0.260729241677963,-0.332239603654341,non_sig,0.071510361976378
ACAD11,3q,-0.12883963746893795,-0.06194439672855,non_sig,-0.06689524074038795
ACAD10,12q,-0.171840542350279,-0.0497054657698227,non_sig,-0.1221350765804563
DCLRE1C,10p,-0.062145619000826754,0.031696461791006,non_sig,-0.09384208079183276
DCLRE1B,1p,-0.226927751930471,-0.14279556441756,non_sig,-0.08413218751291099
GTF2IRD2B,7q,-0.2229337780695565,-0.13606763389310045,non_sig,-0.08686614417645605
BSG,19p,0.1137763057244505,-0.001098751607923,non_sig,0.11487505733237349
ZBTB7B,1q,-0.147112418175865,0.027291535743487,non_sig,-0.174403953919352
BCL6,3q,-0.803167649746977,0.05468046110986535,non_sig,-0.8578481108568423
HHIP,4q,-0.0645964512972878,-0.123977185777396,non_sig,0.059380734480108194
HHIPL2,1q,0.500631477348678,-0.647672151266666,non_sig,1.148303628615344
ALG1,16p,-0.21753421129938,0.11503319313614649,non_sig,-0.33256740443552646
BAZ2A,12q,-0.1674878398921825,-0.0597319653893017,non_sig,-0.1077558745028808
BAZ2B,2q,-0.239982374477199,-0.0028884597990910966,non_sig,-0.2370939146781079
ARIH1,15q,-0.23959961844926,0.02283745829618765,non_sig,-0.26243707674544764
ARIH2,3p,-0.411881033817849,0.121752279568076,non_sig,-0.533633313385925
LSM6,4q,-0.010606812211569549,0.0818821507715138,non_sig,-0.09248896298308334
SNRPF,12q,-0.00364720982752145,0.009012533804802651,non_sig,-0.0126597436323241
RHAG,6p,-1.282888106981765,-1.02420764564359,non_sig,-0.258680461338175
PPFIA2,12q,0.079563892197857,-0.0435234198274665,non_sig,0.1230873120253235
PPFIA1,11q,0.11467182645098001,-0.07873469876126685,non_sig,0.19340652521224685
PPFIA3,19q,-0.144323413657103,0.0472361452818298,non_sig,-0.19155955893893278
IDE,10q,-0.312840723607038,0.0246336304199776,non_sig,-0.33747435402701564
BNC2,9p,-0.05859744246712205,-0.177697784186455,non_sig,0.11910034171933294
BNC1,15q,-0.6620738905401555,-0.707706058537301,non_sig,0.04563216799714542
PDZK1IP1,1p,-0.5411029913449195,-0.1709352976706005,non_sig,-0.37016769367431895
VHL,3p,-0.261830801132532,0.2152179584096745,non_sig,-0.4770487595422065
IGSF3,1p,-0.24865710837952648,-0.197258534363393,non_sig,-0.051398574016133486
NTMT1,9q,-0.304911649844822,0.0920969618597967,non_sig,-0.3970086117046187
HOXA10,7p,-1.56582115491374,-0.204375964679115,non_sig,-1.361445190234625
HOXC12,12q,-0.39096966139018,-0.304895851046769,non_sig,-0.08607381034341105
HOXD9,2q,-0.09534679201534649,-0.213130622970554,non_sig,0.1177838309552075
HOXC10,12q,-0.23479820903328,-0.199315635002314,non_sig,-0.035482574030965996
BICD2,9q,-0.060144616676048,0.0264047366064618,non_sig,-0.0865493532825098
BICD1,12p,-0.08249124586706576,-0.057506362620037,non_sig,-0.024984883247028758
DVL2,17p,-0.2087488904734025,0.1167661984146745,non_sig,-0.325515088888077
DVL3,3q,-0.145124032370074,0.007640499093363,non_sig,-0.15276453146343702
DVL1,1p,-0.215846422010808,0.06475092369904539,non_sig,-0.2805973457098534
GRAMD1A,19q,-0.117202003419519,-0.0141739667247565,non_sig,-0.1030280366947625
GRAMD1C,3q,0.09762877529870631,-0.1404274909887,non_sig,0.2380562662874063
GRAMD1B,11q,-0.48622164582525,-0.291870619485542,non_sig,-0.19435102633970802
MTHFD2L,4q,-0.29862660881228,0.0250759046042446,non_sig,-0.32370251341652456
MTHFD2,2p,0.186747821748967,0.03354015590347245,non_sig,0.15320766584549456
ANP32B,9q,-0.322637707439114,0.0353406385497107,non_sig,-0.3579783459888247
ANP32A,15q,-0.316729447257602,0.056467577677885,non_sig,-0.373197024935487
ANP32E,1q,-0.49262123106896,-0.149477641981237,non_sig,-0.343143589087723
TRIM14,9q,-0.179657041973304,-0.16939470119651,non_sig,-0.010262340776793999
PHF23,17p,-0.14052944183298346,0.11283851583016877,non_sig,-0.25336795766315223
PHF13,1p,-0.0423604038082546,-0.0138899564056317,non_sig,-0.0284704474026229
WIPF3,7p,-0.708151573009228,-0.154706176159963,non_sig,-0.5534453968492651
WIPF1,2q,-0.405132435463501,-0.384849341581539,non_sig,-0.020283093881961978
WIPF2,17q,0.100815178706398,-0.008283876812569549,non_sig,0.10909905551896755
TBC1D2,9q,-0.359672651262481,-0.190360099502808,non_sig,-0.169312551759673
TBC1D2B,15q,-0.109177997394628,0.0099416371524143,non_sig,-0.1191196345470423
THSD4,15q,-0.0408389899637803,-0.0575120480380725,non_sig,0.016673058074292202
PRKRA,2q,-0.381529199906907,0.0654130540926416,non_sig,-0.44694225399954857
TARBP2,12q,-0.0327171505459194,0.0081452268128029,non_sig,-0.0408623773587223
LRRC7,1p,0.2118900843394635,0.0256474283111581,non_sig,0.1862426560283054
SCRIB,8q,-0.0316029917785704,-0.07511534321620335,non_sig,0.04351235143763295
TMEM9B,11p,-0.08735738868501569,0.0160382006457008,non_sig,-0.10339558933071649
TMEM9,1q,-0.09064910585230375,0.007969731579068249,non_sig,-0.098618837431372
PLEKHA3,2q,-0.0579714540673938,-0.036196552309355,non_sig,-0.021774901758038798
CFH,1q,-0.405697466587083,-0.301238720846143,non_sig,-0.10445874574094
FBN3,19p,-0.107574380953851,-0.0244239466930636,non_sig,-0.08315043426078739
FBN2,5q,-0.457827266819636,-0.35930459226315703,non_sig,-0.09852267455647895
FBN1,15q,-0.383895254175479,-0.650827895804161,non_sig,0.266932641628682
ARL14EP,11p,-0.0554043495368084,0.0420914925114581,non_sig,-0.0974958420482665
DENND5A,11p,-0.451262006445965,0.0558189790477084,non_sig,-0.5070809854936734
DENND5B,12p,-0.01177840380138415,0.0116977658449077,non_sig,-0.02347616964629185
LARP1,5q,-0.18754087204788,0.03566437663295505,non_sig,-0.22320524868083505
LARP1B,4q,-0.24948619704947625,0.0655640701150701,non_sig,-0.3150502671645463
PAPLN,14q,0.24542764658389,-0.3179437044191855,non_sig,0.5633713510030756
ADAMTSL4,1q,-0.381992683390634,-0.379403745032958,non_sig,-0.0025889383576760405
ATXN1,6p,0.0720040759989162,0.10453693622805,non_sig,-0.032532860229133806
ATXN1L,16q,-0.082053931396709,0.1059262450053645,non_sig,-0.18798017640207348
SPINK5,5q,0.114393208150503,-0.0009258155171076,non_sig,0.1153190236676106
VDAC2,10q,-0.283877872050161,0.11709310531279049,non_sig,-0.4009709773629515
VDAC3,8p,-0.122421866094951,-0.0367074399669775,non_sig,-0.0857144261279735
VDAC1,5q,-0.179275967055257,0.09510768014607696,non_sig,-0.27438364720133396
TMEM41B,11p,-0.0866914825319823,-0.0113708323009731,non_sig,-0.0753206502310092
TMEM41A,3q,0.04890417214067885,-0.10062449124702,non_sig,0.14952866338769885
NFKBIA,14q,-0.0231386372451667,-0.055223454800522,non_sig,0.032084817555355305
NFKBIB,19q,-0.115460718711652,-0.0127012092046102,non_sig,-0.10275950950704181
GIT1,17q,-0.243450650799991,-0.009410256132291399,non_sig,-0.2340403946676996
GIT2,12q,-0.07201446307240075,-0.062235462922135845,non_sig,-0.009779000150264908
TRIM68,11p,-0.0033893484412563,-0.02161804782767155,non_sig,0.01822869938641525
TRIM72,16p,-0.2690868073489765,-0.47801359254332,non_sig,0.2089267851943435
TBK1,12q,-0.1344877043973765,-0.0282684082218822,non_sig,-0.1062192961754943
IKBKE,1q,0.425145560988759,0.0228998201310565,non_sig,0.4022457408577025
IKBKB,8p,-0.3017196866083675,-0.0071713027457749,non_sig,-0.29454838386259263
DDR1,6p,0.18159986200248052,0.04061759810046205,non_sig,0.14098226390201846
COMTD1,10q,-0.419471948352364,0.06185940043580835,non_sig,-0.48133134878817235
SCAMP1,5q,-0.308724085016679,0.0298706028979326,non_sig,-0.33859468791461156
SCAMP2,15q,-0.0907987356946407,-0.02882842733713395,non_sig,-0.06197030835750675
SCAMP3,1q,-0.287176440928292,-0.0562777083155456,non_sig,-0.23089873261274638
SCAMP4,19p,0.05884906827523605,0.0104200096940134,non_sig,0.04842905858122265
SPTAN1,9q,0.128477173803719,0.1084766938055248,non_sig,0.02000047999819421
SPTA1,1q,-0.4772497421159585,-0.2915247307272355,non_sig,-0.185725011388723
DDB1,11q,-0.0247359402058433,-0.0033079853323481003,non_sig,-0.0214279548734952
CPSF1,8q,0.0381708805498058,-0.056433424928767253,non_sig,0.09460430547857306
DLG1,3q,0.14519853060627952,0.0257080855362132,non_sig,0.11949044507006631
DLG2,11q,0.08635783793935145,0.03183441664130625,non_sig,0.0545234212980452
HMG20A,15q,-0.121413789383534,0.0279564936967828,non_sig,-0.1493702830803168
HMG20B,19p,-0.055585074864361,0.0432277800894068,non_sig,-0.09881285495376779
CC2D1A,19p,-0.142054122425548,0.0444691039132587,non_sig,-0.1865232263388067
CC2D1B,1p,-0.308318506310595,-0.0027354092469943003,non_sig,-0.3055830970636007
CYP1A2,15q,0.180353737112511,-0.803345564912917,non_sig,0.983699302025428
CYP1A1,15q,-0.25048086155273236,-0.681517450244313,non_sig,0.4310365886915806
CYP1B1,2p,-0.321958824951806,-0.416873749190913,non_sig,0.09491492423910702
DAB2,5p,-0.2519901147916258,-0.351453497227634,non_sig,0.09946338243600822
DAB1,1p,0.07969845462552305,-0.101551949742734,non_sig,0.18125040436825707
LEMD3,12q,-0.180915451223192,-0.02780067348873775,non_sig,-0.15311477773445425
LEMD2,6p,-0.15130453883094702,-0.0346601087570194,non_sig,-0.11664443007392762
RRM2,2p,-0.585627306968553,-0.137807319863543,non_sig,-0.44781998710501003
RRM2B,8q,-0.697746199710008,-0.1034026817999035,non_sig,-0.5943435179101044
SPINT2,19q,-0.09617339495416755,-0.13966503246905349,non_sig,0.04349163751488594
C9,5p,0.0609338740937419,0.0410581615359439,non_sig,0.019875712557798
C7,5p,-0.0507201425721797,0.0412551435357158,non_sig,-0.0919752861078955
YIF1B,19q,-0.0145551946665127,-0.01117249938022695,non_sig,-0.00338269528628575
YIF1A,11q,0.0005935825788867,-0.09328962813749035,non_sig,0.09388321071637705
ARL6IP5,3p,0.0442027993028307,0.0830288660600038,non_sig,-0.0388260667571731
SRM,1p,-0.331786741840641,0.0271828713069024,non_sig,-0.3589696131475434
CSRNP2,12q,-0.4054523628068265,0.171669632295425,non_sig,-0.5771219951022515
FUT1,19q,-0.1547176205950785,-0.11031439632332016,non_sig,-0.04440322427175833
KLHDC10,7q,-0.20645044112476899,0.0917758214310351,non_sig,-0.2982262625558041
AKR7A2,1p,-0.13788194337804,0.004545091807149151,non_sig,-0.14242703518518915
AKR7A3,1p,-0.289343101495168,-0.479011419888359,non_sig,0.18966831839319098
SORBS1,10q,-0.0779593427301168,-0.30567367979507165,non_sig,0.22771433706495486
SORBS3,8p,-0.144614458074169,0.287134340289435,non_sig,-0.431748798363604
SORBS2,4q,-0.6599631664654118,-0.224518814463184,non_sig,-0.43544435200222775
CLIP4,2p,-0.194904850437504,0.0412706314859038,non_sig,-0.2361754819234078
PSEN1,14q,-0.119930385870188,0.03159152284210945,non_sig,-0.15152190871229745
PSEN2,1q,-0.306805885307467,-0.0912261793942282,non_sig,-0.2155797059132388
POLR2I,19q,-0.0486765723280167,0.05386863617451515,non_sig,-0.10254520850253185
GDE1,16p,-0.03828790897591755,-0.00984942361479635,non_sig,-0.028438485361121202
PRR15,7p,-1.2712926046965252,-0.345835577376678,non_sig,-0.9254570273198471
PRR15L,17q,0.18714248581601475,-0.2927288631582935,non_sig,0.4798713489743083
GPRC5C,17q,-0.2494962707825265,-0.194485350891653,non_sig,-0.055010919890873505
GPRC5A,12p,-0.630730092552147,0.0777071596119903,non_sig,-0.7084372521641372
GPRC5B,16p,-0.0501651409559568,-0.144152043017649,non_sig,0.0939869020616922
CD300A,17q,-0.664308591929169,-0.569896150683683,non_sig,-0.09441244124548598
SLC30A5,5q,-0.217913869564188,-0.0087480780781725,non_sig,-0.20916579148601552
SLC30A7,1p,-0.1110746199136,-0.06989478709683214,non_sig,-0.04117983281676786
WDR62,19q,-0.373833567378339,-0.0494902273707579,non_sig,-0.3243433400075811
MAPKBP1,15q,-0.07797987056071246,-0.02365116845851275,non_sig,-0.05432870210219971
HAVCR1,5q,-0.6890436176183425,-0.555767560328877,non_sig,-0.13327605728946557
HAVCR2,5q,-0.855944586828458,-0.685857696171122,non_sig,-0.17008689065733595
AREG,4q,-0.0953313991034332,-0.823075590971606,non_sig,0.7277441918681727
FAM177A1,14q,-0.134787689115448,0.0739747275024296,non_sig,-0.2087624166178776
B3GAT3,11q,0.0967145038957708,-0.048581704572770404,non_sig,0.1452962084685412
MANEA,6q,-0.03732093974378945,-0.0650260742243544,non_sig,0.027705134480564948
MANEAL,1p,-0.274036627762339,-0.04811726615852085,non_sig,-0.22591936160381815
GANC,15q,-0.2845975738778105,-0.04037173817519095,non_sig,-0.24422583570261952
USP39,2p,-0.186374558107107,-0.062483213301705545,non_sig,-0.12389134480540147
ZKSCAN1,7q,-0.404647175455702,0.0203278636150879,non_sig,-0.42497503907078993
ZKSCAN4,6p,-0.393035221861993,0.054775212410446,non_sig,-0.44781043427243905
ZSCAN9,6p,0.0720480285585068,0.14388755240058373,non_sig,-0.07183952384207694
ZKSCAN3,6p,-0.2222669049736005,0.175395731909876,non_sig,-0.3976626368834765
OAS1,12q,-0.7831845237027855,-0.262193810549819,non_sig,-0.5209907131529665
OAS2,12q,-0.523279338529432,-0.6747122718335365,non_sig,0.15143293330410457
OAS3,12q,-0.365112711793257,-0.20863696810382948,non_sig,-0.15647574368942752
OASL,12q,-0.252459536459109,-0.430443604400851,non_sig,0.17798406794174199
CLTB,5q,-0.0149468668478751,0.0708329418083367,non_sig,-0.08577980865621179
CLTA,9p,0.0382380970967619,0.1597958732257,non_sig,-0.12155777612893809
FAF2,5q,-0.0457781730870443,0.059174220038303554,non_sig,-0.10495239312534785
FAF1,1p,-0.263055146311061,0.00687207579807075,non_sig,-0.2699272221091318
SMOC1,14q,-0.510651759048701,-0.4792460941561315,non_sig,-0.03140566489256946
SMOC2,6q,-0.226633493914997,-0.785070421996028,non_sig,0.558436928081031
RMDN3,15q,-0.200593067174306,0.08487887453736956,non_sig,-0.28547194171167556
RMDN2,2p,-0.0028309584304025,-0.0218849124496009,non_sig,0.0190539540191984
RMDN1,8q,-0.393788822448243,0.10423299215991699,non_sig,-0.49802181460816
TP63,3q,-0.5375806220421405,-0.546383552557374,non_sig,0.008802930515233509
TP73,1p,-0.406119035014869,-0.211340877503189,non_sig,-0.19477815751168
TP53,17p,-0.186983485639319,-0.43895853854633804,non_sig,0.25197505290701905
SLC8A1,2p,-0.0373070953079754,0.04193919459083355,non_sig,-0.07924628989880894
CC2D2A,4p,-0.1010496423466406,0.0057654690061319,non_sig,-0.1068151113527725
CHPF,2q,-0.0784290006616952,-0.0055408675621866,non_sig,-0.0728881330995086
HOGA1,10q,-0.6509624540125589,-0.611731849144655,non_sig,-0.03923060486790397
NPL,1q,-0.898760376819158,-0.553797966192197,non_sig,-0.344962410626961
ZNF346,5q,-0.236308739259145,0.02013322122189555,non_sig,-0.25644196048104057
ZMAT4,8p,-0.62456660294556,0.078379247647062,non_sig,-0.702945850592622
HNRNPUL1,19q,-0.20564919880028898,0.03912763620513115,non_sig,-0.24477683500542013
UACA,15q,-0.114317513510829,0.1357705886766655,non_sig,-0.2500881021874945
ANKRD24,19p,0.09680891851540176,-0.0474581924407375,non_sig,0.14426711095613926
MARVELD1,10q,-0.187778994613131,0.0368027172321893,non_sig,-0.2245817118453203
NEU3,11q,-0.1753810002845665,-0.158871542353849,non_sig,-0.01650945793071748
NEU1,6p,-0.09872142473979625,0.0812263728127972,non_sig,-0.17994779755259344
ZFP36L1,14q,-0.06898697434287865,0.0744488932718537,non_sig,-0.14343586761473234
ZFP36,19q,0.1035205984902719,0.0440080071546507,non_sig,0.0595125913356212
ZFP36L2,2p,-0.0427700130773649,-0.05490942331458215,non_sig,0.012139410237217249
EVL,14q,-0.567119878743926,-0.271839118972663,non_sig,-0.295280759771263
VASP,19q,-0.3756073548889115,-0.07614212070252899,non_sig,-0.2994652341863825
ENAH,1q,-0.0210477725884255,-0.0678278839149674,non_sig,0.046780111326541904
ZNF777,7q,-0.398563800289398,0.0854171067804041,non_sig,-0.48398090706980207
ZNF398,7q,0.174740460431383,-0.20097084617888322,non_sig,0.3757113066102662
ZNF746,7q,-0.325598063766885,-0.0015404967980707,non_sig,-0.32405756696881427
PIH1D1,19q,-0.0350162174651517,-0.042298358749559145,non_sig,0.007282141284407448
GOLGA7B,10q,-0.1111005286919185,0.0490818162813101,non_sig,-0.16018234497322859
GOLGA7,8p,0.0811128263494312,0.0209183137524976,non_sig,0.060194512596933605
GMCL1,2p,-0.846725430890948,-0.303122253558385,non_sig,-0.5436031773325629
CEP63,3q,-0.2428196308128765,-0.0432065550033303,non_sig,-0.19961307580954618
MASP1,3q,-0.3608426352036555,-0.06311702561289295,non_sig,-0.29772560959076255
MASP2,1p,0.3411830508505735,-0.172462466165399,non_sig,0.5136455170159725
TNK1,17p,-0.0007193500052401491,-0.0852846025659475,non_sig,0.08456525256070735
TNK2,3q,0.0564129313728584,-0.0185074025002145,non_sig,0.0749203338730729
TF,3q,-0.3569815448344845,-0.246444190578714,non_sig,-0.11053735425577052
LTF,3p,0.111462629559353,-0.0508325729908143,non_sig,0.1622952025501673
GPN3,12q,-0.126940761343272,-0.03348227593003385,non_sig,-0.09345848541323816
GPN2,1p,-0.0857248990409253,0.0248276147849621,non_sig,-0.1105525138258874
GPN1,2p,-0.328499025450473,-0.0089393387834102,non_sig,-0.3195596866670628
ERLIN1,10q,-0.1360377813838,0.1426955251367985,non_sig,-0.27873330652059847
ERLIN2,8p,-0.09696559895402275,0.20548109329583047,non_sig,-0.3024466922498532
PIK3R1,5q,-0.0508308924735077,-0.075462681724829,non_sig,0.024631789251321305
PIK3R3,1p,0.19468649796117599,0.201195159454338,non_sig,-0.00650866149316201
PIK3R2,19p,-0.142078817253902,0.045023043594471,non_sig,-0.187101860848373
CHUK,10q,-0.15714790966546,-0.06554695293833204,non_sig,-0.09160095672712795
MDFIC,7q,0.1495934168734065,0.0323948347689035,non_sig,0.11719858210450299
ZNF276,16q,-0.16214162907246898,0.0438697489093407,non_sig,-0.20601137798180968
KCP,7q,0.0853524787548318,-0.0235891961906286,non_sig,0.1089416749454604
MAP6,11q,0.007539018621598299,-0.179445144004342,non_sig,0.1869841626259403
RAD9A,11q,-0.0226881519133103,-0.06095677913867735,non_sig,0.03826862722536705
FGGY,1p,-0.046901542935246,-0.09092070148004675,non_sig,0.04401915854480074
SHPK,17p,-0.322711474963573,0.06889642163287696,non_sig,-0.39160789659644996
ZNF503,10q,-0.115048589267393,-0.0012899082674219,non_sig,-0.1137586809999711
ZNF703,8p,-0.0535776653516295,-0.1598926939345205,non_sig,0.10631502858289099
CCDC92,12q,0.0203091525902315,-0.023408921084668,non_sig,0.0437180736748995
SNRPA1,15q,-0.039082444471761,0.08893777829622315,non_sig,-0.12802022276798414
TTYH2,17q,-0.40470971301509095,-0.22407801205767147,non_sig,-0.18063170095741948
TTYH3,7p,-0.212493390693287,-0.274874958578228,non_sig,0.062381567884941036
TNKS2,10q,-0.2073073696032725,-0.0306966841015157,non_sig,-0.1766106855017568
TNKS,8p,-0.121473570875082,0.05234464213297465,non_sig,-0.17381821300805664
AGFG2,7q,-0.362685860700769,-0.08325131487062959,non_sig,-0.27943454583013944
AGFG1,2q,0.014901327466523,0.0525454611119585,non_sig,-0.0376441336454355
TOMM40,19q,-0.1124494175950346,-0.0034421409034475,non_sig,-0.10900727669158711
TOMM40L,1q,-0.17214408926393,-0.121271951088371,non_sig,-0.050872138175558995
ARPC1A,7q,0.1349160075127,-0.0209524292912797,non_sig,0.1558684368039797
ARPC1B,7q,-0.234803012720736,-0.04195642960697675,non_sig,-0.19284658311375924
CLPTM1,19q,-0.154816032592493,-0.00174902626103145,non_sig,-0.15306700633146153
CLPTM1L,5p,-0.384183513260015,-0.223264660074126,non_sig,-0.160918853185889
SH2D4A,8p,0.2570746432638315,0.07449584478267884,non_sig,0.18257879848115266
FAM193A,4p,-0.147073443430212,0.0840558704276338,non_sig,-0.2311293138578458
FAM193B,5q,-0.201445161767329,0.0277665656969333,non_sig,-0.2292117274642623
DEGS1,1q,0.206054784708167,-0.0177258552961505,non_sig,0.2237806400043175
ZNF710,15q,-0.308164960674547,-0.07921691628260194,non_sig,-0.22894804439194508
PDZK1,1q,-0.4888008175185675,-0.57535345565441,non_sig,0.08655263813584246
ZNF142,2q,0.055690084482965904,0.036654646374334646,non_sig,0.01903543810863126
PDE8B,5q,-0.0067232718613109,0.0759242417535422,non_sig,-0.0826475136148531
PLBD2,12q,-0.147877460013072,0.0484823377143722,non_sig,-0.19635979772744422
PLBD1,12p,-0.581014512995347,-0.587056802936273,non_sig,0.006042289940926038
UFSP2,4q,0.039713925020346,0.07811428081285575,non_sig,-0.03840035579250975
UPP1,7p,-0.446955720547881,-0.492300506840578,non_sig,0.045344786292697004
SSH1,12q,-0.0636623303482394,-0.0661288803092106,non_sig,0.002466549960971204
SSH2,17q,-0.289779054232358,0.019172777702801,non_sig,-0.308951831935159
IKZF4,12q,-0.238807551567963,-0.16634839584668099,non_sig,-0.072459155721282
IKZF1,7p,-1.212230054489925,-0.827477855293107,non_sig,-0.3847521991968179
IKZF3,17q,-0.7286948752941595,-0.777885970741324,non_sig,0.04919109544716449
IKZF2,2q,-0.5045412960026625,-0.2455034875207215,non_sig,-0.259037808481941
SMARCE1,17q,0.107717559708702,-0.04813182133506935,non_sig,0.15584938104377136
CDK2AP1,12q,0.057114158195160455,0.0639180651627155,non_sig,-0.006803906967555048
RAB11FIP4,17q,0.0017186227357807,-0.107882658211082,non_sig,0.10960128094686271
RAB11FIP3,16p,-0.136108733536386,-0.0267792173555792,non_sig,-0.1093295161808068
SV2A,1q,-0.208543066971897,-0.479652997879522,non_sig,0.271109930907625
SV2B,15q,-0.2015738528833355,-0.464770164290446,non_sig,0.2631963114071105
MAPK8IP3,16p,-0.0541200862271157,0.00813030321304165,non_sig,-0.06225038944015735
SPAG9,17q,-0.344798654842841,-0.034420437087332,non_sig,-0.310378217755509
IQGAP2,5q,-0.566183065023139,-0.7040911094690835,non_sig,0.1379080444459445
IQGAP3,1q,0.163835495613992,-0.124321493102691,non_sig,0.288156988716683
IQGAP1,15q,0.0307335012108925,-0.029181124750403298,non_sig,0.0599146259612958
TMEM248,7q,-0.283616584556764,-0.193948018777993,non_sig,-0.08966856577877097
TMEM219,16p,-0.053721499057787,0.0138127538233612,non_sig,-0.0675342528811482
GC,4q,-0.176332263988793,-0.138071529731122,non_sig,-0.038260734257671014
ZC3H10,12q,-0.0273843694507079,0.0105662358956525,non_sig,-0.0379506053463604
DDC,7p,-0.522317342048641,-0.342899333348372,non_sig,-0.17941800870026897
CSAD,12q,-0.0789342986675948,-0.07291018525822796,non_sig,-0.006024113409366844
CXXC4,4q,-0.32223811730159047,-0.13805805414039865,non_sig,-0.18418006316119181
CXXC5,5q,-0.105778539416995,0.034949449108328846,non_sig,-0.14072798852532384
ZDHHC21,9p,-0.0177134597587987,0.037013668888052,non_sig,-0.0547271286468507
ISG15,1p,-0.294192339761541,-0.50615157237453,non_sig,0.211959232612989
STARD3NL,7p,-0.157386157415633,-0.213757286541664,non_sig,0.05637112912603101
STARD3,17q,-0.176582238114678,-0.163023158280539,non_sig,-0.013559079834138982
ADAM17,2p,-0.056258727440046,0.040138275745772,non_sig,-0.09639700318581801
CENPV,17p,-0.13160443228053847,-0.38125299365650694,non_sig,0.24964856137596847
TMEM59,1p,-0.103289254075495,-0.155625590594852,non_sig,0.05233633651935701
STIM2,4p,-0.17031307910167498,-0.0057194080456918,non_sig,-0.1645936710559832
STIM1,11p,-0.19903165676832402,0.015890054281195852,non_sig,-0.21492171104951988
SEC61A2,10p,-0.07482788677244635,-0.12319199820085,non_sig,0.04836411142840365
SEC61A1,3q,-0.028115995410403,-0.0466196693667348,non_sig,0.018503673956331797
AHSG,3q,-0.406463008537145,-0.466038802794785,non_sig,0.05957579425763998
TNC,9q,-0.30926512367792,-0.5672039355377585,non_sig,0.2579388118598385
TNXB,6p,0.021580744920525648,-0.103719222486276,non_sig,0.12529996740680166
NABP2,12q,-0.0018934295051198,0.08822051073700775,non_sig,-0.09011394024212754
NABP1,2q,-0.1352356517511289,-0.029645438937525453,non_sig,-0.10559021281360344
MTSS1,8q,-0.744666785100708,-0.567404413870084,non_sig,-0.17726237123062405
ZNF592,15q,-0.134185395345399,-0.0175971856493572,non_sig,-0.1165882096960418
ZNF687,1q,-0.273453217978853,-0.0444838799859233,non_sig,-0.22896933799292973
COQ10A,12q,0.024442458656482997,0.02641761546811085,non_sig,-0.001975156811627854
COQ10B,2q,-0.17492349885331648,0.00413644863374256,non_sig,-0.17905994748705906
ATP6V0D1,16q,-0.0790754469370134,-0.0056552105565209,non_sig,-0.0734202363804925
ATP6V0D2,8q,-0.15488250607427126,-0.21672770583725048,non_sig,0.061845199762979225
CBLL1,7q,0.0128576539937073,0.06144200678368935,non_sig,-0.04858435278998205
AKT1,14q,-0.171183423957737,0.0236574546515935,non_sig,-0.1948408786093305
AKT3,1q,-0.1022630118694014,-0.1477246305766755,non_sig,0.04546161870727411
PRKCD,3p,-0.32655686682182,-0.03090825963848285,non_sig,-0.29564860718333713
PRKCQ,10p,-0.252226831560541,-0.176109045638018,non_sig,-0.076117785922523
AKT2,19q,-0.209144970371531,-0.01806439051686335,non_sig,-0.19108057985466767
PDPK1,16p,-0.28210436888053,-0.01664174725758985,non_sig,-0.2654626216229401
ZBTB32,19q,-0.09183257535111135,-0.095906606888325,non_sig,0.004074031537213654
ELL3,15q,-0.407730631999613,-0.283101227491689,non_sig,-0.12462940450792404
ELL,19p,-0.01243057649852215,-0.0111653268442145,non_sig,-0.0012652496543076493
ELL2,5q,0.18466670626753,0.115721052821276,non_sig,0.06894565344625402
CNPY2,12q,-0.1160596414459854,0.08489173210926015,non_sig,-0.20095137355524556
DHX58,17q,-0.339519185047559,-0.0445285372717404,non_sig,-0.2949906477758186
IFIH1,2q,-0.155588845516412,-0.0983614959758451,non_sig,-0.057227349540566894
SLC35B4,7q,-0.627055340623821,-0.198491617840301,non_sig,-0.42856372278351995
PLEKHF1,19q,0.0068001040078368,-0.0433504613671298,non_sig,0.0501505653749666
PLEKHF2,8q,-0.594807581645449,-0.19244967639973448,non_sig,-0.4023579052457145
PTN,7q,-0.14716970936381849,-0.5778538796726715,non_sig,0.4306841703088531
MDK,11p,0.152938441151248,-0.054978613815832,non_sig,0.20791705496708
CEP170B,14q,-0.0908188358771725,-0.0137618110968284,non_sig,-0.0770570247803441
CEP170,1q,-0.08995236221936435,0.0100061199718138,non_sig,-0.09995848219117816
WRN,8p,-0.3281847830599625,0.0423875424724119,non_sig,-0.3705723255323744
BLM,15q,-0.155876126245155,0.025234689701112298,non_sig,-0.18111081594626732
SIN3B,19p,-0.0256279184767852,-0.0218113844784193,non_sig,-0.003816533998365901
SIN3A,15q,0.01856734722185,-0.06906914340000345,non_sig,0.08763649062185344
GOLT1B,12p,-0.23350184018846498,-0.01953798104128525,non_sig,-0.21396385914717975
PDP1,8q,-0.0215664383137033,0.06861286579622895,non_sig,-0.09017930410993225
PDP2,16q,-0.09172547688379534,0.0530523983630375,non_sig,-0.14477787524683283
CDH17,8q,-0.681710577993959,-0.74656144386109,non_sig,0.06485086586713107
SAMD9,7q,0.0860119965659644,-0.22310996955311052,non_sig,0.30912196611907494
SAMD9L,7q,0.229592909161345,-0.24283976071323798,non_sig,0.472432669874583
CLN8,8p,-0.056344936631253104,0.0959569973828337,non_sig,-0.15230193401408681
NSUN3,3q,-0.166783025432553,-0.05119859677922395,non_sig,-0.11558442865332905
NSUN4,1p,-0.165289166156135,-0.0584939277524208,non_sig,-0.10679523840371422
BUB1B,15q,-0.196215493210168,0.04030644575876325,non_sig,-0.23652193896893126
BUB1,2q,-0.02933949889641565,-0.090613196136782,non_sig,0.06127369724036635
PPP1R13B,14q,-0.265765669057478,-0.00450472064821415,non_sig,-0.26126094840926384
TP53BP2,1q,-0.009626946600362,0.0171075821253395,non_sig,-0.0267345287257015
TAF11,6p,0.0039032302670493,-0.0120061609297539,non_sig,0.0159093911968032
EGFR,7p,0.030399786820131152,-0.219181695812071,non_sig,0.24958148263220215
ERBB2,17q,0.0405665774406374,-0.06418340520251026,non_sig,0.10474998264314767
ERBB4,2q,0.373805034781118,-0.0737087220734914,non_sig,0.44751375685460937
ERBB3,12q,0.0055407880655534,0.0129699407916044,non_sig,-0.007429152726050999
GYPA,4q,-0.7137291968984085,-0.539490135994377,non_sig,-0.17423906090403152
IL6ST,5q,0.0291607095459818,-0.0628048546047468,non_sig,0.0919655641507286
IL31RA,5q,0.0447649229128679,-0.087468766711142,non_sig,0.1322336896240099
RARS2,6q,-0.2040294587448715,0.041102860160137,non_sig,-0.2451323189050085
APOA4,11q,0.184547109711614,-0.286854160700939,non_sig,0.471401270412553
APOA1,11q,0.0123123373038392,-0.20717026707214847,non_sig,0.21948260437598768
SLC11A2,12q,-0.163218711546795,-0.164559003250355,non_sig,0.0013402917035600093
FAAH,1p,0.306781751469362,-0.20762547032956302,non_sig,0.5144072217989251
RPS2,16p,-0.0393685248273687,0.004193105806744949,non_sig,-0.043561630634113654
MRPS5,2q,-0.047019592590161,0.0161375963627736,non_sig,-0.0631571889529346
CAP2,6p,-0.0623298317987543,-0.157723268159855,non_sig,0.09539343636110069
CAP1,1p,-0.39135042870484,0.07036751814386161,non_sig,-0.4617179468487016
NUDCD3,7p,-0.5552685955218231,-0.230816082244854,non_sig,-0.32445251327696906
NUDC,1p,-0.160190236364997,0.023101193351943647,non_sig,-0.18329142971694062
MYO9B,19p,-0.23174335737619,-0.0011568370418788,non_sig,-0.2305865203343112
MYO5C,15q,-0.0102893560519053,-0.159381690282793,non_sig,0.1490923342308877
MYO5A,15q,-0.289832448206889,-0.214748500075582,non_sig,-0.07508394813130703
MYO9A,15q,0.029321509620976502,-0.0695461353632494,non_sig,0.0988676449842259
CDK13,7p,-0.2235536850442985,-0.0799908817387272,non_sig,-0.1435628033055713
CDK12,17q,-0.138596436699631,0.01220634537290975,non_sig,-0.15080278207254075
PPIP5K2,5q,-0.288786451554183,-0.122312393351469,non_sig,-0.166474058202714
PPIP5K1,15q,-0.133200329976203,-0.01647561952861715,non_sig,-0.11672471044758587
KMT2E,7q,-0.1118633074317191,-0.0910964712412755,non_sig,-0.020766836190443602
SETD5,3p,-0.03792642436348525,-0.137419089142882,non_sig,0.09949266477939675
RBM4,11q,0.0111684510342566,0.01773199090711145,non_sig,-0.006563539872854851
RBM4B,11q,0.0302134939511528,0.0360255819274464,non_sig,-0.0058120879762935986
ZBTB48,1p,-0.136780506075642,0.0290229824879984,non_sig,-0.16580348856364038
ZBTB24,6q,-0.13307959291486948,0.04488531819570285,non_sig,-0.17796491111057233
NACC2,9q,-0.079945062726844,0.0255928185635389,non_sig,-0.1055378812903829
NACC1,19p,-0.0456883340482965,0.0334655785149096,non_sig,-0.0791539125632061
TBC1D15,12q,-0.3177181216800845,-0.044267607241116946,non_sig,-0.27345051443896756
TBC1D17,19q,-0.211771913399618,-0.0902534568535783,non_sig,-0.12151845654603971
THEMIS,6q,-0.1090280218967028,-0.17576832912733,non_sig,0.06674030723062721
THEMIS2,1p,-0.481027338664842,-0.263897695001668,non_sig,-0.217129643663174
MCUR1,6p,-0.230593593000484,-0.01269053725887285,non_sig,-0.21790305574161115
CCDC90B,11q,-0.18317391355895,0.05841712059707645,non_sig,-0.24159103415602645
QSOX2,9q,-0.116792197324774,-0.0592283412909095,non_sig,-0.0575638560338645
QSOX1,1q,-0.208085376772272,-0.136925549514835,non_sig,-0.07115982725743702
PRRC2B,9q,-0.14852956821190388,0.0716050512713069,non_sig,-0.22013461948321078
PRRC2C,1q,-0.011923797640399,0.0233565947128683,non_sig,-0.0352803923532673
PRRC2A,6p,-0.06554379450747776,0.0558569462830156,non_sig,-0.12140074079049336
LONRF2,2q,-0.312770660680061,-0.0405891371537268,non_sig,-0.2721815235263342
TSNARE1,8q,-0.11424161327770005,-0.0107027806843005,non_sig,-0.10353883259339955
PPP1R8,1p,-0.0554387295427534,-0.0206775367278179,non_sig,-0.0347611928149355
SLC4A1AP,2p,0.018832100444273,0.0054461092335829995,non_sig,0.013385991210690002
ZDHHC17,12q,-0.185709628442074,-0.0188373031507152,non_sig,-0.16687232529135881
ZDHHC13,11p,-0.135827649783903,-0.05379845723081925,non_sig,-0.08202919255308375
GATAD2A,19p,-0.062015606096742656,0.0609398869191833,non_sig,-0.12295549301592595
GATAD2B,1q,-0.0622536149099376,-0.027193513217676,non_sig,-0.035060101692261605
MAT1A,10q,-0.1373396371122345,-0.0553272333290527,non_sig,-0.08201240378318181
MAT2A,2p,-0.0490920960299887,-0.0272263903106029,non_sig,-0.0218657057193858
GLT8D2,12q,0.935409239091832,-0.5423594795295446,non_sig,1.4777687186213766
GLT8D1,3p,-0.0146422681309449,0.005726848962431299,non_sig,-0.0203691170933762
ZNF667,19q,-0.177996689426791,-0.116019455923104,non_sig,-0.061977233503687
EAF1,3p,-0.09008376485189795,0.0518841008561402,non_sig,-0.14196786570803815
EAF2,3q,-0.47726780418340453,-0.220502566065005,non_sig,-0.2567652381183995
AIP,11q,-0.07284156649509735,-0.107214119462788,non_sig,0.03437255296769065
COL3A1,2q,-0.585580060916802,-0.77912647916399,non_sig,0.193546418247188
COL11A1,1p,-0.5401116121628785,-0.535275670110644,non_sig,-0.0048359420522344765
COL5A2,2q,-0.3497292352682285,-0.640480955479525,non_sig,0.29075172021129647
DPEP1,16q,-0.347815409237626,-0.43084816435372,non_sig,0.08303275511609398
DPEP3,16q,-0.1845993126111355,-0.488309143133628,non_sig,0.3037098305224925
PRKAR1B,7p,-0.2775492289618015,-0.0938672751905677,non_sig,-0.1836819537712338
PRKAR1A,17q,-0.232256342973132,-0.0700876320872715,non_sig,-0.1621687108858605
PRKAR2B,7q,-0.181603294424606,-0.293167820550995,non_sig,0.11156452612638901
PRKAR2A,3p,-0.0559814332086843,0.1548265332060615,non_sig,-0.2108079664147458
FOXP2,7q,-0.197092182393865,-0.569383877892911,non_sig,0.372291695499046
FOXP4,6p,-0.30552179152937253,0.006280129434343,non_sig,-0.3118019209637155
CYFIP2,5q,-0.130501265417488,-0.00424964883281815,non_sig,-0.12625161658466985
CYFIP1,15q,0.0337830816068183,-0.0537253963642743,non_sig,0.0875084779710926
SNAP91,6q,0.0462288585441408,-0.1003294578747,non_sig,0.14655831641884082
PICALM,11q,-0.002670577913740379,0.04678897855686062,non_sig,-0.049459556470601004
EIF2AK2,2p,-0.312348521345524,-0.0550119409015708,non_sig,-0.2573365804439532
EIF2AK3,2p,-0.0260474109020865,-0.0431002370803483,non_sig,0.017052826178261798
SLC25A3,12q,-0.185188750521959,0.05189250624533495,non_sig,-0.23708125676729394
HABP4,9q,-0.368910245552806,0.010026328067935,non_sig,-0.378936573620741
SERBP1,1p,-0.283214587855412,0.047145742153380354,non_sig,-0.33036033000879234
LSM1,8p,-0.26723092978985,0.113459814911823,non_sig,-0.380690744701673
RNF19A,8q,-0.0681580827241996,-0.0211717511739709,non_sig,-0.0469863315502287
GRM5,11q,-0.10337487868343,-0.09313159362381845,non_sig,-0.010243285059611543
CCNY,10p,-0.190695341926294,0.0425741213451156,non_sig,-0.2332694632714096
CCNYL1,2q,-0.0788373642429271,-0.10276811539320099,non_sig,0.02393075115027389
DISP1,1q,0.659194857012122,0.0568078707790824,non_sig,0.6023869862330395
DISP2,15q,0.1792678324551553,-0.267419107275394,non_sig,0.4466869397305493
TLN1,9p,-0.100535216091383,-0.08205871061343356,non_sig,-0.018476505477949434
TLN2,15q,-0.100946327798824,-0.09480012190630474,non_sig,-0.006146205892519255
HMGCS2,1p,-0.404524148586647,-0.549734345395857,non_sig,0.14521019680921
HMGCS1,5p,-0.63441432914433,-0.26685291885778,non_sig,-0.36756141028655004
PTDSS1,8q,-0.342465108371971,-0.0848272807680791,non_sig,-0.2576378276038919
PTDSS2,11p,-0.182520888401007,0.0964604248128921,non_sig,-0.2789813132138991
ODF2,9q,-0.1576831118400165,-0.0119018231471596,non_sig,-0.1457812886928569
ODF2L,1p,-0.14835855837650302,-0.0570366901886185,non_sig,-0.09132186818788453
RASSF1,3p,-0.145453357305455,0.0276246273750184,non_sig,-0.1730779846804734
LILRB4,19q,-0.6123619462114029,-0.8132699954121789,non_sig,0.20090804920077598
ZNF22,10q,0.010302447057781551,-0.114538736774153,non_sig,0.12484118383193454
ATXN7L3,17q,-0.07021313817700264,0.0955670876455627,non_sig,-0.16578022582256535
ATXN7L3B,12q,-0.419661921957832,-0.06281598292068036,non_sig,-0.3568459390371516
TBCE,1q,-0.174438656223246,-0.0776339978953872,non_sig,-0.0968046583278588
TBCEL,11q,-0.179665584028403,0.0825963754208488,non_sig,-0.2622619594492518
HEBP1,12p,-0.325094273285318,0.119551414736024,non_sig,-0.44464568802134197
HEBP2,6q,-0.259027828885497,0.122166020362745,non_sig,-0.381193849248242
PRKAG1,12q,-0.277696334240836,-0.0673879612163322,non_sig,-0.2103083730245038
PRKAG2,7q,-0.11932914776757915,-0.1060460883900749,non_sig,-0.01328305937750425
PTK2B,8p,-0.244897853173735,-0.2505382389413005,non_sig,0.005640385767565509
ZAP70,2q,-0.5540267108271285,-0.710029231257251,non_sig,0.15600252043012253
PTK2,8q,-0.452921859150704,-0.05787129905505465,non_sig,-0.3950505600956493
CDKN1B,12p,-0.114262724372241,-0.134549654718886,non_sig,0.020286930346645
CDKN1C,11p,0.05841150908483451,-0.13952219674230948,non_sig,0.19793370582714398
CDKN1A,6p,0.259126744524449,0.108682445890554,non_sig,0.15044429863389502
TRAFD1,12q,-0.26377215619724204,-0.07746930783714945,non_sig,-0.1863028483600926
XAF1,17p,-0.6882405776277235,-0.08834744473123145,non_sig,-0.599893132896492
HECTD4,12q,-0.10750894069006785,-0.018348213940480453,non_sig,-0.08916072674958739
HERC2,15q,-0.0218669864411953,-0.0564187126070292,non_sig,0.0345517261658339
ATP6V1C1,8q,-0.46008298529971,-0.121035709290902,non_sig,-0.33904727600880796
ATP6V1C2,2p,-0.0404270849048103,-0.162649873764034,non_sig,0.1222227888592237
TNS3,7p,-0.4021970589481815,-0.255613217822219,non_sig,-0.14658384112596246
TNS1,2q,-0.318134779562979,-0.4843285379390325,non_sig,0.16619375837605355
CDC37L1,9p,-0.3744543134698025,0.1000137875326447,non_sig,-0.4744681010024472
CDC37,19p,-0.3563171630794525,0.109156386287638,non_sig,-0.4654735493670905
RAB44,6p,0.0127011984924086,-0.12191670598695101,non_sig,0.13461790447935962
RAB27A,15q,-0.231612239519614,-0.0440375381569085,non_sig,-0.1875747013627055
RAB7A,3q,-0.205703772761061,-0.093339636324211,non_sig,-0.11236413643685
RAB35,12q,-0.1109462521418095,0.0493664190824079,non_sig,-0.1603126712242174
RAB3D,19p,0.00996163395635695,-0.0249392943975723,non_sig,0.034900928353929245
RAB13,1q,0.048568371678093,0.0037095958251081,non_sig,0.044858775852984895
SREK1,5q,0.0394082173039793,0.02442732145787575,non_sig,0.014980895846103553
SRSF11,1p,-0.0803448506584075,-0.0332809784780188,non_sig,-0.047063872180388704
MTCH1,6p,-0.06339647075288365,-0.0325906651510864,non_sig,-0.030805805601797256
MTCH2,11p,-0.11424409359684505,-0.004585896516019801,non_sig,-0.10965819708082525
NFIB,9p,0.0077880106061450505,0.0769804972910295,non_sig,-0.06919248668488445
NFIA,1p,0.143815081369236,0.135790937401417,non_sig,0.008024143967818975
NFIX,19p,-0.295721581415342,0.0649009772577289,non_sig,-0.3606225586730709
NFIC,19p,0.06957103363289355,0.144369104639989,non_sig,-0.07479807100709546
PITPNM3,17p,0.0633325563918961,-0.03458555755576935,non_sig,0.09791811394766545
RPS27L,15q,-0.035523607097416,-0.00664285803792675,non_sig,-0.028880749059489248
VNN1,6q,-0.371775960308113,-0.346165843997265,non_sig,-0.025610116310847975
BTD,3p,-0.0129875765531968,-0.01350683753116295,non_sig,0.0005192609779661496
SLC41A2,12q,0.01212792126271465,0.04412562964654759,non_sig,-0.031997708383832944
SLC41A3,3q,-0.276665879905747,-0.14734802096786348,non_sig,-0.1293178589378835
PUS7,7q,-0.647449574507869,-0.1641449443382945,non_sig,-0.4833046301695745
PUS7L,12q,-0.110078846161664,-0.07463332305709025,non_sig,-0.035445523104573745
ABHD14B,3p,-0.432124680653539,0.198026896618834,non_sig,-0.6301515772723729
ABHD14A,3p,-0.313871650179864,0.19055081002983548,non_sig,-0.5044224602096995
BPHL,6p,-0.2141334503789005,0.0165535203895885,non_sig,-0.23068697076848899
TTC21B,2q,0.06068359195821556,-0.07015711511490069,non_sig,0.13084070707311624
TTC21A,3p,-0.09341585024584684,0.103547303784882,non_sig,-0.19696315403072884
NPTX1,17q,-0.12849377263566356,-0.42278095144479,non_sig,0.29428717880912647
TRAK2,2q,-0.152436059170783,-0.037916448995049354,non_sig,-0.11451961017573366
TRAK1,3p,-0.2215698585194375,0.09675571432994835,non_sig,-0.31832557284938584
GFM1,3q,-0.289985134174502,-0.0493383113377463,non_sig,-0.2406468228367557
GFM2,5q,-0.103516853643782,0.06531139629093455,non_sig,-0.16882824993471657
TSPAN10,17q,-0.139992863520829,-0.1008008974360206,non_sig,-0.03919196608480839
TSG101,11p,-0.15637520977056701,0.0428654884879766,non_sig,-0.19924069825854362
UEVLD,11p,-0.26410495128237,0.0709877967156821,non_sig,-0.3350927479980521
GPR107,9q,-0.0436523551442114,-0.0367154777763467,non_sig,-0.006936877367864698
GPR108,19p,0.0236737398987537,0.0504864294521105,non_sig,-0.026812689553356802
ZFPM2,8q,-0.6661245893081326,-0.1967453448252685,non_sig,-0.46937924448286406
ZFPM1,16q,-0.437530597016995,-0.07908089859447376,non_sig,-0.3584496984225212
ACCS,11p,0.04122741402761605,0.315581842417722,non_sig,-0.274354428390106
GPT,8q,-0.17388837358137624,-0.319336655264086,non_sig,0.14544828168270976
DDX54,12q,-0.12095053448083401,0.010442593386294451,non_sig,-0.13139312786712845
EXT2,11p,-0.194425924969021,-0.0170175741813478,non_sig,-0.1774083507876732
EXT1,8q,-0.141135087806682,-0.0791623371501814,non_sig,-0.0619727506565006
EXTL2,1p,-0.109013078712621,-0.07649722418280441,non_sig,-0.03251585452981659
EXTL3,8p,-0.0909566831764809,0.0070153448708419495,non_sig,-0.09797202804732284
SERF1A,5q,0.171734769268407,0.0026997559363361,non_sig,0.1690350133320709
LY6D,8q,-0.455021425226648,-0.6506552810068664,non_sig,0.1956338557802184
LCMT2,15q,-0.264729429284448,-0.08497661670814195,non_sig,-0.17975281257630604
LCMT1,16p,-0.155424919129746,-0.0246125474726423,non_sig,-0.1308123716571037
TNFRSF25,1p,-0.0524422441613051,-0.6977447862980914,non_sig,0.6453025421367864
TNFRSF1A,12p,-0.009395476116042,0.1176066822709225,non_sig,-0.1270021583869645
LY6K,8q,0.7901305954714359,-1.085853608297435,non_sig,1.875984203768871
CYP11A1,15q,-0.411082979856898,-0.2862602747517595,non_sig,-0.12482270510513849
ACOT11,1p,-0.302429048638177,-0.251209923514176,non_sig,-0.05121912512400101
CHN2,7p,-0.47330649704361355,-0.434670679656677,non_sig,-0.038635817386936555
CHN1,2q,-0.258566793637362,-0.0786839527338711,non_sig,-0.1798828409034909
COL15A1,9q,-0.509401757452323,-0.411071778717679,non_sig,-0.09832997873464394
ZC3H11A,1q,-0.128155014244407,0.0101983780782242,non_sig,-0.13835339232263122
PEX11A,15q,-0.027043478625891,-0.0180438389159503,non_sig,-0.0089996397099407
PEX11B,1q,-0.378530882329231,-0.059736818029283704,non_sig,-0.3187940642999473
KMT2B,19q,-0.134568370745268,-0.0706248382000515,non_sig,-0.06394353254521651
KMT2A,11q,-0.1404708531418915,-0.02577882152951845,non_sig,-0.11469203161237305
TRIM55,8q,0.48559912536579647,-0.001741341029133,non_sig,0.48734046639492945
TRIM63,1p,-0.3038531424070535,-0.267682095956777,non_sig,-0.03617104645027652
CRH,8q,0.2954624295295666,-0.153760469407806,non_sig,0.44922289893737255
KIF15,3p,-0.424035942577522,0.09787456840904525,non_sig,-0.5219105109865673
LYPD6B,2q,-0.9214873305915685,-1.36875826916364,non_sig,0.44727093857207145
ATAD3C,1p,-0.00893352045669535,-0.039419419984662,non_sig,0.030485899527966653
ATAD3A,1p,-0.0343206419027994,-0.0232869708894427,non_sig,-0.011033671013356696
ATAD3B,1p,-0.0899226371323185,0.046236234449941,non_sig,-0.1361588715822595
FBL,19q,-0.08666244969158626,-0.05983874593383695,non_sig,-0.026823703757749312
FBLL1,5q,-0.149287382244432,-0.09349506126403856,non_sig,-0.05579232098039344
TMBIM1,2q,0.0610821964955213,0.0336466114659271,non_sig,0.0274355850295942
CFB,6p,-0.202343806270959,-0.508033087915574,non_sig,0.305689281644615
C2,6p,-0.360642179696477,-0.23134035314092,non_sig,-0.129301826555557
ACTR8,3p,-0.146354534408987,-0.0264537496286299,non_sig,-0.1199007847803571
JMJD8,16p,-0.0645934459742789,-0.0238069583708827,non_sig,-0.040786487603396204
RGMB,5q,-0.321917789374502,0.0831970062882816,non_sig,-0.4051147956627836
CILP2,19p,-0.183939047867257,-0.07768699790001606,non_sig,-0.10625204996724096
RPLP1,15q,-0.0267157386128034,0.105963278002503,non_sig,-0.1326790166153064
RPLP0,12q,-0.10180231729923725,-0.03160365600657535,non_sig,-0.07019866129266189
RPLP2,11p,-0.0522242478437644,0.03317674880828575,non_sig,-0.08540099665205014
RHOT2,16p,-0.137274940501572,-0.0463991989075049,non_sig,-0.09087574159406708
RHOT1,17q,-0.339321263464541,-0.0212249451672731,non_sig,-0.3180963182972679
SOX6,11p,-0.4075937953036475,-0.168323850045452,non_sig,-0.23926994525819548
SOX13,1q,0.109751669210562,0.153864917389607,non_sig,-0.04411324817904501
SOX5,12p,-0.5451975196775904,-0.419380899388489,non_sig,-0.12581662028910146
SPRR1A,1q,-0.433323126372899,-0.5794323665127854,non_sig,0.1461092401398864
SPRR1B,1q,-1.009709381190536,-0.7307115455326295,non_sig,-0.2789978356579065
ASAH1,8p,-0.339010739805181,0.151054270249495,non_sig,-0.49006501005467595
NAAA,4q,-0.2137573310155175,0.130269551717661,non_sig,-0.3440268827331785
ZNF865,19q,-0.183574931382303,-0.0444196115031214,non_sig,-0.1391553198791816
PRR12,19q,-0.2989271273554095,0.0014338556685945998,non_sig,-0.3003609830240041
QSER1,11p,-0.09302268495814225,-0.01412526240935405,non_sig,-0.0788974225487882
MDM2,12q,-0.600314235014246,-0.04167048118516715,non_sig,-0.5586437538290788
MDM4,1q,-1.1699945240992,-0.288196468799181,non_sig,-0.8817980553000191
SLC35E1,19p,0.0455504184630426,0.0486878724212467,non_sig,-0.0031374539582040978
ANKS1A,6p,-0.3326124841029625,-0.039826705215594296,non_sig,-0.29278577888736823
ANKS1B,12q,-0.18383242749818252,-0.0204453062150232,non_sig,-0.16338712128315933
MYO19,17q,-0.0954555594740532,-0.0203212930440372,non_sig,-0.075134266430016
ACTR3,2q,-0.10242504345499,0.0044143172092562,non_sig,-0.1068393606642462
ARPP19,15q,-0.383424329665028,0.0637975361464426,non_sig,-0.4472218658114706
ENSA,1q,-0.620177392474147,-0.152002132456241,non_sig,-0.46817526001790605
TM2D3,15q,-0.0939116373945027,0.0658753323119759,non_sig,-0.1597869697064786
TM2D1,1p,-0.163205846965192,0.0792948968433229,non_sig,-0.24250074380851488
CDON,11q,-0.19941035602601936,-0.240561252062795,non_sig,0.04115089603677563
BOC,3q,-0.410544296987052,-0.42520901830710445,non_sig,0.01466472132005242
SPARC,5q,-0.921329528690011,-0.820146488351535,non_sig,-0.10118304033847592
SPARCL1,4q,-0.10133737738828366,-0.167802421328625,non_sig,0.06646504394034133
CD79B,17q,-0.46809638785615504,-0.705580595326316,non_sig,0.23748420747016097
CD79A,19q,-0.9864006027241239,-0.775430116205819,non_sig,-0.21097048651830486
ABLIM1,10q,-0.384542976434172,0.10086969258489151,non_sig,-0.48541266901906355
DMTN,8p,-0.232121196402545,0.0623250664186643,non_sig,-0.2944462628212093
ABLIM2,4p,0.204446297301384,-0.044332964254773746,non_sig,0.24877926155615776
ABLIM3,5q,-0.249686480317892,-0.2914202550264715,non_sig,0.0417337747085795
RSL24D1,15q,-0.0299442332059499,0.101089512550293,non_sig,-0.1310337457562429
RPL24,3q,-0.0222747604795952,0.0786576698081594,non_sig,-0.1009324302877546
ORC1,1p,-0.159814675960434,-0.047086366525813245,non_sig,-0.11272830943462075
CDC6,17q,-0.206722650594107,-0.045289093565443,non_sig,-0.161433557028664
ITPKA,15q,-0.1740086017213095,-0.148807777060341,non_sig,-0.025200824660968485
ITPKC,19q,-0.148301893182711,0.0058829804729143495,non_sig,-0.15418487365562536
ITPKB,1q,-0.246897707881572,-0.18681110935553,non_sig,-0.06008659852604201
THUMPD3,3p,-0.344225290148786,0.09230900807718845,non_sig,-0.43653429822597445
THUMPD2,2p,-0.12615691769238802,-0.0956010785090564,non_sig,-0.030555839183331615
MST1R,3p,0.233572066768217,-0.45974281542193896,non_sig,0.693314882190156
RASSF3,12q,-0.04459487557664415,0.004534616772154,non_sig,-0.04912949234879815
RASSF5,1q,-0.788988872506072,-0.305944484333447,non_sig,-0.48304438817262496
UNC13D,17q,-0.3322353480694295,-0.533284582481167,non_sig,0.20104923441173744
KCNN3,1q,-0.2786519346076115,-0.2503918052339445,non_sig,-0.02826012937366701
KCNN4,19q,-0.14008992291400202,-0.287988066701037,non_sig,0.14789814378703497
TARDBP,1p,0.0421354579010451,0.0037073920977262,non_sig,0.0384280658033189
PYGO1,15q,0.383897041964135,0.346437612118582,non_sig,0.037459429845553005
PYGO2,1q,0.063644839755441,0.08607025617022,non_sig,-0.022425416414779006
RHOBTB3,5q,-0.190193728468956,-0.04923284090477205,non_sig,-0.14096088756418396
RNF126,19p,-0.253508307127072,0.0897971257779433,non_sig,-0.3433054329050153
RNF181,2p,-0.011913600659790451,-0.030877239613228302,non_sig,0.01896363895343785
RNF115,1q,0.022832079467799353,-0.0590476263158596,non_sig,0.08187970578365895
ERC1,12p,-0.145000501677702,0.05632506344334,non_sig,-0.201325565121042
HOXC8,12q,1.4729815907403498,-0.029334948479379994,non_sig,1.5023165392197297
HOXD8,2q,-0.09582199483901195,-0.291632229202651,non_sig,0.1958102343636391
FAHD1,16p,-0.0822029252271504,0.1305261283714627,non_sig,-0.2127290535986131
FAH,15q,-0.253500757006813,-0.07315078227237826,non_sig,-0.18034997473443476
FAHD2A,2q,-0.0474783522804057,-0.0098086204993828,non_sig,-0.0376697317810229
FAHD2B,2q,-0.0773239689349031,-0.0438033669952626,non_sig,-0.03352060193964051
RPSA,3p,-0.0291165910381024,0.06655501840788665,non_sig,-0.09567160944598904
ITPR1,3p,-0.270589342817144,-0.151930471273908,non_sig,-0.11865887154323598
ITPR2,12p,-0.0640617494043275,0.0388146908537421,non_sig,-0.1028764402580696
ITPR3,6p,0.12010605345355264,0.09647754592777925,non_sig,0.02362850752577339
CLEC2D,12p,-1.2702326840309701,-0.141680629362364,non_sig,-1.128552054668606
NFIL3,9q,-0.131951791567541,-0.0040438070841215005,non_sig,-0.1279079844834195
NAT1,8p,-0.2599783077748235,0.112152777312283,non_sig,-0.3721310850871065
SCGN,6p,-0.517006335188854,-0.534908948799865,non_sig,0.017902613611010976
CALB1,8q,-0.548896503572939,-0.420760221983857,non_sig,-0.12813628158908197
CALB2,16q,-0.770435114440864,-0.626492254008248,non_sig,-0.14394286043261595
SSU72,1p,0.0641810780783973,-0.00422817605294925,non_sig,0.06840925413134656
AGR2,7p,-0.7363696163941029,-0.886627016291456,non_sig,0.1502573998973531
AGR3,7p,-0.4966939919976,-0.5406040151021274,non_sig,0.04391002310452741
TXNDC12,1p,-0.11122177992173,0.03931978040020645,non_sig,-0.15054156032193644
USP7,16p,-0.230763748988117,-0.06389614920646285,non_sig,-0.16686759978165416
USP48,1p,-0.31895555625767,-0.099293542997586,non_sig,-0.21966201326008403
EVI5L,19p,-0.151184027636057,0.0638195419275893,non_sig,-0.2150035695636463
EVI5,1p,-0.126316299864174,0.0899691981859284,non_sig,-0.2162854980501024
R3HDM2,12q,-0.210784599697239,0.00447619175212115,non_sig,-0.21526079144936017
R3HDM1,2q,-0.14670449664798152,-0.01723773164058055,non_sig,-0.12946676500740098
ARPP21,3p,-0.11976577979642321,-0.46189407517551,non_sig,0.3421282953790868
FAM167A,8p,-0.595615803792493,-0.1803152314313915,non_sig,-0.4153005723611015
COL6A3,2q,-0.529479970608769,-0.644936570787852,non_sig,0.1154566001790831
COL6A5,3q,0.0236772880294118,0.0098502199085837,non_sig,0.0138270681208281
COL6A6,3q,0.097739801237847,-0.0727806144979345,non_sig,0.1705204157357815
EEF1B2,2q,-0.203231945235002,0.0241964087962829,non_sig,-0.2274283540312849
CAPRIN2,12p,-0.89861415411849,-0.159540123682896,non_sig,-0.739074030435594
CAPRIN1,11p,0.0077184778687650005,0.06366972702683245,non_sig,-0.05595124915806745
SLX1A,16p,0.22600295711063445,-0.08859968614796895,non_sig,0.31460264325860343
CD177,19q,0.528786876297156,-0.35377842156429,non_sig,0.882565297861446
DARS2,1q,-0.394780279201928,-0.055289561395424,non_sig,-0.33949071780650397
LYPD3,19q,-0.314174761986867,-0.7138442610478906,non_sig,0.39966949906102356
LYPD5,19q,-0.6707346162753289,-0.42487189093444755,non_sig,-0.24586272534088138
ZNF362,1p,-0.392421350271138,-0.14752748076545,non_sig,-0.244893869505688
ZNF384,12p,-0.204757758743366,-0.0153901822351334,non_sig,-0.1893675765082326
USF1,1q,-0.1073633655743675,-0.000948563744349,non_sig,-0.1064148018300185
USF2,19q,-0.03423448210460215,-0.0005734760709971498,non_sig,-0.033661006033605
RAD51AP1,12p,-0.262642808832246,-0.172233662015986,non_sig,-0.09040914681626
NUCKS1,1q,-0.58141314484489,-0.184198967095351,non_sig,-0.39721417774953904
TNNI1,1q,0.14554501517087914,-0.239805483712069,non_sig,0.38535049888294814
DST,6p,-0.11917883673068325,-0.1943516401066565,non_sig,0.07517280337597326
MACF1,1p,-0.394363895962809,-0.05241817928864375,non_sig,-0.3419457166741653
PHLDB1,11q,-0.179269573099986,-0.05424624811626885,non_sig,-0.12502332498371715
PHLDB3,19q,0.03005576751289445,-0.0879838060502878,non_sig,0.11803957356318225
PHLDB2,3q,0.567097444856372,-0.05868462935340445,non_sig,0.6257820742097765
PLCXD3,5p,-0.627488461196051,-0.463292971235131,non_sig,-0.16419548996091993
FAM98C,19q,0.0397629505915414,-0.0342060215737275,non_sig,0.0739689721652689
FAM98B,15q,-0.0966302956518089,0.07510868127830655,non_sig,-0.17173897693011547
FAM98A,2p,-0.128677134558768,-0.0487536558728328,non_sig,-0.0799234786859352
FSTL1,3q,-0.118295947033374,-0.31647148868648,non_sig,0.19817554165310602
NECAP1,12p,-0.202319038489193,0.0353998327829189,non_sig,-0.2377188712721119
NECAP2,1p,-0.073788977179059,-0.006217755838695674,non_sig,-0.06757122134036332
EPPK1,8q,-0.5241212477422115,-0.3675326283459237,non_sig,-0.15658861939628776
PLEC,8q,0.123001507817352,0.0285174273605438,non_sig,0.0944840804568082
PPP1R1B,17q,-0.3708579251130795,-0.30491473484904696,non_sig,-0.06594319026403256
PPP1R1A,12q,-0.2063414463239745,-0.295995950456732,non_sig,0.0896545041327575
IL37,2q,-0.759439700629994,-0.340315512990037,non_sig,-0.419124187639957
IL36G,2q,0.40896626016564697,-0.259602326988153,non_sig,0.6685685871538
LIMS2,2q,-0.509454080843281,-0.4684366476484225,non_sig,-0.04101743319485851
LIMS1,2q,-0.20947437184471,-0.0894205240186469,non_sig,-0.12005384782606308
RARRES1,3q,-0.569858201324276,-0.678921928736532,non_sig,0.109063727412256
LXN,3q,-1.0771969630658484,-0.183889745884856,non_sig,-0.8933072171809925
FAR2,12p,-0.5831103903724899,-0.228055173192868,non_sig,-0.3550552171796219
FAR1,11p,-0.277056957360945,-0.0840102531242796,non_sig,-0.1930467042366654
GRPEL2,5q,-0.0713443331673367,0.0919322872869977,non_sig,-0.1632766204543344
GRPEL1,4p,-0.05643956906626405,0.132121990591164,non_sig,-0.18856155965742805
PCYOX1L,5q,-0.150729536111978,-0.02664829616503235,non_sig,-0.12408123994694566
PCYOX1,2p,-0.130630474762547,-0.09518127180142795,non_sig,-0.035449202961119045
RNF145,5q,0.09838014545025339,-0.00516299942971045,non_sig,0.10354314487996384
RNF139,8q,-0.164538978759113,-0.0684572184049043,non_sig,-0.09608176035420869
TADA2B,4p,0.03501678354180665,-0.0114660861376396,non_sig,0.04648286967944625
TADA2A,17q,0.0500452165621214,-0.144132265990626,non_sig,0.19417748255274742
ATG16L1,2q,-0.0583297527412372,-0.0099529968829416,non_sig,-0.0483767558582956
NUCB2,11p,-0.109786793791489,0.0509962254995935,non_sig,-0.16078301929108252
NUCB1,19q,-0.0757868935798274,0.1018301870170575,non_sig,-0.1776170805968849
RFX7,15q,-0.2530887817264365,0.106929828058232,non_sig,-0.3600186097846685
RFX5,1q,-0.255496796308561,-0.0330641588801865,non_sig,-0.2224326374283745
NT5C3A,7p,-0.4013853155920995,-0.1868434169671,non_sig,-0.2145418986249995
NT5C3B,17q,-0.451008697652051,0.0415992736057728,non_sig,-0.4926079712578238
AMPD3,11p,-0.586972139994605,-0.1747171907870885,non_sig,-0.4122549492075165
AMPD1,1p,-0.1907306520205277,-0.0944857072995964,non_sig,-0.09624494472093129
AMPD2,1p,-0.474644270970312,-0.06960497842039885,non_sig,-0.4050392925499131
HEXA,15q,-0.193742129676954,0.0127081517358537,non_sig,-0.20645028141280772
HEXB,5q,-0.136009962040501,0.050701028982509305,non_sig,-0.1867109910230103
HUS1,7p,-0.254957509951015,-0.163740635896667,non_sig,-0.09121687405434803
INPP4B,4q,-0.3069443475775645,-0.18950716307513,non_sig,-0.11743718450243451
INPP4A,2q,-0.258998195018878,-0.02042150216869475,non_sig,-0.23857669285018324
PRPF40B,12q,-0.123552662709106,-0.106593366456573,non_sig,-0.016959296252533007
PRPF40A,2q,-0.0740178331612207,-0.0093059193569601,non_sig,-0.0647119138042606
MYLK,3q,-0.348481993404383,-0.4595497482042338,non_sig,0.11106775479985076
DEPDC1B,5q,-0.10528443438822041,0.0340094142602233,non_sig,-0.1392938486484437
DEPDC1,1p,0.0010972020164583,-0.0032976812525478,non_sig,0.0043948832690061
DEPDC7,11p,-0.165706777819321,-0.0482547534937183,non_sig,-0.1174520243256027
SRCAP,16p,-0.0528241447813145,0.00231226651659055,non_sig,-0.05513641129790505
EP400,12q,-0.07087233263412446,0.0030534805218834,non_sig,-0.07392581315600785
NRIP3,11p,-0.6742776823535055,-0.0636366617346977,non_sig,-0.6106410206188078
ROBO1,3p,-0.230147220034573,0.1651865859256075,non_sig,-0.39533380596018053
ROBO2,3p,-0.205993605176936,-0.6953158460790635,non_sig,0.4893222409021275
UHRF1,19p,-0.186018574690813,0.0188989072960657,non_sig,-0.2049174819868787
UHRF2,9p,-0.218326953190666,0.00958943810610185,non_sig,-0.22791639129676786
PEAK1,15q,-0.007115833769454,-0.011736137207322101,non_sig,0.004620303437868101
VPS45,1q,0.0043464830574179,-0.074510192271122,non_sig,0.0788566753285399
METAP1,4q,-0.1375499579562095,0.12076678471202251,non_sig,-0.258316742668232
METAP1D,2q,-0.282025387828893,0.0393522577079309,non_sig,-0.3213776455368239
LIX1L,1q,0.157500224404488,-0.0195206521514104,non_sig,0.1770208765558984
MAP3K4,6q,-0.175156699693122,0.0017791192501338,non_sig,-0.1769358189432558
GPT2,16q,-0.402171997985576,-0.0841985665442069,non_sig,-0.31797343144136914
CFLAR,2q,-0.9569634376533536,0.0280428424025556,non_sig,-0.9850062800559092
GBP4,1p,-0.623599073455296,-0.27128402753886804,non_sig,-0.3523150459164279
GBP6,1p,-0.6451026389234615,-0.5146533710808935,non_sig,-0.13044926784256805
DHCR7,11q,-0.053114062013844,-0.0376916815040816,non_sig,-0.015422380509762398
LBR,1q,-0.237974630675608,-0.0774139105447401,non_sig,-0.16056072013086792
TM7SF2,11q,-0.306885237271957,-0.0429852418055755,non_sig,-0.2638999954663815
ARHGAP11A,15q,-0.189441035887007,0.03198093705006485,non_sig,-0.22142197293707186
SETD1A,16p,-0.019870802842874,-0.01686122175257605,non_sig,-0.0030095810902979504
SETD1B,12q,0.127251615519052,0.0288146725127598,non_sig,0.09843694300629222
DDX51,12q,-0.08446939964181635,-0.02894342684163565,non_sig,-0.0555259728001807
GREM1,15q,-0.09863770595012825,0.0300556395049098,non_sig,-0.12869334545503805
GREM2,1q,-0.0482942390974148,-0.241461986880486,non_sig,0.19316774778307122
IFI44L,1p,-0.3346753932043775,-0.250029742955733,non_sig,-0.08464565024864451
IFI44,1p,-0.5283850523898025,-0.233048606437773,non_sig,-0.29533644595202946
EFHD1,2q,0.105031919865618,-0.6118941544151439,non_sig,0.7169260742807619
EFHD2,1p,0.0377310640359858,0.0441445743892517,non_sig,-0.0064135103532659
MYRIP,3p,-0.5130105340049385,-0.651815609217613,non_sig,0.1388050752126745
DNASE2,19p,-0.06445337772266915,0.224071765480605,non_sig,-0.28852514320327416
AFP,4q,-0.158934837970563,-0.2731667968555195,non_sig,0.11423195888495649
NAE1,16q,-0.0840011874298869,-0.03038084006193055,non_sig,-0.053620347367956345
DUSP12,1q,-0.17344124855029,-0.0334659284582325,non_sig,-0.1399753200920575
SLC30A1,1q,-0.0538054233525266,0.0958479999259338,non_sig,-0.1496534232784604
BCL9L,11q,0.021768389467475648,0.08953336376388465,non_sig,-0.06776497429640901
BCL9,1q,-0.414360625946668,0.0002915170701918,non_sig,-0.4146521430168598
BTBD9,6p,0.140428967205174,-0.02262263957472265,non_sig,0.16305160677989666
IGF2,11p,-0.2322249341457025,-0.35619959684843,non_sig,0.1239746627027275
TPSAB1,16p,-0.721681705181869,-0.433038324474968,non_sig,-0.28864338070690104
OTUD7A,15q,0.0986632146183363,-0.0500779598915568,non_sig,0.1487411745098931
OTUD7B,1q,0.0091800855279635,-0.0089066142145603,non_sig,0.0180866997425238
TNFAIP3,6q,-0.0557861414326813,-0.20609751180886,non_sig,0.1503113703761787
GSDMD,8q,-0.189990112262133,0.07997693294614605,non_sig,-0.2699670452082791
GSDMB,17q,-0.424375734244199,-0.5804327119211595,non_sig,0.15605697767696053
METTL25,12q,0.151016772672216,-0.03687143006114925,non_sig,0.18788820273336526
SYNCRIP,6q,-0.2415264472610545,0.0802281350292921,non_sig,-0.3217545822903466
HNRNPR,1p,-0.08698414849946345,-0.0268794060804977,non_sig,-0.060104742418965754
SORT1,1p,-0.212938698024693,-0.29058639644732354,non_sig,0.07764769842263053
MLPH,2q,-0.235088814283649,-0.256283771433427,non_sig,0.02119495714977801
CCDC9,19q,-0.282681917909099,0.0087249055435713,non_sig,-0.2914068234526703
COL21A1,6p,0.388400037922458,-0.654773528729038,non_sig,1.043173566651496
COL16A1,1p,-0.202727505327588,-0.209775899539551,non_sig,0.007048394211963016
OXCT1,5p,-0.047832255199935905,0.0515361784244489,non_sig,-0.0993684336243848
PLEKHA5,12p,-0.315187032738239,0.014682715912796001,non_sig,-0.329869748651035
PLEKHA7,11p,0.03736736610510485,-0.1316524177012125,non_sig,0.16901978380631735
PLEKHA6,1q,-0.0911632984388453,-0.0843731380192427,non_sig,-0.006790160419602592
PHLDA1,12q,0.2717369504584985,0.100333481711936,non_sig,0.17140346874656248
PHLDA2,11p,0.1134549238987085,-0.16919048576718249,non_sig,0.28264540966589097
PHLDA3,1q,-0.412575885600344,-0.01254299145278615,non_sig,-0.4000328941475578
ZC3H4,19q,-0.204643225476279,0.05970156953281445,non_sig,-0.26434479500909347
ZC3H8,2q,-0.163211890550679,0.0267823001572958,non_sig,-0.1899941907079748
ZC3H6,2q,-0.205466644303995,-0.00313077760237455,non_sig,-0.20233586670162046
CAD,2p,-0.517930598008987,-0.11782673801473201,non_sig,-0.400103859994255
CPS1,2q,-0.461719898907168,-0.368846692963299,non_sig,-0.092873205943869
MAPT,17q,-0.4506679679855843,-0.5005196645814167,non_sig,0.04985169659583244
MAP2,2q,-0.34004261392205054,-0.34773308874686903,non_sig,0.007690474824818494
KHDRBS1,1p,0.027739684217409,0.014787876683319549,non_sig,0.012951807534089452
QKI,6q,-0.1366933708609325,0.228564924269038,non_sig,-0.3652582951299705
KHDRBS3,8q,-0.448334737906833,-0.2119630192086845,non_sig,-0.2363717186981485
KHDRBS2,6q,-0.5379062085707045,-0.5511666094359845,non_sig,0.01326040086528002
NCOR2,12q,0.11651144206546751,-0.04316738509466515,non_sig,0.15967882716013265
NCOR1,17p,-0.09472323011957434,0.047926785182110146,non_sig,-0.14265001530168447
CHAC1,15q,0.258317106657786,0.11445345842364685,non_sig,0.14386364823413916
CHAC2,2p,-0.304123728655643,-0.0707017281278461,non_sig,-0.23342200052779694
ARID1B,6q,-0.1295283127793615,0.0696501597153569,non_sig,-0.1991784724947184
ARID1A,1p,-0.0562145767040464,0.053741729396306004,non_sig,-0.1099563061003524
MYH14,19q,-0.278414789289488,-0.33807859161285503,non_sig,0.05966380232336704
ANKRD36,2q,-0.0752813125648736,-0.0871179361653919,non_sig,0.011836623600518306
ANKRD36C,2q,-0.5412642585324795,0.259588387559987,non_sig,-0.8008526460924665
U2AF2,19q,-0.0538786966808077,0.04416740963992395,non_sig,-0.09804610632073166
GLS2,12q,0.29125968522642,-0.286946243560975,non_sig,0.578205928787395
GLS,2q,-0.19453472986258893,-0.1090025146089474,non_sig,-0.08553221525364153
ENC1,5q,0.10560415483763486,-0.01933535622569625,non_sig,0.12493951106333111
KLHL25,15q,-0.0694263630558832,-0.00545896187513865,non_sig,-0.06396740118074455
FYCO1,3p,-0.139953705190943,0.11816387595344,non_sig,-0.258117581144383
UBTF,17q,-0.173369728081297,-0.02199996914970625,non_sig,-0.15136975893159074
SESN1,6q,-0.07876462981776315,-0.0928377960670465,non_sig,0.014073166249283342
SESN2,1p,-0.0859645883524839,-0.0253359440889474,non_sig,-0.060628644263536494
SESN3,11q,0.0849367597106648,-0.108053601691064,non_sig,0.19299036140172882
SENP1,12q,-0.030286585073399347,-0.020466758684036,non_sig,-0.009819826389363347
SENP2,3q,-0.1176420528002215,-0.0798670919278822,non_sig,-0.037774960872339294
USP35,11q,-0.0847425911873093,-0.10934727097030131,non_sig,0.02460467978299201
USP38,4q,-0.150891041286253,0.051989402385999,non_sig,-0.202880443672252
ADAP1,7p,-0.8512137690428485,-0.0253628260260848,non_sig,-0.8258509430167638
ADAP2,17q,0.08548695526160952,-0.2423581750280475,non_sig,0.327845130289657
NUP210,3p,0.0017976906429739,0.166642752142158,non_sig,-0.16484506149918413
FCGR2A,1q,-1.1026512077561699,-0.587172447082303,non_sig,-0.5154787606738669
FCGR2B,1q,-1.14212657334218,-1.35468046009758,non_sig,0.2125538867554
GORASP1,3p,0.0937944221284989,0.1129172761764235,non_sig,-0.019122854047924603
GORASP2,2q,-0.127043068104592,0.0929067809904065,non_sig,-0.2199498490949985
TNFRSF10B,8p,-0.15219303328439948,0.421590585810175,non_sig,-0.5737836190945744
TNFRSF10A,8p,0.11317080275706101,0.3332360718917295,non_sig,-0.22006526913466848
TNFRSF10D,8p,-0.0925702479141494,0.35076836921918,non_sig,-0.4433386171333294
TNFRSF10C,8p,-0.442581084548674,-0.944692662778903,non_sig,0.502111578230229
SENP5,3q,-0.273949761905676,-0.144458480831796,non_sig,-0.12949128107388
SENP3,17p,-0.2850278332234,0.05921166777447925,non_sig,-0.3442395009978792
SAMD1,19p,-0.11583600572102551,0.0281576653748669,non_sig,-0.1439936710958924
ZNF302,19q,-0.229704080283117,-0.04781490315376565,non_sig,-0.18188917712935135
PLEKHO2,15q,-0.210947634607692,-0.08313643875718685,non_sig,-0.12781119585050515
PLEKHO1,1q,-0.148522635275034,-0.21687727916697752,non_sig,0.06835464389194351
GPD1,12q,-0.3355543491332845,-0.209828121952031,non_sig,-0.12572622718125354
GPD1L,3p,-0.350049363076264,0.00141012626707525,non_sig,-0.35145948934333926
ZBTB45,19q,-0.2595557714470845,0.051769723201118154,non_sig,-0.3113254946482027
ZBTB20,3q,-0.219001842447706,-0.09744586585858735,non_sig,-0.12155597658911867
VPS33B,15q,-0.157637201802484,-0.08822329276395124,non_sig,-0.06941390903853276
VPS33A,12q,-0.04534610570622565,-0.0463407320137723,non_sig,0.0009946263075466463
KSR2,12q,-0.0787059966511615,0.0047484892898024,non_sig,-0.0834544859409639
KSR1,17q,-0.328681050936777,-0.242905130947076,non_sig,-0.08577591998970102
HPD,12q,-0.431745909911144,-0.376529164015046,non_sig,-0.055216745896097985
HPDL,1p,-0.148437252338664,-0.27048804017105,non_sig,0.12205078783238599
CGNL1,15q,-0.146907812793562,-0.23853577782639301,non_sig,0.09162796503283102
CGN,1q,-0.114102635050373,-0.0394519218976469,non_sig,-0.0746507131527261
NBL1,1p,-0.140672896615597,-0.0085688674246903,non_sig,-0.13210402919090672
CTNNB1,3p,0.332335741728109,-0.0070252321445959005,non_sig,0.33936097387270486
CRTAP,3p,-0.175506777129149,-0.07283465716169846,non_sig,-0.10267211996745054
CLDN18,3q,-0.210639182562054,-0.401417782096348,non_sig,0.190778599534294
VPS39,15q,-0.147725984756059,-0.0264245394025378,non_sig,-0.12130144535352119
TGFBRAP1,2q,-0.179828111472085,-0.0086358129917158,non_sig,-0.1711922984803692
RBM15,1p,0.0026691567390755,-0.025338604052524548,non_sig,0.02800776079160005
RBM15B,3p,-0.132879324502918,0.07098894769567095,non_sig,-0.20386827219858894
TMEM87A,15q,-0.0363186731881942,-0.113852847805757,non_sig,0.07753417461756279
TMEM87B,2q,0.0014985737897757,-0.0054357491065073,non_sig,0.006934322896283
SRSF12,6q,-0.339643128080098,-0.2225973601639065,non_sig,-0.1170457679161915
SRSF10,1p,-0.0231117793200122,-0.0286275655547669,non_sig,0.0055157862347547
THEM4,1q,-0.708037473037625,-0.096448047384938,non_sig,-0.611589425652687
ISLR,15q,-1.02880179740537,-0.09835947574872711,non_sig,-0.9304423216566429
BCL3,19q,0.0752210902599923,-0.0378435027878402,non_sig,0.11306459304783249
NFKBIE,6p,-0.384309341364867,0.0458375197233737,non_sig,-0.4301468610882407
NCKAP1L,12q,-0.688573724598369,-0.5546185890213465,non_sig,-0.13395513557702243
NCKAP1,2q,0.0582918256903606,0.101753544323885,non_sig,-0.0434617186335244
CD200R1,3q,0.24156898823294148,-0.2164492633697655,non_sig,0.458018251602707
EEF1D,8q,-0.04163001530562799,-0.01252841393314355,non_sig,-0.029101601372484437
RAVER1,19p,-0.18348442307569604,0.04883487722765699,non_sig,-0.23231930030335302
RAVER2,1p,-0.0581016321486465,0.0009459768334675999,non_sig,-0.0590476089821141
PLEKHA4,19q,-0.03612786990870105,-0.1227410034535575,non_sig,0.08661313354485645
ALKBH8,11q,-0.3192154500389055,0.012527316263377901,non_sig,-0.3317427663022834
MNDA,1q,-0.90294875003049,-0.5667481623791875,non_sig,-0.33620058765130256
IFI16,1q,-0.0431939152083416,0.077383702867003,non_sig,-0.12057761807534459
ZBTB17,1p,-0.0141631479235848,-0.0219131777591825,non_sig,0.007750029835597701
SARS2,19q,-0.13863497624326,-0.10245009009290801,non_sig,-0.03618488615035198
SLC25A44,1q,-0.0631587569845094,-0.00361886611204705,non_sig,-0.05953989087246235
SF1,11q,0.10333153643892115,0.036575543465331845,non_sig,0.0667559929735893
CCNT1,12q,-0.09077046379212869,0.0233433778049431,non_sig,-0.11411384159707179
TOP2B,3p,-0.244270590914111,-0.04593400418788815,non_sig,-0.19833658672622284
TOP2A,17q,-0.103109634974772,-0.08034185708097945,non_sig,-0.022767777893792557
BTBD10,11p,-0.0476071132966389,-0.02107772520066765,non_sig,-0.02652938809597125
KCTD20,6p,-0.152564757337504,-0.017452820391690597,non_sig,-0.1351119369458134
STYK1,12p,-0.04396958098659405,-0.305525496806545,non_sig,0.26155591581995097
SLC20A1,2q,-0.360856814445541,-0.14276570446966852,non_sig,-0.2180911099758725
SLC20A2,8p,-0.0370944125116399,-0.3208686834524135,non_sig,0.28377427094077357
MYEF2,15q,0.0889775800697917,0.1424448720981665,non_sig,-0.0534672920283748
HNRNPM,19p,-0.09030835718361901,-0.03723547725785885,non_sig,-0.053072879925760166
SATB1,3p,-0.268957092648918,-0.138798906627623,non_sig,-0.13015818602129497
SATB2,2q,-0.245186455558272,-0.225777143980457,non_sig,-0.019409311577815003
RYR1,19q,-0.0388587255780938,0.058088347096598,non_sig,-0.0969470726746918
EPCAM,2p,0.178511486274691,-0.1920473713664865,non_sig,0.37055885764117746
TACSTD2,1p,-0.312767728483893,-0.7615652226710725,non_sig,0.4487974941871795
S100A6,1q,0.316875545674157,0.101835833403702,non_sig,0.21503971227045499
S100A3,1q,-0.018538818603634148,-0.2919638942042615,non_sig,0.27342507560062734
S100A5,1q,-0.2017209269173365,0.0151746512837902,non_sig,-0.2168955782011267
S100A14,1q,-0.992099965795826,-0.794070913217232,non_sig,-0.19802905257859404
S100A16,1q,0.41729594997953,-0.113416708414711,non_sig,0.530712658394241
S100A11,1q,0.186223571838435,-0.0494207924366251,non_sig,0.23564436427506008
S100A13,1q,0.258032149722465,0.0816670973220479,non_sig,0.1763650524004171
PPP2R3A,3q,-0.15265074905624,-0.0309373345225648,non_sig,-0.12171341453367518
TUFT1,1q,0.131530772474284,0.102518560925604,non_sig,0.029012211548679986
SPRR3,1q,-0.945470515247372,-0.5929337976967695,non_sig,-0.35253671755060256
SPRR2D,1q,-0.487823279132073,-0.893975873363895,non_sig,0.40615259423182193
MFSD2A,1p,-0.754911067049829,-0.0795604791966888,non_sig,-0.6753505878531403
UGP2,2p,-0.166715841963728,-0.06517202636879066,non_sig,-0.10154381559493733
TNNT3,11p,-0.244227001309917,-0.406709716187095,non_sig,0.162482714877178
TNNT2,1q,1.9486476772930874,-0.410527317152451,non_sig,2.3591749944455382
ODC1,2p,-0.278461903367091,-0.0224943669705315,non_sig,-0.2559675363965595
RBPMS2,15q,-0.410792928198028,-0.177808034178571,non_sig,-0.232984894019457
RBPMS,8p,-0.32861408043087204,0.1380311734496395,non_sig,-0.46664525388051153
NBPF1,1p,-0.1182101117127865,-0.035896909424626096,non_sig,-0.08231320228816041
NFKBIZ,3q,-0.565632628990065,1.02620767297556,non_sig,-1.5918403019656249
RPTN,1q,0.42722728452980047,-0.219898101252536,non_sig,0.6471253857823365
GULP1,2q,-0.0536638074889343,0.152299619380327,non_sig,-0.20596342686926128
EPS15L1,19p,-0.09869382819304415,0.0467326859395347,non_sig,-0.14542651413257884
EPS15,1p,-0.131547590207324,-0.0030891658138332,non_sig,-0.1284584243934908
RILPL2,12q,-0.07117375144820685,-0.123171238264395,non_sig,0.05199748681618814
PER1,17p,-0.226180973475809,0.0791995274000684,non_sig,-0.3053805008758774
PER2,2q,0.42794693384979,0.077192213740829,non_sig,0.35075472010896097
PER3,1p,-0.345147745477374,-0.40915662700321,non_sig,0.064008881525836
CLASP1,2q,-0.1004165437613975,-0.0669264788908072,non_sig,-0.033490064870590294
CLASP2,3p,-0.316486045980237,0.05755297512943759,non_sig,-0.3740390211096746
MYCN,2p,-0.885891776285838,0.038029079459606,non_sig,-0.923920855745444
MYC,8q,0.30216564751779396,-0.0330720818762632,non_sig,0.33523772939405716
MYCL,1p,-0.0490444663421515,-0.0026272266686786,non_sig,-0.0464172396734729
PUM2,2p,-0.148060738484377,-0.023410536658931672,non_sig,-0.12465020182544534
PUM1,1p,-0.07959960134618502,-0.00642086088792575,non_sig,-0.07317874045825927
SKIL,3q,-0.150560786643633,-0.057830596697596354,non_sig,-0.09273018994603666
CREG1,1q,-0.325657348110427,0.0246888514101799,non_sig,-0.3503461995206069
PSCA,8q,-0.504255567582841,-0.683524222750791,non_sig,0.1792686551679501
DCAF6,1q,0.1221030556911897,-0.0455960699717958,non_sig,0.1676991256629855
LY6H,8q,-3.716466967208275,-1.532430456145305,non_sig,-2.1840365110629696
SIDT2,11q,-0.29855619589983495,-0.0549108413999096,non_sig,-0.24364535449992536
LPP,3q,-0.203579765379105,0.1935783222147385,non_sig,-0.3971580875938435
FBLIM1,1p,0.310532539997311,-0.04462219285724915,non_sig,0.3551547328545602
SORL1,11q,-0.207284177323177,0.020432936635856748,non_sig,-0.22771711395903374
LRRFIP1,2q,-0.1798721614590621,-0.0112091663133215,non_sig,-0.1686629951457406
LRRFIP2,3p,-0.191212719339624,0.1540620627548395,non_sig,-0.3452747820944635
ERI1,8p,-0.28064308166138796,0.1580979213102845,non_sig,-0.43874100297167246
ERI3,1p,-0.168443456037849,0.0042379415180003,non_sig,-0.1726813975558493
GON4L,1q,0.011639633224849,-0.0810489344821691,non_sig,0.0926885677070181
YY1AP1,1q,-0.423965652550028,-0.0204838914721221,non_sig,-0.4034817610779059
MSH2,2p,-0.210279569521345,-0.07589234458573946,non_sig,-0.13438722493560554
NFYC,1p,0.0096953630727746,-0.0351165995260531,non_sig,0.044811962598827706
POLE4,2p,-0.164509840069747,0.0099146334612322,non_sig,-0.1744244735309792
SLAMF1,1q,-0.6388601808001235,-0.5731782367886294,non_sig,-0.06568194401149408
CLCA2,1p,-0.853258334419347,-0.436125798816593,non_sig,-0.41713253560275393
CLCA4,1p,-0.632604560330706,-0.5308353246866004,non_sig,-0.10176923564410556
CLCA1,1p,-0.428306004931974,-0.99756213208032,non_sig,0.569256127148346
UQCRH,1p,0.094020424330457,0.154715368374837,non_sig,-0.060694944044379986
CTNNBIP1,1p,-0.1199500224717035,-0.0242486988240963,non_sig,-0.0957013236476072
LZIC,1p,-0.172758139087366,0.03548424676329235,non_sig,-0.20824238585065835
TOR1AIP2,1q,0.0530208371304682,0.0932626677494881,non_sig,-0.040241830619019904
TOR1AIP1,1q,-0.169833474856566,0.012872329419078,non_sig,-0.182705804275644
ITLN1,1q,0.313813395994916,-0.08730515246147724,non_sig,0.4011185484563932
ITLN2,1q,-1.1535813504655286,-0.594117248021547,non_sig,-0.5594641024439816
VANGL2,1q,-0.9581438830568499,0.01091765046032445,non_sig,-0.9690615335171744
VANGL1,1p,-0.0422174061309414,-0.0283234951400142,non_sig,-0.013893910990927204
