gene,arm,median_loss,median_neutral,condition,norm_exp
RAB3B,1p,3.4497946873270293,3.760632951327027,sig,-0.3108382639999978
YAP1,11q,2.911307607521526,3.2304661884284287,sig,-0.31915858090690286
IREB2,15q,2.761937520501279,2.6337809045514042,sig,0.12815661594987482
CHD3,17p,2.3240360037085583,2.6881527048575373,sig,-0.364116701148979
RAB31,18p,2.9507553599086345,2.9287873020665733,sig,0.02196805784206113
RAB8A,19p,5.126749634066188,5.283438242415536,sig,-0.15668860834934772
RAB8A,19p,5.126749634066188,5.283438242415536,sig,-0.15668860834934772
DDX17,22q,6.490523612356796,6.684862318509896,sig,-0.19433870615309967
ARF4,3p,4.075043389496239,4.461699555967487,sig,-0.3866561664712478
EIF1B,3p,0.7497796053818331,1.023472725434776,sig,-0.2736931200529429
CIRBP,19p,4.456507059805867,5.065700350980728,non_sig,-0.6091932911748605
KDM5B,1q,2.6206066638172825,2.702279867375402,non_sig,-0.08167320355811958
CDYL,6p,3.3720524510580567,3.388841083116356,non_sig,-0.016788632058299058
SOX15,17p,2.141294949110165,2.3776672408120634,non_sig,-0.23637229170189844
SOX2,3q,1.8398027692925325,1.9783509478665569,non_sig,-0.13854817857402435
SOX17,8q,0.6680580680682027,2.2560684594527434,non_sig,-1.5880103913845407
SOX21,13q,2.1779847646845276,2.1211776170946632,non_sig,0.05680714758986438
CEL,9q,3.2050712429651034,3.144015376685662,non_sig,0.06105586627944115
PCDH1,5q,2.9945086101880087,2.9318098224773834,non_sig,0.06269878771062531
PCDH9,13q,2.0007476836099563,1.4367038064759092,non_sig,0.564043877134047
PCDH7,4p,2.1930685046472864,2.2600148253826533,non_sig,-0.06694632073536688
SET,9q,4.40088444869194,4.614730143145787,non_sig,-0.2138456944538465
MIPEP,13q,3.2034573003200233,3.274248990228153,non_sig,-0.07079168990812956
THOP1,19p,3.8795810613864035,4.341702552392183,non_sig,-0.4621214910057798
CRYL1,13q,2.0798011387996587,2.066808534959894,non_sig,0.012992603839764527
CAB39,2q,2.5927714367125603,2.8338815644414006,non_sig,-0.24111012772884033
LPAR1,9q,0.8940226518831572,0.5008196375163314,non_sig,0.3932030143668258
WASF3,13q,0.2445948064693688,0.9335740591524986,non_sig,-0.6889792526831298
WASF2,1p,3.946379679423368,4.1844323438838185,non_sig,-0.23805266446045037
WASF1,6q,2.382507986573546,2.562796935780434,non_sig,-0.1802889492068882
POSTN,13q,5.682969556307731,5.699121660414475,non_sig,-0.016152104106743614
ST14,11q,2.957318778772426,3.253980010208529,non_sig,-0.296661231436103
GPA33,1q,5.618880818821816,4.258704865334759,non_sig,1.3601759534870563
VSIG2,11q,0.551954124895154,1.8039096608489624,non_sig,-1.2519555359538084
ESAM,11q,1.8820794343439529,1.4920267628884585,non_sig,0.3900526714554944
CLMP,11q,3.142053411144156,3.5542917054744825,non_sig,-0.41223829433032666
JAM3,11q,3.6266581881891318,4.002747890703189,non_sig,-0.37608970251405704
FREM2,13q,1.850142504507806,1.5831615035289104,non_sig,0.26698100097889554
FREM3,4q,5.005738169069312,4.523966417843424,non_sig,0.4817717512258888
SCAF4,21q,2.8259411620143604,3.173414518967049,non_sig,-0.34747335695268866
SCAF8,6q,3.0194783606665845,3.459026292244584,non_sig,-0.4395479315779993
IMPA2,18p,2.651384583841832,2.443364145832178,non_sig,0.20802043800965375
BPNT1,1q,3.4468831538795057,3.7792323875462865,non_sig,-0.3323492336667808
IMPA1,8q,3.2132129667957114,3.7312900568614844,non_sig,-0.518077090065773
SPRY4,5q,3.6864048140310177,3.457443605177291,non_sig,0.22896120885372673
KLF16,19p,2.365683358518407,2.4364280566710352,non_sig,-0.07074469815262807
KLF13,15q,0.5173250219454295,0.43736631730534875,non_sig,0.07995870464008076
NCAM2,21q,2.8720931409435964,3.143678106998714,non_sig,-0.2715849660551175
NCAM1,11q,4.50145686980486,4.15478929094234,non_sig,0.34666757886252064
MELK,9p,1.1417501194460924,1.3585296968539955,non_sig,-0.2167795774079031
RFC3,13q,3.022360803181801,3.1390029287720376,non_sig,-0.11664212559023657
RFC4,3q,4.910530338343952,5.062518136236003,non_sig,-0.1519877978920512
RFC5,12q,3.5145343613600777,3.4723061629134135,non_sig,0.042228198446664145
RFC2,7q,4.358690744512501,4.45412204856503,non_sig,-0.09543130405252942
MORC3,21q,0.2814871960484869,0.6141098886126299,non_sig,-0.33262269256414306
GCFC2,2p,1.6914736561681236,1.8861937966990592,non_sig,-0.19472014053093556
OLFM4,13q,2.8711913367185193,3.1533753510556823,non_sig,-0.282184014337163
IPO5,13q,4.953414784747047,5.439903986303715,non_sig,-0.48648920155666797
IPO4,14q,3.784920425453472,4.154570926214687,non_sig,-0.36965050076121475
CELF4,18q,2.781119468811135,3.2422951384907703,non_sig,-0.4611756696796352
CELF2,10p,3.642188756926988,3.9229479170670167,non_sig,-0.28075916014002855
CELF3,1q,1.9035560220400352,2.318448890411579,non_sig,-0.41489286837154404
CELF1,11p,4.85487984611465,4.946370821483048,non_sig,-0.0914909753683979
ITSN1,21q,2.4575687038770004,2.310719356618634,non_sig,0.1468493472583665
ITSN2,2p,2.31055207302876,2.3787918514720476,non_sig,-0.06823977844328777
FMNL2,2q,1.8982983066428645,1.9605581605789522,non_sig,-0.062259853936087683
FMNL3,12q,2.352423970642204,2.026792674124577,non_sig,0.3256312965176269
FMNL1,17q,3.144502847631372,3.5722561999763776,non_sig,-0.42775335234500567
DAAM1,14q,2.5401712319376584,2.742048254187706,non_sig,-0.20187702225004767
LRCH1,13q,2.0512925803161406,2.27272380192691,non_sig,-0.22143122161076922
LRCH4,7q,1.958124829449713,1.9015296347979591,non_sig,0.05659519465175378
LRCH3,3q,0.8352436808970879,0.7726635839850751,non_sig,0.06258009691201283
MIA2,14q,3.0813355266290414,3.3122902492156077,non_sig,-0.23095472258656624
ZMYM2,13q,1.4882470521615465,1.507138651519769,non_sig,-0.018891599358222377
SMAD2,18q,0.3460670635388617,-0.1344755094820296,non_sig,0.4805425730208913
SMAD3,15q,2.735163306379226,2.773777127051189,non_sig,-0.03861382067196306
SMAD4,18q,2.4465392496703693,2.8468972835346658,non_sig,-0.40035803386429647
SMAD5,5q,2.8539770154516053,2.428256259281789,non_sig,0.4257207561698162
SMAD1,4q,0.6500175573059227,1.0067672710888294,non_sig,-0.35674971378290665
SOX10,22q,3.798139206839082,3.839956087018747,non_sig,-0.041816880179665006
MYO3B,2q,3.4333541748110066,3.0857474126271507,non_sig,0.3476067621838559
MYO1C,17p,4.4219230785639,4.589790402199929,non_sig,-0.1678673236360293
MYO1E,15q,1.5235191050241672,2.049335064527111,non_sig,-0.5258159595029437
IRS2,13q,2.0134574559381253,2.11476380786653,non_sig,-0.10130635192840476
IRS1,2q,1.903520430976318,2.0919739417173107,non_sig,-0.1884535107409926
STOM,9q,4.617441664638129,4.672910291099781,non_sig,-0.05546862646165174
TXNL1,18q,5.295967396989162,6.360102064598187,non_sig,-1.064134667609025
PCCA,13q,2.557368665466245,2.701180824728398,non_sig,-0.14381215926215285
CTIF,18q,1.4360047356719323,1.3095274940122996,non_sig,0.1264772416596327
BOD1,5q,2.6468759183978814,2.0993332818946806,non_sig,0.5475426365032008
GRK6,5q,0.3127943814923657,0.9117947224887152,non_sig,-0.5990003409963495
FGFR2,10q,2.385472886745264,1.7193806995596972,non_sig,0.6660921871855667
FGFR1,8p,1.2329091131974739,1.654605328910986,non_sig,-0.42169621571351223
CSF1R,5q,2.8757953699030487,2.10483945034858,non_sig,0.7709559195544688
FGFR4,5q,2.1024941473289656,1.6975230183596959,non_sig,0.4049711289692697
KIT,4q,2.697947371074028,2.6912147412780145,non_sig,0.006732629796013523
LAYN,11q,-0.3524002750175499,0.9244487337076408,non_sig,-1.2768490087251907
BACH2,6q,1.442901664499369,1.6703806235274974,non_sig,-0.2274789590281283
ITM2B,13q,2.836553295037067,3.0670943768376357,non_sig,-0.23054108180056865
ITM2C,2q,2.220835248085294,2.3045854002510384,non_sig,-0.08375015216574422
TMX3,18q,4.670065094983352,4.743896782991208,non_sig,-0.07383168800785622
FLI1,11q,2.028055275602359,3.0088397763760124,non_sig,-0.9807845007736535
GABPA,21q,2.9972997044621383,3.3069479557431394,non_sig,-0.30964825128100104
ETS1,11q,2.1234994273001844,2.0666181187888015,non_sig,0.056881308511382844
ERG,21q,0.5726217952222953,2.6743639682839726,non_sig,-2.101742173061677
PTPRE,10q,2.2620321873326046,2.469144431776181,non_sig,-0.20711224444357645
VRK1,14q,3.17203830327159,3.6118627747092975,non_sig,-0.4398244714377073
VRK2,2p,2.131385527013148,1.768396152321271,non_sig,0.3629893746918771
TRPC3,4q,3.2963760203354227,3.33580360803424,non_sig,-0.03942758769881749
PTGR3,18q,2.5249155856798176,2.7939792159695354,non_sig,-0.2690636302897178
VAT1L,16q,2.715409777582514,2.3489743324235275,non_sig,0.36643544515898663
VAT1,17q,6.358854430002193,6.43995207220297,non_sig,-0.08109764220077675
PLS1,3q,2.3257709809875573,2.8850210598793913,non_sig,-0.559250078891834
C2CD2,21q,3.9898281986387722,3.6673227377423996,non_sig,0.32250546089637266
DRD2,11q,1.4725507997709162,1.509848749916615,non_sig,-0.03729795014569892
FGL2,7q,0.1546544025272249,2.475234916065433,non_sig,-2.3205805135382085
CBR1,21q,5.4868239703890715,5.827229834819593,non_sig,-0.34040586443052145
DHRS4,14q,3.3482661948392067,3.712896289614103,non_sig,-0.3646300947748964
CBR3,21q,5.366774995562487,5.774905140103078,non_sig,-0.40813014454059093
DHRS2,14q,3.876372401759404,3.326466032465255,non_sig,0.549906369294149
INSM1,20p,1.994376111811626,3.177936390709309,non_sig,-1.1835602788976827
PCSK6,15q,2.1430646644692977,2.268641360968749,non_sig,-0.12557669649945113
FURIN,15q,1.5230850383011805,1.6228711331684815,non_sig,-0.09978609486730106
SGCD,5q,2.7804123136933026,2.888281109361295,non_sig,-0.10786879566799223
RBM26,13q,3.2175324836433816,3.5944078943277615,non_sig,-0.3768754106843799
RBM27,5q,3.504717793815872,3.559831655560759,non_sig,-0.05511386174488697
DGKZ,11p,3.0266569963805474,2.5738885915115675,non_sig,0.45276840486897996
DGKE,17q,2.1158668062054913,2.098268848727832,non_sig,0.017597957477659243
DGKA,12q,2.1534150625446467,2.3145537370120044,non_sig,-0.16113867446735775
XRN2,20p,4.927614726764075,5.2481750521303985,non_sig,-0.3205603253663236
XRN1,3q,1.671961118850784,1.9844073606773267,non_sig,-0.3124462418265428
SNRPA,19q,6.517334297301827,6.540257934828649,non_sig,-0.022923637526822027
SUMO3,21q,0.8519494752762702,1.4329145889913475,non_sig,-0.5809651137150773
SUMO2,17q,1.3888409135249995,1.8827444421982096,non_sig,-0.4939035286732101
SASH1,6q,1.130885201547335,2.492743313213312,non_sig,-1.3618581116659771
GGT1,22q,3.3549680531993356,3.1163855362680715,non_sig,0.2385825169312641
GGT5,22q,1.1719560573541636,1.9061909442041034,non_sig,-0.7342348868499398
SIM2,21q,4.111173056419922,4.084686716414765,non_sig,0.026486340005156706
RRP1B,21q,4.6449615097928305,4.794893894693649,non_sig,-0.1499323849008185
RRP1,21q,4.961318469917816,4.869818948024314,non_sig,0.09149952189350241
MTCL1,18p,1.9257876046183178,1.9171317754638313,non_sig,0.008655829154486483
TMTC3,12q,3.2124483722985877,3.2057894986693527,non_sig,0.006658873629235007
DHX30,3p,4.028527429817518,4.412181344810589,non_sig,-0.38365391499307133
DHX40,17q,2.282883473801648,2.422364858189745,non_sig,-0.13948138438809687
DHX37,12q,2.5828877286227967,2.5346193468201346,non_sig,0.04826838180266213
DHX33,17p,2.802673150698416,2.8879493795147892,non_sig,-0.08527622881637331
DHX57,2p,1.9743498468936473,2.1243996759736508,non_sig,-0.15004982908000342
DHX8,17q,2.3482834195825077,2.4427872658460346,non_sig,-0.09450384626352681
DHX34,19q,0.6981803424462844,0.8464162169575205,non_sig,-0.1482358745112361
DHX9,1q,7.847240584187022,7.84920718871552,non_sig,-0.0019666045284987277
DHX15,4p,5.513820888156296,5.573724598944136,non_sig,-0.0599037107878404
DHX29,5q,1.9847822407099152,2.092813117857684,non_sig,-0.10803087714776893
DHX16,6p,3.3566309237854544,3.5558225198609814,non_sig,-0.19919159607552706
DHX36,3q,2.192100427587704,2.3212777830590308,non_sig,-0.12917735547132692
TOX3,16q,1.387981801482396,1.4536113836082425,non_sig,-0.06562958212584658
TOX,8q,2.328216610353482,2.8302375714454957,non_sig,-0.5020209610920139
TOX4,14q,3.5449141826570916,3.5746956502208924,non_sig,-0.029781467563800845
EYA1,8q,0.7728591269213363,1.060145298890936,non_sig,-0.2872861719695996
EYA3,1p,1.866737964062557,1.8248245222058936,non_sig,0.04191344185666335
CLK2,1q,0.9410571126624538,0.6022556883027054,non_sig,0.33880142435974847
CLK3,15q,1.0878434835289497,1.2932350381543825,non_sig,-0.2053915546254328
NAA16,13q,1.8775531990269452,2.056602327323234,non_sig,-0.17904912829628894
NAA15,4q,4.074378217695264,4.57039357379381,non_sig,-0.4960153560985461
NCOA2,8q,0.780070942612274,0.9648580104279638,non_sig,-0.18478706781568977
NCOA1,2p,2.6122138126342294,2.6531649988222346,non_sig,-0.040951186188005195
GPR35,2q,4.6866895573613245,4.903847326838111,non_sig,-0.21715776947678656
PREX1,20q,3.864819144759003,3.7236066395318312,non_sig,0.14121250522717155
CNDP2,18q,4.605019559803078,5.622549984227259,non_sig,-1.017530424424181
ZMYM4,1p,2.2517320756684795,2.551235018825198,non_sig,-0.29950294315671844
PTGIS,20q,2.8667938172940635,3.5836658944961157,non_sig,-0.7168720772020523
ATP9A,20q,1.989229170788093,0.9459333768879569,non_sig,1.043295793900136
RALY,20q,7.155572130875276,7.269884197200583,non_sig,-0.114312066325307
RALYL,8q,7.233203514487755,7.06479246340866,non_sig,0.1684110510790955
SRR,17p,2.5212707842595683,2.759960637229889,non_sig,-0.23868985297032053
SDSL,12q,2.1112609468562464,2.31466077732321,non_sig,-0.20339983046696375
FRYL,4p,4.7993675609620485,5.077738931007091,non_sig,-0.27837137004504253
PIAS1,15q,0.1923166927998341,0.436577865156648,non_sig,-0.24426117235681388
PIAS4,19p,0.6875044913815718,0.944342469711863,non_sig,-0.2568379783302912
HDHD2,18q,2.348115670066682,3.140062690965321,non_sig,-0.7919470208986388
LHPP,10q,2.471753007866914,2.3657653594738557,non_sig,0.10598764839305819
PGP,16p,3.5076734266250034,3.962704374772109,non_sig,-0.45503094814710554
PDS5B,13q,2.9117066290486546,3.261092279074955,non_sig,-0.3493856500263002
PDS5A,4p,3.885502172554688,4.1337735753236275,non_sig,-0.24827140276893944
ACSS3,12q,2.8333557884423017,3.1966533777034223,non_sig,-0.36329758926112055
AACS,12q,2.4462098849756515,2.187486848638268,non_sig,0.2587230363373836
ACSM3,16p,2.2499671763510882,2.208017437291484,non_sig,0.04194973905960442
ACSM4,12p,1.8432401218417376,1.2837920572312411,non_sig,0.5594480646104965
TAF4,20q,1.617932150212814,1.6096515433438356,non_sig,0.008280606868978246
DSG3,18q,4.255975072257328,3.652835757922401,non_sig,0.6031393143349275
DSG2,18q,5.134859306843943,4.281349257523608,non_sig,0.8535100493203345
DSC2,18q,3.3291517626726623,3.231675731197001,non_sig,0.09747603147566153
DSC3,18q,2.699818414382025,2.387191966619811,non_sig,0.31262644776221427
SALL4,20q,1.9897336060085116,1.7900235921399523,non_sig,0.19971001386855924
SCP2,1p,6.857881959760167,6.959679069737396,non_sig,-0.10179710997722857
NDRG3,20q,3.609355444511315,3.978502564441211,non_sig,-0.3691471199298957
NDRG2,14q,3.0709756484976465,3.0275477729618023,non_sig,0.04342787553584415
NDRG1,8q,3.324494344991648,3.186305103472745,non_sig,0.13818924151890322
LIPH,3q,3.965353014587575,4.02745974764255,non_sig,-0.06210673305497494
FAM3D,3p,1.149768516674457,2.083203731981118,non_sig,-0.9334352153066612
FAM3C,7q,4.343699131043973,3.96979925643054,non_sig,0.373899874613433
MEX3C,18q,0.756875148402307,1.0247523043835414,non_sig,-0.2678771559812344
MEX3B,15q,1.70940381507662,1.1154529909259958,non_sig,0.5939508241506242
MEX3A,1q,1.6258286116316651,1.627829306837052,non_sig,-0.0020006952053868154
OTX2,14q,6.266550700133671,3.59754068095627,non_sig,2.6690100191774007
EPN2,17p,1.584799043520973,1.519266380224504,non_sig,0.06553266329646878
EPN1,19q,2.857978630480379,3.0184395306204914,non_sig,-0.16046090014011227
EPN3,17q,2.0941863219928845,1.981012379280056,non_sig,0.11317394271282843
CBX8,17q,3.0305499148814494,3.039171216585802,non_sig,-0.00862130170435238
CBX4,17q,0.3127720509994579,0.30526312942369915,non_sig,0.00750892157575872
CBX2,17q,2.1399504454717073,2.3298536426547987,non_sig,-0.18990319718309134
LAMA5,20q,3.1258922252116004,3.3212004360410905,non_sig,-0.19530821082949013
LAMA1,18p,3.9963609986154913,4.3147328678706645,non_sig,-0.31837186925517313
LAMA4,6q,-1.5471835172075887,0.154763575485284,non_sig,-1.7019470926928728
LAMA2,6q,3.743597354635728,4.171865310753615,non_sig,-0.42826795611788704
LAMA3,18q,3.5467756631450698,3.5094258197598465,non_sig,0.03734984338522329
IL17C,16q,1.3302579548975828,0.5661549844955349,non_sig,0.7641029704020479
IL17F,6p,2.5519870913953966,2.5953678643968976,non_sig,-0.043380773001501005
CLIC6,21q,1.3149516453366394,1.9121286205812231,non_sig,-0.5971769752445837
CLIC4,1p,4.2431215407825675,4.735095973905434,non_sig,-0.4919744331228664
CLIC1,6p,7.567882528134551,8.04071801982078,non_sig,-0.4728354916862285
CLIC5,6p,1.6492269722180086,1.7033136846980983,non_sig,-0.05408671248008967
CLIC3,9q,3.4785497400367937,3.017214400913982,non_sig,0.46133533912281166
CKAP2,13q,2.1689424892228963,2.4179904291716774,non_sig,-0.24904793994878105
TCEA3,1p,1.5953952115908985,1.8859559754845152,non_sig,-0.29056076389361674
TCEA1,8q,4.369316455876138,4.7912846906951945,non_sig,-0.4219682348190563
GATA4,8p,0.3023558946049315,1.214408792990778,non_sig,-0.9120528983858466
GATA3,10p,2.6038356810719607,2.275014248401741,non_sig,0.3288214326702197
GATA6,18q,2.345290654150702,2.757510882243696,non_sig,-0.41222022809299386
GATA2,3q,2.2283288853183607,0.3764602112246419,non_sig,1.8518686740937187
ZIC2,13q,2.5155763069880646,2.5966384945058376,non_sig,-0.08106218751777305
ZIC5,13q,1.6706848279172182,1.439735822236839,non_sig,0.23094900568037913
RBM7,11q,2.9543125057901363,3.1955578596351755,non_sig,-0.2412453538450392
EDN3,20q,4.3796983323569885,4.206609343550521,non_sig,0.17308898880646773
PHIP,6q,3.150527726975265,3.3437930233680575,non_sig,-0.19326529639279233
NUBPL,14q,2.029277725877621,2.031066239285418,non_sig,-0.0017885134077970655
NUBP1,16p,1.7669143046928468,2.072091016245609,non_sig,-0.3051767115527624
NUBP2,16p,2.7235903651563063,3.073721511930642,non_sig,-0.35013114677433554
SNX6,14q,3.7711579308930903,4.026360841669631,non_sig,-0.255202910776541
SNX5,20p,2.8785167531979696,3.589406882674643,non_sig,-0.7108901294766734
SNX4,3q,2.223620554069072,2.320392945351139,non_sig,-0.09677239128206727
HMGN1,21q,5.280538973056599,5.583510356446885,non_sig,-0.30297138339028606
HMGN2,1p,3.36892109979592,3.609085410547472,non_sig,-0.2401643107515521
HMGN4,6p,2.677809364412921,2.790660592172381,non_sig,-0.11285122775945977
HMGN3,6q,0.9036941485205756,0.9753960188872046,non_sig,-0.071701870366629
SDC4,20q,3.091577227333848,3.2420739805632754,non_sig,-0.15049675322942724
SDC1,2p,4.105533441392453,4.025056135981566,non_sig,0.08047730541088693
SDC2,8q,2.0911933806344924,2.575928738312258,non_sig,-0.48473535767776577
SIX1,14q,2.5979938648745,2.772166714825614,non_sig,-0.17417284995111437
SIX6,14q,0.0534141399153422,0.7079863116274883,non_sig,-0.6545721717121461
SIX4,14q,2.859111225626841,3.11664474528239,non_sig,-0.2575335196555488
PIM1,6p,3.867034383830142,3.4046577757652994,non_sig,0.4623766080648428
LRBA,4q,2.3736486882726364,2.561953066688617,non_sig,-0.1883043784159808
PCP4,21q,2.9829363355657965,4.6418997936980615,non_sig,-1.658963458132265
SYTL1,1p,2.7776584655059984,2.7292734287495524,non_sig,0.04838503675644601
SYT5,19q,2.036094297613153,2.7415022936391313,non_sig,-0.7054079960259783
PPM1A,14q,2.9380565484226433,3.238500151386127,non_sig,-0.3004436029634836
PPM1L,3q,2.2831296593376345,2.2828233049593925,non_sig,0.00030635437824200196
ILKAP,2q,4.132548571606737,4.550401160635524,non_sig,-0.4178525890287874
PPM1D,17q,2.1302106891105805,2.473213071457927,non_sig,-0.3430023823473465
PPM1B,2p,2.9540730561312243,3.1428084835900307,non_sig,-0.18873542745880645
PPM1G,2p,4.369839817748889,5.001952829280787,non_sig,-0.6321130115318985
PPM1F,22q,2.869631847210909,3.070948303126284,non_sig,-0.20131645591537506
PPM1H,12q,1.5140800634644256,1.370912286042801,non_sig,0.14316777742162468
NAPSA,19q,2.461454585881707,1.7131193648813778,non_sig,0.7483352210003291
GDF3,12p,1.7647026578165932,1.9650830793924792,non_sig,-0.20038042157588598
DHRS7,14q,4.246257605035507,4.370910619112105,non_sig,-0.12465301407659801
RBM12,20q,4.439302976933311,4.622772839697586,non_sig,-0.1834698627642748
RLBP1,15q,2.0414306751829105,2.719112211401756,non_sig,-0.6776815362188455
MICU2,13q,2.191510642944244,2.251483404891645,non_sig,-0.059972761947400866
MICU1,10q,1.4646885586247835,1.6675827867574367,non_sig,-0.20289422813265312
ALG5,13q,2.9008087934289133,3.033524578956585,non_sig,-0.1327157855276715
DPM1,20q,2.7934826584047783,2.8483149909981584,non_sig,-0.05483233259338016
OXR1,8q,2.087821574741577,2.154467546684536,non_sig,-0.06664597194295929
NCOA7,6q,2.908986917685342,2.950622337470181,non_sig,-0.0416354197848392
JPH1,8q,1.6047848154983877,1.7621691898457856,non_sig,-0.15738437434739794
FSHB,11p,-2.210496303866365,0.2934139727701766,non_sig,-2.5039102766365415
SRSF6,20q,7.1237733132487016,7.169955214058515,non_sig,-0.046181900809813214
SRSF4,1p,4.077860509666066,4.298573022327294,non_sig,-0.22071251266122793
SRSF5,14q,3.4224759298180207,3.7390775541303327,non_sig,-0.316601624312312
SRSF7,2p,8.386308706839088,8.321882888932429,non_sig,0.06442581790665969
SRSF3,6p,9.599771000886689,9.679269518540195,non_sig,-0.0794985176535068
SRSF1,17q,7.111917309430238,7.161012939208911,non_sig,-0.0490956297786731
SRSF9,12q,6.508306336410563,6.666382081860247,non_sig,-0.1580757454496844
GTSF1,12q,3.3398107073803205,3.7125734936839256,non_sig,-0.37276278630360515
MIA,19q,3.4002284707737918,1.848423226868941,non_sig,1.5518052439048509
OSBP2,22q,2.307378069059692,2.3473439087662245,non_sig,-0.039965839706532336
LAMP1,13q,7.295500340630286,7.391422840025307,non_sig,-0.09592249939502029
ITIH2,10p,2.0648328904984665,1.9517477715393623,non_sig,0.11308511895910422
ITIH3,3p,2.7333990111084834,2.873251294715844,non_sig,-0.13985228360736057
ITIH5,10p,2.491596494760664,2.241653930764601,non_sig,0.24994256399606307
TFDP1,13q,1.2198794029378122,1.317585252752532,non_sig,-0.09770584981471986
KCNH1,1q,4.192914183577651,4.460479780781501,non_sig,-0.2675655972038502
AQP1,7p,1.2728974135819435,2.0951023355934675,non_sig,-0.822204922011524
AQP5,12q,3.4110261812704534,2.2541919771082455,non_sig,1.156834204162208
ACBD7,10p,0.4887835028207667,0.8560492869607106,non_sig,-0.3672657841399439
ECI2,6p,3.4495255654974497,3.472135360021839,non_sig,-0.022609794524389493
NEK5,13q,3.6316859562532633,3.5945435698045576,non_sig,0.03714238644870571
NEK3,13q,-1.5237278772761478,0.0269065110867429,non_sig,-1.5506343883628906
NEK7,1q,1.9299429332814344,1.9522521151791554,non_sig,-0.02230918189772102
EGLN1,1q,2.2718522887645314,2.3133032503894566,non_sig,-0.04145096162492523
LY75,2q,1.9927551425436745,2.518572725512142,non_sig,-0.5258175829684677
MRC2,17q,2.9790698675944065,3.0577505311327453,non_sig,-0.0786806635383388
LTBP1,2p,1.2328336948644478,1.0223093488334316,non_sig,0.21052434603101622
PSPC1,13q,5.863794280618218,6.1242114601885245,non_sig,-0.2604171795703065
SFPQ,1p,8.361410504371378,8.437177137445195,non_sig,-0.07576663307381715
WDFY1,2q,2.277987265130359,2.3625161923678077,non_sig,-0.08452892723744876
PTPRK,6q,2.4016044157606578,2.5443692967116753,non_sig,-0.14276488095101758
PTPRF,1p,4.599468752564507,4.819589757665652,non_sig,-0.22012100510114507
PTPRA,20p,2.576619729809304,2.680662081284422,non_sig,-0.10404235147511809
PTPRS,19p,2.2950312272187245,2.3840002697074327,non_sig,-0.08896904248870818
PTPRU,1p,2.137052337188737,2.4867359686904535,non_sig,-0.34968363150171644
RDH11,14q,3.7431867162548507,3.8628002891593196,non_sig,-0.11961357290446895
ISCA2,14q,3.0525410798731794,3.312420836622522,non_sig,-0.2598797567493425
ISCA1,9q,2.3900852614274433,2.383946926042,non_sig,0.006138335385443394
ALG11,13q,2.298455999467188,2.303407929338656,non_sig,-0.004951929871467975
ALG2,9q,2.9425985315403063,3.1238357579988745,non_sig,-0.1812372264585682
CLCN3,4q,2.549891457999207,2.5264023972916125,non_sig,0.0234890607075946
CLCN7,16p,1.8594232928401924,2.089771255565249,non_sig,-0.23034796272505642
CLCN6,1p,0.3451469464349211,0.0482715632036468,non_sig,0.2968753832312743
XKR7,20q,0.4409427592957123,0.1010073003520016,non_sig,0.3399354589437107
CCM2,7p,2.476614909625049,2.6418262414960045,non_sig,-0.16521133187095538
PLAG1,8q,5.89585314925034,5.732484848390461,non_sig,0.16336830085987852
MTMR9,8p,2.1205377951585853,2.596537371840125,non_sig,-0.4759995766815397
MTMR6,13q,1.33288201382364,1.7888267719557294,non_sig,-0.45594475813208946
ATP4A,19q,3.8748254672598996,3.746724790876466,non_sig,0.1281006763834336
CDK1,10q,4.02835837214295,4.4267337801961055,non_sig,-0.3983754080531554
CDK9,9q,2.4494423225716484,2.5065098849596588,non_sig,-0.05706756238801036
CDK7,5q,1.4824667009574817,1.2194120569471316,non_sig,0.26305464401035006
CDK6,7q,3.105895284499259,3.464200370789357,non_sig,-0.35830508629009783
CDK5,7q,2.3759943498709943,2.8454561861853978,non_sig,-0.4694618363144034
CDK2,12q,2.6739016706874574,2.688954378578431,non_sig,-0.015052707890973682
INHBA,7p,1.388650617700008,2.172716827786892,non_sig,-0.7840662100868838
NIT1,1q,3.5506456368784702,3.79739176008232,non_sig,-0.2467461232038497
GDAP1,8q,2.391780713890328,2.459675114115436,non_sig,-0.06789440022510806
LSM4,19p,4.84683057755791,5.021894932689264,non_sig,-0.17506435513135443
MYL9,20q,4.352661458223583,3.2418735632479465,non_sig,1.1107878949756365
GGT7,20q,2.170216096048459,1.966879198685274,non_sig,0.20333689736318483
GRB2,17q,4.799505760047288,5.381136864936988,non_sig,-0.5816311048897003
KDSR,18q,2.844319313570568,3.077726214520728,non_sig,-0.2334069009501598
RDH14,2p,3.5742677166322014,3.6622781294054194,non_sig,-0.08801041277321797
RDH13,19q,4.121683549196066,4.368828445118671,non_sig,-0.24714489592260502
MYO1D,17q,3.391957007013977,3.601618838238186,non_sig,-0.20966183122420912
MYO1G,7p,4.854525357444465,3.9765509949374653,non_sig,0.8779743625069996
MYO1F,19p,3.1120472803973356,3.223244712178899,non_sig,-0.1111974317815636
MYO1B,2q,3.86506272215219,3.8518466677159626,non_sig,0.01321605443622742
MYO7A,11q,2.9915539935868725,2.8974683937939827,non_sig,0.09408559979288977
VPS4B,18q,3.3231682622347676,3.963590928822928,non_sig,-0.6404226665881603
ATAD1,10q,3.659805909335483,3.8331850279496402,non_sig,-0.17337911861415733
VPS4A,16q,3.999432296913165,4.441166898647328,non_sig,-0.44173460173416323
SPAST,2p,0.9918586863660097,0.596583721932626,non_sig,0.3952749644333837
BCL2,18q,2.197319457713714,2.4322025641028606,non_sig,-0.23488310638914678
BAX,19q,4.819829148678679,5.446872285456893,non_sig,-0.6270431367782141
MSRB2,10p,2.6221818162378643,2.7324312655706056,non_sig,-0.11024944933274128
MSRB3,12q,2.7588683747313545,2.8978858559317366,non_sig,-0.13901748120038215
HAND2,4q,0.7307656074016156,2.7118055182243475,non_sig,-1.981039910822732
JADE2,5q,1.494043491741956,0.9319698529649212,non_sig,0.5620736387770349
JADE1,4q,0.2616790330364257,0.7874169230892785,non_sig,-0.5257378900528528
BRD1,22q,2.113617061517955,2.1409024520472877,non_sig,-0.027285390529332876
UBE2C,20q,2.703991495661154,2.969003851491454,non_sig,-0.2650123558302999
UBE2H,7q,1.9682364033977524,2.1954492833150603,non_sig,-0.22721287991730788
UBE2K,4p,4.401097940034515,5.105715011690134,non_sig,-0.704617071655619
UBE2T,1q,2.9723726990940875,3.066060177533897,non_sig,-0.09368747843980962
UBE2N,12q,5.039532584320177,5.558280725278455,non_sig,-0.5187481409582784
UBE2B,5q,3.256702375063659,3.1054184940399123,non_sig,0.15128388102374668
UBE2S,19q,3.216487097852802,3.515474613519931,non_sig,-0.2989875156671289
PCBP3,21q,2.718325612626991,2.916793208345038,non_sig,-0.19846759571804684
NOVA2,19q,2.3323456943137133,2.5504448015268553,non_sig,-0.21809910721314196
PCBP1,2p,7.6567851550110415,7.9448590650702435,non_sig,-0.288073910059202
PCBP4,3p,2.3605778613899178,2.2614671482434714,non_sig,0.09911071314644637
FUBP3,9q,5.754228034390862,5.919066019754833,non_sig,-0.1648379853639712
PCBP2,12q,7.525242643035579,7.802379515818637,non_sig,-0.2771368727830579
NOVA1,14q,2.406108147682432,2.40285012975591,non_sig,0.0032580179265222498
TMX1,14q,6.117918203398197,6.4519209493485405,non_sig,-0.3340027459503432
TMX4,20p,2.6336602497075052,2.8442965075592563,non_sig,-0.2106362578517511
NRP1,10p,3.6490600342484214,3.5729195121028385,non_sig,0.07614052214558287
NRP2,2q,2.8256598038340655,3.0628673707456633,non_sig,-0.23720756691159783
DOCK9,13q,3.9370293024836114,3.927771741655127,non_sig,0.00925756082848439
DOCK7,1p,2.8631578054846507,3.028767635330428,non_sig,-0.16560982984577732
DOCK6,19p,2.1292907439143636,1.8759288476664897,non_sig,0.25336189624787386
DOCK8,9p,2.910666918584514,3.0671855675252444,non_sig,-0.1565186489407302
MYH7,14q,4.230358413459983,1.6702144126141436,non_sig,2.56014400084584
PLTP,20q,1.1305945156328214,2.09715529144769,non_sig,-0.9665607758148684
MX1,21q,3.305664246852459,3.656055074294915,non_sig,-0.35039082744245587
MX2,21q,2.6435307871542753,2.6012417788720565,non_sig,0.04228900828221871
DNM1L,12p,4.598017388882085,4.963543867682387,non_sig,-0.36552647880030165
RCL1,9p,3.17928190433278,3.1573700515591865,non_sig,0.02191185277359331
RTCA,1p,2.657354220333925,3.2008445325644344,non_sig,-0.5434903122305093
FKBP5,6p,3.410123470455182,3.8464878382970498,non_sig,-0.43636436784186783
FKBP4,12p,6.060587830548738,6.5900415515248465,non_sig,-0.5294537209761083
FKBP2,11q,6.761818353065021,6.781079041676335,non_sig,-0.01926068861131469
FKBP7,2q,2.2948117526319596,2.6350538620050026,non_sig,-0.340242109373043
FKBP9,7p,5.176289940711769,5.433597168219641,non_sig,-0.25730722750787205
FKBP3,14q,5.937469586650626,6.554259947920959,non_sig,-0.6167903612703327
HYOU1,11q,6.958401043683944,7.199690657703236,non_sig,-0.2412896140192924
PSIP1,9p,5.526079912869279,6.396751203685831,non_sig,-0.8706712908165519
HDGF,1q,5.102789482538757,5.7023565475127675,non_sig,-0.5995670649740106
HDAC3,5q,1.746464779642403,1.7758349207482165,non_sig,-0.029370141105813374
HDAC1,1p,3.259381256794963,3.3201468464206116,non_sig,-0.06076558962564871
HDAC2,6q,3.0925001626160324,3.253180818727707,non_sig,-0.16068065611167448
MBNL1,3q,2.7710163671137837,3.093518861474892,non_sig,-0.3225024943611081
MORC2,22q,2.4763482500096177,2.6643186895422315,non_sig,-0.18797043953261383
KIF3A,5q,2.139606954333811,1.9025909388616835,non_sig,0.2370160154721277
KIF5A,12q,2.6440264562905593,2.4517572017946394,non_sig,0.19226925449591992
KIF7,15q,2.183503011966082,1.7953984314890583,non_sig,0.38810458047702356
KIF5C,2q,5.109035938273907,5.136492357140898,non_sig,-0.027456418866990795
KIF3B,20q,1.7735331942605128,1.9026644065841676,non_sig,-0.12913121232365476
KIF11,10q,3.1696144706805067,3.3941594594342206,non_sig,-0.22454498875371387
KIF22,16p,3.6027632060245915,3.532071868481926,non_sig,0.07069133754266543
E2F4,16q,1.9812470971275227,2.1355618172733357,non_sig,-0.15431472014581304
ATG2B,14q,1.1551000029608383,1.1080358427475692,non_sig,0.04706416021326909
ATG2A,11q,1.4124010831294278,1.4467034542642478,non_sig,-0.03430237113482004
CHMP7,8p,2.4595209114569188,2.6822857496796244,non_sig,-0.22276483822270565
CHMP5,9p,2.995025953869072,3.143759183262076,non_sig,-0.1487332293930037
NMT2,10p,0.9508635897821534,1.020760153035857,non_sig,-0.06989656325370364
NMT1,17q,3.6988432067930557,4.091140474501802,non_sig,-0.39229726770874596
CBX1,17q,4.665108013259738,4.8141897163480385,non_sig,-0.14908170308830027
CBX3,7p,6.5160199056878705,6.788768959213743,non_sig,-0.27274905352587275
CDS2,20p,1.9851780791653384,2.3318899700078757,non_sig,-0.3467118908425373
CDS1,4q,3.262416790362377,3.480499468698708,non_sig,-0.218082678336331
CCAR1,10q,5.056932693056671,5.19710194366717,non_sig,-0.14016925061049879
CCAR2,8p,5.733718081142045,6.212808718850725,non_sig,-0.4790906377086799
SNX2,5q,4.124288320538845,4.542219725522885,non_sig,-0.41793140498403947
PAK1,11q,2.160538896777203,2.679516084711537,non_sig,-0.5189771879343339
PAK2,3q,4.576438909800252,5.264484698322487,non_sig,-0.6880457885222357
PAK4,19q,3.07265799437669,3.100707583300103,non_sig,-0.02804958892341336
CUL4A,13q,2.131463846722899,2.1103029364157377,non_sig,0.021160910307161274
CUL3,2q,3.0465262893990266,3.3094339367875083,non_sig,-0.2629076473884817
CUL2,10p,2.5762560882787904,2.8208619054243123,non_sig,-0.24460581714552188
CUL1,7q,3.030645625274847,3.144234998636244,non_sig,-0.11358937336139707
CUL5,11q,2.3554431291434836,2.6115447944853134,non_sig,-0.25610166534182977
POTEJ,2q,1.1710443145232232,0.854052380624037,non_sig,0.31699193389918623
FOXK1,7p,3.8386468820011745,4.159449144712969,non_sig,-0.3208022627117946
FOXK2,17q,3.1903254004469788,3.317981643173642,non_sig,-0.1276562427266632
LGMN,14q,2.090567862638599,2.1208323151388946,non_sig,-0.030264452500295747
UCKL1,20q,0.9511091269961044,1.3168799515312577,non_sig,-0.3657708245351533
SUN1,7p,3.093158337420541,3.2758433586310964,non_sig,-0.1826850212105553
SUN5,20q,3.144172940341996,2.940711650008023,non_sig,0.2034612903339732
SUN2,22q,3.400775956208329,3.690831446459525,non_sig,-0.29005549025119626
TOP1,20q,5.552713614177877,5.8520631240214795,non_sig,-0.2993495098436023
NFX1,9p,0.8912180994826124,1.018379769440791,non_sig,-0.12716166995817857
NFXL1,4p,1.720626942819775,1.8495170919735644,non_sig,-0.1288901491537895
ARF5,7q,3.3037836699824634,3.509113353368127,non_sig,-0.2053296833856635
ARL1,12q,3.097814563267006,2.88047350219513,non_sig,0.21734106107187579
SAR1B,5q,3.847078465485631,3.859468154131275,non_sig,-0.012389688645643826
ARL2,11q,3.3240671946202776,3.311556482326925,non_sig,0.012510712293352544
SAR1A,10q,3.708354607880396,3.8737584967612646,non_sig,-0.16540388888086843
ARL3,10q,3.8536151595201016,4.1659232817346545,non_sig,-0.31230812221455295
ARF6,14q,2.7313889263373907,2.819431390719103,non_sig,-0.08804246438171237
CCNK,14q,2.52067458927613,2.4866164225143375,non_sig,0.03405816676179274
GNAQ,9q,3.1413326211907266,3.2223783389344955,non_sig,-0.0810457177437689
GNAI3,1p,4.538103228561238,4.723763447923405,non_sig,-0.18566021936216703
GNAI1,7q,3.333863528426311,3.2235567561617113,non_sig,0.11030677226459984
GNA11,19p,3.928657674224871,4.103618846685791,non_sig,-0.1749611724609199
GNAI2,3p,5.479571125634257,5.9486719015747935,non_sig,-0.4691007759405368
GNA13,17q,3.701499618507982,3.847437596915934,non_sig,-0.14593797840795197
GNAT2,1p,1.5466570435679534,1.5241243941025795,non_sig,0.022532649465373922
SF3B4,1q,4.373877917002643,4.42098859970047,non_sig,-0.047110682697827144
RBMS3,3p,1.477832448955537,2.0482961083716447,non_sig,-0.5704636594161077
RBMS2,12q,2.226798952467896,2.2338508287991505,non_sig,-0.00705187633125437
RBMS1,2q,1.3081692318068696,1.5016479597533028,non_sig,-0.19347872794643317
ANXA9,1q,2.7252400520105082,2.6475324003011944,non_sig,0.07770765170931382
ANXA1,9q,7.028849439162562,7.704626984517724,non_sig,-0.675777545355162
ANXA8,10q,3.199181286821836,3.0496409146308,non_sig,0.14954037219103578
ANXA3,4q,4.856975451943586,5.344525328412569,non_sig,-0.4875498764689832
ANXA5,4q,6.711050541388296,6.931896295182455,non_sig,-0.22084575379415927
ANXA7,10q,5.383929529802693,5.7174633028304696,non_sig,-0.333533773027777
ANXA4,2p,4.765624543200465,4.973274625963907,non_sig,-0.20765008276344243
ANXA6,5q,4.918825845317535,6.179543319343408,non_sig,-1.2607174740258733
ANXA2,15q,9.616536637506272,9.41174964152292,non_sig,0.20478699598335126
NFS1,20q,4.391941275383186,4.052695685049702,non_sig,0.33924559033348345
SCLY,2q,1.5057451486867734,1.8738777493928533,non_sig,-0.3681326007060799
SETD3,14q,2.023945349947918,2.2377461784314865,non_sig,-0.2138008284835684
GRHPR,9p,4.504512130760335,5.011990771001461,non_sig,-0.5074786402411258
CTBP1,4p,4.256525329329779,4.832946562197319,non_sig,-0.5764212328675393
CTBP2,10q,3.430868060200697,3.7095285485937546,non_sig,-0.27866048839305746
ABCA7,19p,0.079367588836698,0.2536230389490062,non_sig,-0.17425545011230817
CCS,11q,3.496321690298954,3.711982851898993,non_sig,-0.215661161600039
MEP1A,6p,2.1626452139118792,1.19246946459179,non_sig,0.9701757493200893
PAX5,9p,2.20174507654395,3.4007691248834657,non_sig,-1.1990240483395156
PAX3,2q,0.12149870366348234,1.193567409558309,non_sig,-1.0720687058948268
PAX9,14q,2.098631983486596,1.7699610485813266,non_sig,0.3286709349052692
PAX2,10q,0.2454125658168948,-0.3012377965960104,non_sig,0.5466503624129052
PAX6,11p,1.86559065628327,1.982705624168199,non_sig,-0.11711496788492903
PAX8,2q,3.159470190906917,2.915209929851942,non_sig,0.24426026105497511
TFAM,10q,5.8391662450644874,6.057173932615253,non_sig,-0.21800768755076572
HMGB1,13q,6.710486774371546,7.41078368542383,non_sig,-0.7002969110522841
HMGB2,4q,6.286409510043744,7.1221253430274025,non_sig,-0.8357158329836585
TTC7A,2p,1.6155140649080313,1.303163936389621,non_sig,0.31235012851841026
RBM39,20q,6.17867302814108,6.121831290139857,non_sig,0.05684173800122316
RBM23,14q,1.1123526439969775,1.0084594051533466,non_sig,0.10389323884363089
GRIK3,1p,-0.2777700507886952,0.8248091510000833,non_sig,-1.1025792017887786
GRIN1,9q,2.744422908758779,2.634235181595589,non_sig,0.11018772716318992
MYOF,10q,5.698785104059378,5.8750189406354,non_sig,-0.17623383657602165
DYSF,2p,2.640916175449249,2.6929071732968497,non_sig,-0.05199099784760053
TBX3,12q,2.0625713231347285,0.8359149786821711,non_sig,1.2266563444525573
TRPM4,19q,2.769691598536178,2.9125488906331904,non_sig,-0.1428572920970126
TRPM5,11p,1.8901214704233145,3.4127915185738855,non_sig,-1.522670048150571
LDB1,10q,1.9071608851560473,1.9699191102776878,non_sig,-0.06275822512164053
REEP3,10q,1.1143968200624028,1.3715647649649916,non_sig,-0.25716794490258876
REEP2,5q,2.7122052852456955,3.053528338172261,non_sig,-0.3413230529265654
REEP4,8p,1.9780550059995572,2.078811414832939,non_sig,-0.10075640883338188
REEP5,5q,4.992500919689118,5.138806455119225,non_sig,-0.14630553543010638
CAPG,2p,4.691301223754106,5.11784680653658,non_sig,-0.4265455827824738
VILL,3p,2.3078660991513162,2.6671298393298315,non_sig,-0.35926374017851526
FLII,17p,3.2255990116409436,3.456525679999814,non_sig,-0.2309266683588702
AVIL,12q,3.4447203469619203,2.140940572970723,non_sig,1.3037797739911974
HMX3,10q,1.9491967351904083,2.0119832048974167,non_sig,-0.06278646970700841
FOXA1,14q,2.312279199977603,1.9408508160418771,non_sig,0.37142838393572597
FOXL2,3q,1.0711290283550094,1.7336359742504122,non_sig,-0.6625069458954027
DACH1,13q,2.8872572689561,2.8411362609115027,non_sig,0.04612100804459729
PGM5,9q,4.560748660048544,4.608576923526877,non_sig,-0.047828263478333355
PGM1,1p,3.9951889156384057,4.477531951176241,non_sig,-0.4823430355378351
UNK,17q,1.3441597026369874,1.6116926658106654,non_sig,-0.26753296317367803
ATG4B,2q,2.136969835815478,2.2261828651670883,non_sig,-0.08921302935161046
ATG4C,1p,1.3462157217809716,0.04081096226929315,non_sig,1.3054047595116784
FGF1,5q,1.6174596918948794,0.8151684367301697,non_sig,0.8022912551647097
FGF2,4q,3.1769465509954573,3.5529223411048045,non_sig,-0.37597579010934723
FGF11,17p,2.79684552867952,2.8420004531707,non_sig,-0.04515492449118019
KAT8,16p,2.051743144613378,2.2572681399753938,non_sig,-0.20552499536201596
KAT7,17q,1.7424759339949163,1.8955743102542812,non_sig,-0.15309837625936495
CPVL,7p,3.98336243499744,4.019906024685599,non_sig,-0.036543589688159184
GOLM1,9q,4.002639026635141,3.981332679137272,non_sig,0.02130634749786875
GOLM2,15q,3.1275984299929878,3.2666985174978542,non_sig,-0.13910008750486647
NOL4,18q,3.830390541077174,3.6424296745897764,non_sig,0.18796086648739774
NOL4L,20q,1.685321881132746,2.024364266223726,non_sig,-0.33904238509098006
CPNE1,20q,4.348388027278198,4.844642873408113,non_sig,-0.496254846129915
CPNE2,16q,3.0105703161630526,3.1130709970196833,non_sig,-0.10250068085663067
CPNE8,12q,2.3341058018360297,2.6859628643240043,non_sig,-0.35185706248797466
CPNE3,8q,3.1984998480430513,3.6325589128251385,non_sig,-0.4340590647820872
GLYR1,16p,3.387695948585317,3.448908601366425,non_sig,-0.0612126527811081
TUT7,9q,4.3640845633599525,4.358826774387932,non_sig,0.00525778897202045
TUT4,1p,6.042758736397081,5.781217361220357,non_sig,0.2615413751767246
EPB41,1p,2.6098672025167935,2.8608530863923,non_sig,-0.2509858838755066
PARVB,22q,3.328753331869984,2.9713345809492395,non_sig,0.35741875092074427
PARVA,11p,2.8320729541312852,2.9590729881748814,non_sig,-0.12700003404359617
PARVG,22q,3.1955259201764266,2.990372213994143,non_sig,0.20515370618228346
EFNB3,17p,1.620166929240264,1.5388359885851588,non_sig,0.08133094065510527
EFNB2,13q,1.0686165883862049,0.8827752196036738,non_sig,0.1858413687825311
EFNA1,1q,2.2239725104268793,1.9458763249013948,non_sig,0.27809618552548443
TYRP1,9p,3.546277002343937,3.256604451322887,non_sig,0.28967255102105005
DCAF8,1q,1.208256197880891,1.3470987088853192,non_sig,-0.13884251100442824
SPIN1,9q,2.826601730086117,3.141005619308802,non_sig,-0.3144038892226848
XYLT1,16p,2.8248487383850533,2.9392581738771923,non_sig,-0.114409435492139
XYLT2,17q,3.3187932744349693,3.347983197876653,non_sig,-0.029189923441683696
SLIT2,4p,0.8157852203006632,0.8245089236505899,non_sig,-0.00872370334992667
SLIT1,10q,4.367711679274521,4.062287457835775,non_sig,0.3054242214387459
SLIT3,5q,-0.3819417312969505,1.43052221634977,non_sig,-1.8124639476467204
ADCY9,16p,1.1455827708983566,1.2089449539418986,non_sig,-0.06336218304354202
ADCY5,3q,2.1481672467023882,2.5672610693457756,non_sig,-0.41909382264338735
PMM1,22q,1.871390911807172,1.7624658710413037,non_sig,0.1089250407658684
PMM2,16p,2.821594381050742,3.0645433441477294,non_sig,-0.24294896309698766
DESI1,22q,2.3635006539696812,2.6302158432564955,non_sig,-0.26671518928681426
MAFK,7p,1.0898285149186404,1.6879065979915275,non_sig,-0.5980780830728871
MAFF,22q,3.016197563700896,3.0489691110649004,non_sig,-0.03277154736400423
MAFA,8q,4.294630000616092,4.70665429856043,non_sig,-0.41202429794433826
MAFG,17q,1.0353506512222694,1.330457972564038,non_sig,-0.29510732134176854
LPIN1,2p,0.7715546273540955,1.1501524999428963,non_sig,-0.37859787258880073
CYB5B,16q,5.476816691190565,5.7246313098285135,non_sig,-0.24781461863794885
TMOD1,9q,3.5046847750055745,3.2406101682357797,non_sig,0.2640746067697948
TMOD2,15q,2.6790291970454416,2.9254942354958167,non_sig,-0.24646503845037504
TMOD3,15q,5.194676560865136,5.230062460937084,non_sig,-0.035385900071948306
LMOD1,1q,2.7744631705244975,1.4363691462624022,non_sig,1.3380940242620953
CHD6,20q,5.518186684912387,5.582128323007822,non_sig,-0.06394163809543496
CHD1L,1q,2.910183378973545,2.9201014573271533,non_sig,-0.009918078353608362
CHD8,14q,2.667382265994587,2.7463912118169764,non_sig,-0.07900894582238926
CHD7,8q,1.795480314414921,1.8389659322854297,non_sig,-0.04348561787050875
DTNA,18q,0.8769809924695027,1.1019644845519505,non_sig,-0.22498349208244783
DCLK1,13q,2.492162453178566,2.8383230683162783,non_sig,-0.3461606151377121
DCLK2,4q,1.2806688380004818,1.6390971387263633,non_sig,-0.3584283007258815
PHKG2,16p,1.4462001012268364,0.8098860961275884,non_sig,0.636314005099248
AMBP,9q,3.292009384615103,3.0212773096948013,non_sig,0.2707320749203017
RGS19,20q,3.421172372041759,3.7337412789284476,non_sig,-0.3125689068866886
GPC6,13q,2.9178921239195397,2.8662157622823488,non_sig,0.051676361637190915
GPC2,7q,2.3430644785530204,2.888827066630479,non_sig,-0.5457625880774586
GPC1,2q,3.60214975864505,3.3580212138749563,non_sig,0.24412854477009382
NINJ2,12p,3.0079252642996424,3.1098783490743975,non_sig,-0.10195308477475518
OXA1L,14q,4.22417108050079,4.343126370014393,non_sig,-0.11895528951360301
AHR,7p,1.3946238802849662,1.9124653880228226,non_sig,-0.5178415077378564
AHRR,5p,3.228517145889179,2.865370263621706,non_sig,0.3631468822674728
GALE,1p,2.6021117958718687,2.6795157265396465,non_sig,-0.07740393066777784
UXS1,2q,3.3866328001615784,3.405952800712352,non_sig,-0.019320000550773653
UBE2F,2q,0.8574150826327779,0.197266645534012,non_sig,0.6601484370987659
CFTR,7q,3.587013731057647,3.4814371243869964,non_sig,0.10557660667065072
GALNS,16q,2.3522018976484493,2.6107134122839284,non_sig,-0.25851151463547906
ARSA,22q,2.7119489271366035,2.9446419467352603,non_sig,-0.23269301959865674
LRP10,14q,3.2493445847733504,3.256313559131197,non_sig,-0.006968974357846491
COMT,22q,5.498059249897747,5.592768592020555,non_sig,-0.09470934212280735
ASGR1,17p,3.585071113300949,4.47423037818017,non_sig,-0.889159264879221
ASGR2,17p,3.6290338544111704,3.784423670182755,non_sig,-0.1553898157715845
TNNC2,20q,3.5831904359496036,2.9227899380989735,non_sig,0.6604004978506302
SP4,7p,0.4931606546863121,0.6165323541619474,non_sig,-0.12337169947563531
SP1,12q,1.7514486966418246,1.8357783123579072,non_sig,-0.08432961571608266
SP3,2q,0.8570465934503406,1.1763218629814216,non_sig,-0.319275269531081
IPO8,12p,1.7397482646384133,1.8777642354443582,non_sig,-0.13801597080594497
IPO7,11p,4.4285383476562155,5.053057806345164,non_sig,-0.6245194586889484
ETV6,12p,2.5910381762890915,2.75949136045743,non_sig,-0.16845318416833832
TCL1A,14q,6.037819139636944,7.273189333600864,non_sig,-1.2353701939639201
OLR1,12p,1.9118268288096685,1.8162023705165489,non_sig,0.09562445829311961
NOS3,7q,-0.38896304367149453,0.1491354302137645,non_sig,-0.538098473885259
STAU1,20q,4.771326100068872,4.962894181070739,non_sig,-0.19156808100186762
STAU2,8q,2.257310401531252,2.2634269985685114,non_sig,-0.006116597037259197
GSTO1,10q,5.505821640173227,6.030256541816483,non_sig,-0.5244349016432555
PKP3,11p,5.104163642061867,4.797092877469078,non_sig,0.3070707645927886
PKP2,12p,4.5664298482295775,4.772612682603681,non_sig,-0.20618283437410323
PKP4,2q,2.267059096152304,2.237827524505915,non_sig,0.02923157164638912
PKP1,1q,3.403406165782251,3.9837738731892385,non_sig,-0.5803677074069875
CDCA7,2q,1.0192249022481616,1.108076885114349,non_sig,-0.08885198286618734
OGFR,20q,1.893791590941172,2.927643436694127,non_sig,-1.0338518457529549
TMC4,19q,1.495801091310082,1.5507480770525417,non_sig,-0.0549469857424596
TMC5,16p,1.9940663590355303,2.063242334566354,non_sig,-0.06917597553082366
PTPRB,12q,0.9506269981188384,1.854634028545844,non_sig,-0.9040070304270056
LMO4,1p,0.9493742108656869,0.7973157941059219,non_sig,0.15205841675976495
PNMA2,8p,1.9832597020501708,1.9280779774519576,non_sig,0.05518172459821313
PNMA1,14q,3.3119840549712176,3.392227820932523,non_sig,-0.08024376596130534
ZFR,5p,4.764639140568902,4.798664633295609,non_sig,-0.034025492726707185
STRBP,9q,5.89054069147945,6.092392610488591,non_sig,-0.20185191900914035
ILF3,19p,7.746427944837547,7.835757604611635,non_sig,-0.08932965977408802
DSE,6q,1.2760140144915093,1.5307187607342896,non_sig,-0.2547047462427803
DAPK1,9q,2.8502203118007725,2.70813083467628,non_sig,0.1420894771244927
DAPK3,19p,1.211066659547749,1.0574806693935412,non_sig,0.15358599015420782
CCNA2,4q,2.8407314942625312,3.0635023575325584,non_sig,-0.22277086327002715
CCND1,11q,2.0658808305741916,2.728417437529076,non_sig,-0.6625366069548844
CCNB2,15q,1.8949637390082965,2.184681345187517,non_sig,-0.2897176061792206
CCND3,6p,1.4282620572609195,0.673629123134344,non_sig,0.7546329341265755
CCNB1,5q,2.733426718817953,2.8568836264257365,non_sig,-0.1234569076077836
DIDO1,20q,3.33978783815692,3.305097926803253,non_sig,0.03468991135366695
PHF3,6q,2.220269657331819,2.162277117077955,non_sig,0.05799254025386391
CREB5,7p,0.5970070283541797,1.4007087812573729,non_sig,-0.8037017529031931
ATF7,12q,0.8274709781494877,0.6849450456961625,non_sig,0.14252593245332512
ATF2,2q,1.675921971246171,1.9642439385828951,non_sig,-0.2883219673367241
NEK9,14q,2.44502317624275,2.7885534356678083,non_sig,-0.3435302594250582
UCHL3,13q,3.823893526755337,4.376598963087085,non_sig,-0.5527054363317481
UCHL5,1q,3.4472768331281056,4.000029290774957,non_sig,-0.552752457646851
UCHL1,4p,7.329605032021095,8.37188858115074,non_sig,-1.0422835491296452
WWP2,16q,1.0168436387805744,1.2093041555509236,non_sig,-0.19246051677034925
ITCH,20q,1.8675302875394089,2.179418703193759,non_sig,-0.31188841565435
CD276,15q,3.8328420890355472,4.086823093813855,non_sig,-0.253981004778308
CDX2,13q,1.676158103273892,2.160032784319874,non_sig,-0.4838746810459822
RND3,2q,2.002033548375537,1.916024567144614,non_sig,0.08600898123092282
RHOG,11p,3.24110048677049,3.735283870890303,non_sig,-0.4941833841198129
RHOD,11q,2.8993865925734625,2.474949658678162,non_sig,0.4244369338953007
RHOB,2p,2.694420363928936,2.638564812850976,non_sig,0.05585555107795992
RHOC,1p,5.056424039580973,5.136948412866306,non_sig,-0.0805243732853329
RHOA,3p,4.489050676144142,4.854316821942106,non_sig,-0.365266145797964
RHOF,12q,2.5738814151004203,2.6350658672002183,non_sig,-0.06118445209979795
RAC2,22q,4.58334538323622,5.463427549026903,non_sig,-0.8800821657906832
RHOQ,2p,0.9766734098620903,0.3915615737860832,non_sig,0.585111836076007
RAC1,7p,4.867941029309174,5.1388889632821035,non_sig,-0.2709479339729297
RAC3,17q,2.293421594012881,1.9124136505088345,non_sig,0.38100794350404654
CDC42,1p,6.6858234286268825,6.7460340232131415,non_sig,-0.06021059458625899
ATP7B,13q,-2.353705974155204,-1.2131491961151069,non_sig,-1.1405567780400974
AFF1,4q,1.757150142198435,1.4963119726960112,non_sig,0.2608381695024238
AFF4,5q,2.4441171412997225,2.187131321544618,non_sig,0.2569858197551045
GPX8,5q,3.7312063269574254,4.070071935724016,non_sig,-0.33886560876659066
GPX1,3p,4.025243469686199,4.569797781333242,non_sig,-0.544554311647043
GPX3,5q,4.060854814876764,1.0176760620356902,non_sig,3.043178752841074
GPX4,19p,3.329762001489681,3.6737598763980666,non_sig,-0.3439978749083856
GPX7,1p,2.797701451302561,3.0775443805759743,non_sig,-0.27984292927341325
GPX2,14q,2.843369238847862,2.60364677058956,non_sig,0.2397224682583019
AGAP3,7q,1.8996794986510268,2.346001263534445,non_sig,-0.44632176488341835
NNMT,11q,4.779989955959055,5.352676941353406,non_sig,-0.572686985394351
PNMT,17q,1.6167324695925074,2.4148711053186265,non_sig,-0.7981386357261191
TECR,19p,4.129945693381188,4.107024597503422,non_sig,0.022921095877766362
BCAR1,16q,2.2734884480314563,2.387019511898915,non_sig,-0.11353106386745848
MAP7,6q,2.7668857898959955,3.0335570160435057,non_sig,-0.26667122614751015
FST,5q,1.9519566236758563,0.9680077658916804,non_sig,0.983948857784176
FZD7,2q,1.422055289604113,1.6412736447473166,non_sig,-0.21921835514320365
GCNT3,15q,1.8167371087669248,0.7201093988320382,non_sig,1.0966277099348867
RPA2,1p,2.751339965670452,2.733269290170051,non_sig,0.018070675500400757
TLE1,9q,2.152323275833343,2.3412151951624596,non_sig,-0.18889191932911675
TLE4,9q,1.342880424984517,1.7466733123078928,non_sig,-0.4037928873233758
TLE3,15q,1.7609515025322362,1.9512481818617045,non_sig,-0.19029667932946825
TLE5,19p,2.109884561222965,2.3236475876473803,non_sig,-0.21376302642441525
TLE7,16q,5.421840578084269,5.407439195693654,non_sig,0.014401382390614614
AP1G2,14q,2.3831470638737127,2.488032401212468,non_sig,-0.10488533733875549
AP1G1,16q,3.4292293307178827,3.550779229716345,non_sig,-0.12154989899846225
AP2A1,19q,4.977734713418737,5.053952017685834,non_sig,-0.07621730426709661
AP2A2,11p,3.609863211776174,3.739843256107656,non_sig,-0.1299800443314818
HSBP1,16q,2.3124439638465155,1.977735945777998,non_sig,0.3347080180685176
A2ML1,12p,3.006361221041854,1.5891920177565038,non_sig,1.4171692032853505
PZP,12p,0.05216175738711665,0.5571103862945129,non_sig,-0.5049486289073963
CD109,6q,3.7479988794778745,3.6975544664426043,non_sig,0.05044441303527014
LONP2,16q,1.7885283197190265,1.7788689839663399,non_sig,0.009659335752686626
FGD3,9q,2.8125969391019483,3.002276109185206,non_sig,-0.18967917008325763
FGD4,12p,1.4182435452458644,1.5690517268961226,non_sig,-0.15080818165025822
ADNP,20q,4.101829921273186,4.2077855089862375,non_sig,-0.10595558771305136
CRK,17p,3.720523652891753,4.316006450522076,non_sig,-0.5954827976303232
CRKL,22q,4.159276201138044,4.771750663418592,non_sig,-0.6124744622805478
AMPH,7p,3.377554657997276,3.452155143512446,non_sig,-0.07460048551516962
BIN2,12q,3.0830919322417305,3.2237600662353247,non_sig,-0.14066813399359424
BIN1,2q,2.0718284619773035,2.2367748931636013,non_sig,-0.16494643118629781
OAT,10q,4.964052525158286,5.127247265964596,non_sig,-0.16319474080630947
MPV17,2p,1.3713261303008006,1.2245286231678076,non_sig,0.146797507132993
BCAT1,12p,3.3783605088135364,3.9543188509172267,non_sig,-0.5759583421036902
BCAT2,19q,3.280115316859431,3.337667861044747,non_sig,-0.05755254418531619
VIP,6q,4.696686927630298,5.022785040144235,non_sig,-0.3260981125139377
STK38,6p,1.5378269467564718,1.94612051921468,non_sig,-0.4082935724582082
NACAD,7p,2.546105142022735,1.9922221681437664,non_sig,0.5538829738789688
NACA2,17q,4.012328701643623,4.551378715402525,non_sig,-0.539050013758902
GYS2,12p,1.904834603528646,2.150253764443772,non_sig,-0.24541916091512594
GYS1,19q,2.429545148146234,2.7530244241044635,non_sig,-0.32347927595822945
NPTN,15q,4.207045065341362,4.141468300206238,non_sig,0.06557676513512334
SCD5,4q,1.5302931205138697,1.6687684863486119,non_sig,-0.13847536583474218
SCD,10q,2.547618821905706,2.478957648637244,non_sig,0.06866117326846188
TACC2,10q,4.643426092837952,4.804176701079863,non_sig,-0.16075060824191034
TACC1,8p,3.162023024396379,3.0836595436883556,non_sig,0.07836348070802357
MGST1,12p,3.3158799201405786,3.43676912857657,non_sig,-0.12088920843599116
PTGES,9q,3.972286149129534,4.126890948779041,non_sig,-0.15460479964950657
NAA20,20p,2.4651462450009616,2.636125918726508,non_sig,-0.17097967372554645
NAA50,3q,3.863448026779647,3.9258415148393615,non_sig,-0.062393488059714564
GRB10,7p,2.82938215142784,2.636988776732797,non_sig,0.19239337469504303
GRB7,17q,2.6959304960899044,2.833646368435999,non_sig,-0.1377158723460945
RAPH1,2q,2.208149567154332,2.2060909427098183,non_sig,0.002058624444513768
SYT7,11q,1.052950419625284,0.7301518735355841,non_sig,0.3227985460896998
SYT6,1p,3.3696130084203304,3.1817626476508805,non_sig,0.18785036076944994
SYT11,1q,1.342311607045178,2.7695031187241885,non_sig,-1.4271915116790106
SYT1,12q,1.5456352601937575,2.4325515880239967,non_sig,-0.8869163278302392
EPS8,12p,2.708356873729361,2.8357426531231833,non_sig,-0.12738577939382223
GP1BB,22q,2.104623866103829,2.643105544729827,non_sig,-0.538481678625998
MTREX,5q,4.467792170208237,4.6418400701559,non_sig,-0.1740478999476629
LIN54,4q,1.066191534628348,1.265505600464968,non_sig,-0.19931406583662015
SYN2,3p,1.735938724243164,1.1181494854493268,non_sig,0.6177892387938373
NXN,17p,1.805948981915489,2.081799929186541,non_sig,-0.2758509472710522
TIMP2,17q,1.1664247477683982,0.8208945898883133,non_sig,0.3455301578800849
TIMP3,22q,1.9731475470525977,2.1315149796178776,non_sig,-0.15836743256527996
APLP2,11q,2.2551418244967887,2.2634616056811243,non_sig,-0.008319781184335628
COQ8B,19q,2.1710872999916915,2.1390832372626756,non_sig,0.0320040627290159
MYOM2,8p,4.110873162459997,0.6960784556698919,non_sig,3.414794706790105
AP2B1,17q,5.848351298306902,5.620899935099862,non_sig,0.22745136320703985
AP3B1,5q,3.057390660127048,3.2231368059692524,non_sig,-0.16574614584220448
AP1B1,22q,5.025042802548824,5.18963701032039,non_sig,-0.1645942077715663
AP3B2,15q,2.6477092497193064,2.210397262489356,non_sig,0.43731198722995046
SKAP2,7p,2.1847353533102023,2.006912987768523,non_sig,0.17782236554167952
PYGL,14q,3.2714561661731993,3.561286890214326,non_sig,-0.28983072404112686
PYGM,11q,2.0470950361527818,1.859321154700758,non_sig,0.18777388145202378
PYGB,20p,4.089336613700386,4.228489913634785,non_sig,-0.1391532999343994
ING1,13q,0.2729796604561152,0.7303275225638316,non_sig,-0.4573478621077164
ING5,2q,2.2879290494441147,2.3638971938707907,non_sig,-0.07596814442667599
LMO7,13q,4.023477631965594,4.295485867526894,non_sig,-0.2720082355612998
ARSB,5q,2.4120956230371786,2.5997930469121275,non_sig,-0.18769742387494892
IL16,15q,1.8332564640232023,3.0495097997746363,non_sig,-1.216253335751434
ARPC5,1q,6.475680702119094,6.7654700165518795,non_sig,-0.28978931443278544
AURKA,20q,1.384802813858776,1.709892882366765,non_sig,-0.32509006850798894
AURKB,17p,2.0915834585513804,2.257413103394154,non_sig,-0.1658296448427734
PLIN2,9p,4.171587785817028,4.234788867569355,non_sig,-0.06320108175232697
PLIN3,19p,4.753970908720999,5.159681316138841,non_sig,-0.4057104074178426
RXRA,9q,0.5930565860214478,0.9407162673904912,non_sig,-0.34765968136904335
RXRB,6p,1.5188120375405356,1.6092146870080972,non_sig,-0.0904026494675616
NR2F6,19p,1.9121581995652248,2.065939218762501,non_sig,-0.15378101919727638
NR2C2,3p,2.382173908760454,2.101004004519685,non_sig,0.2811699042407687
LAMC3,9q,4.053390658632428,4.037033155194542,non_sig,0.016357503437886223
LAMC1,1q,4.259074717729751,4.148553295448318,non_sig,0.11052142228143325
PEF1,1p,3.552941497773116,3.696680257128899,non_sig,-0.14373875935578262
PDCD6,5p,4.085418369810337,4.474061788100478,non_sig,-0.38864341829014126
PANX3,11q,1.5242735199557664,1.1028771551032825,non_sig,0.4213963648524839
PANX1,11q,1.3385202744410438,1.2279761461734902,non_sig,0.11054412826755367
PBX3,9q,2.315796214614507,2.065741499388534,non_sig,0.25005471522597267
PBX1,1q,1.0262963610327946,1.0099735122046554,non_sig,0.01632284882813928
RHO,3q,3.860400239583329,3.800923944056223,non_sig,0.05947629552710598
CABP1,12q,0.7720040984088754,-0.8853303745453773,non_sig,1.6573344729542527
CABP7,22q,5.091719218183934,5.393232163851295,non_sig,-0.3015129456673602
CETN3,5q,1.651922977584612,1.5049752133215608,non_sig,0.14694776426305123
SRPK2,7q,2.480342263974562,2.940792763148468,non_sig,-0.460450499173906
SRPK1,6p,2.528559826106229,2.897055038841271,non_sig,-0.3684952127350418
EMID1,22q,4.0497157207754375,3.964673916492428,non_sig,0.08504180428300945
PCLO,7q,4.287168535098678,4.466644509681493,non_sig,-0.1794759745828154
HTRA1,10q,1.3670511001169587,1.0065993359658192,non_sig,0.36045176415113955
HTRA3,4p,1.609974173818017,2.088685563744658,non_sig,-0.47871138992664086
HTRA2,2p,4.021946068769857,4.166135986516098,non_sig,-0.14418991774624068
NEDD8,14q,5.384121392299135,5.833888628030639,non_sig,-0.4497672357315041
NTF3,12p,3.1223504000620554,3.4265447723479063,non_sig,-0.3041943722858509
JMY,5q,2.013786146323721,1.5218530273084143,non_sig,0.4919331190153069
ACYP1,14q,3.0786521772587614,3.0710925487098995,non_sig,0.007559628548861941
ACYP2,2p,2.5078251573557724,2.3349746894087424,non_sig,0.17285046794702996
PDCL3,2q,3.226764240390122,3.426799411539318,non_sig,-0.2000351711491959
RUNX1,21q,2.3167105415737614,2.6997750844393713,non_sig,-0.38306454286560987
RUNX2,6p,1.7236153402086458,2.613989782068211,non_sig,-0.8903744418595654
RUNX3,1p,3.4950836426229235,3.664319520733325,non_sig,-0.1692358781104013
TMED4,7p,4.5094396511434285,4.800307622131862,non_sig,-0.2908679709884332
TMED7,5q,4.271097798575505,4.491824517949647,non_sig,-0.22072671937414157
TMED9,5q,6.803019600659806,6.735185945088265,non_sig,0.06783365557154131
GPAT3,4q,3.028142801207027,2.971622735098329,non_sig,0.056520066108697975
GPAT4,8p,1.5198782554626076,1.6751634713878674,non_sig,-0.1552852159252598
MUC5B,11p,3.2420918834829977,2.976373872159302,non_sig,0.2657180113236959
MUC6,11p,2.1370830504168827,0.3165417094820297,non_sig,1.820541340934853
MUC2,11p,2.902958313017665,3.5363186259341237,non_sig,-0.6333603129164587
ROR2,9q,2.233846406450174,1.8234332179825805,non_sig,0.41041318846759367
ROR1,1p,1.971402262467389,2.217113764398929,non_sig,-0.2457115019315399
EPHA2,1p,4.12631387172874,4.317537227058908,non_sig,-0.19122335533016788
EPHA5,4q,1.2041732666313472,1.7685208310989031,non_sig,-0.564347564467556
EPHB2,1p,2.743265039680288,2.912286634055321,non_sig,-0.16902159437503306
EPHA4,2q,0.5987462643971653,1.0568500295121397,non_sig,-0.4581037651149744
EPHA7,6q,1.6142772741599458,1.889851028150344,non_sig,-0.2755737539903982
FHOD1,16q,2.629551079351015,2.584803328964242,non_sig,0.04474775038677281
MECR,1p,4.189177725043875,4.019507484514653,non_sig,0.16967024052922142
CISD2,4q,5.0491448598965345,5.0665525146339245,non_sig,-0.017407654737390033
CISD3,17q,2.416512009489831,2.2791092364992687,non_sig,0.13740277299056247
CISD1,10q,3.7880096067943216,3.736534615371729,non_sig,0.05147499142259271
NAGA,22q,2.69978001156905,2.7667733399309244,non_sig,-0.06699332836187466
MOCS3,20q,1.8556400796157262,1.6265230697890183,non_sig,0.2291170098267079
UBA5,3q,2.8480926716779376,3.1819363811554875,non_sig,-0.33384370947754993
SPG7,16q,1.9575168668592584,2.102540655533842,non_sig,-0.14502378867458376
HSPB8,12q,3.7537709689189023,3.6869577425800024,non_sig,0.06681322633889986
CRYAB,11q,3.1467476250248776,3.8248374954467206,non_sig,-0.678089870421843
HSPB6,19q,3.287409442274889,3.550378331752752,non_sig,-0.26296888947786323
HSPB1,7q,7.665948855813038,8.028892409690393,non_sig,-0.3629435538773542
MGST2,4q,2.6043256671942547,2.6101504648189553,non_sig,-0.005824797624700562
CARM1,19p,2.160455669050255,2.3328725478002452,non_sig,-0.17241687874999023
IVD,15q,5.305944387014483,5.495322389810265,non_sig,-0.18937800279578187
ACADS,12q,2.0180240629660053,2.122226567944284,non_sig,-0.10420250497827865
GCDH,19p,4.090750845237279,4.432667145226168,non_sig,-0.34191629998888917
ACAD8,11q,2.1668577222074448,2.476844073950821,non_sig,-0.3099863517433761
ACADM,1p,5.659873081147597,6.0641894208996545,non_sig,-0.4043163397520573
ACAD9,3q,4.206377375908735,4.408233985489984,non_sig,-0.20185660958124885
ACADL,2q,4.23637397072092,3.874626330158123,non_sig,0.36174764056279685
KDM1B,6p,1.6669652283930303,1.5096671700243889,non_sig,0.1572980583686414
KDM1A,1p,3.709464034474731,3.8406893821949426,non_sig,-0.13122534772021144
MCM5,22q,5.034233494989772,5.410953963071047,non_sig,-0.3767204680812748
MCM6,2q,5.406487018602793,5.685292498337288,non_sig,-0.278805479734495
MCM2,3q,5.582964854418371,5.840840368973943,non_sig,-0.2578755145555718
MCM3,6p,6.022731814004352,6.51893144183936,non_sig,-0.4961996278350078
MCM7,7q,5.92457625912942,6.333969873526252,non_sig,-0.40939361439683175
MCM4,8q,5.49764211775247,5.692533195780468,non_sig,-0.19489107802799843
FARP1,13q,2.1492530516865784,2.302049976848448,non_sig,-0.1527969251618697
FARP2,2q,1.7495615886572629,1.919843811783261,non_sig,-0.17028222312599817
TGFB1,19q,2.0126914425486775,2.390677675984779,non_sig,-0.3779862334361015
TGFB2,1q,2.4141779281531788,2.5816570125860316,non_sig,-0.16747908443285286
PRTN3,19p,5.862679531851548,4.128126685575792,non_sig,1.734552846275756
PDIA3,15q,9.174985657296858,9.287872509181417,non_sig,-0.11288685188455894
PDIA2,16p,0.39788277303627845,2.3384487149488526,non_sig,-1.9405659419125743
RIN1,11q,2.281060655231177,2.1810696785962698,non_sig,0.09999097663490719
HMOX1,22q,3.0910494802991244,3.069698341723967,non_sig,0.021351138575157247
HMOX2,16p,4.958594532311161,4.987040597849788,non_sig,-0.02844606553862672
UBE3A,15q,2.309776876680703,2.720110813315072,non_sig,-0.41033393663436923
CALCB,11p,0.8887422263423893,1.021388545058822,non_sig,-0.13264631871643273
ANO10,3p,1.6275833773532447,1.5477103659897136,non_sig,0.07987301136353109
ANO1,11q,2.9889375474653797,2.7761325108186083,non_sig,0.2128050366467713
ANO6,12q,1.8611542884780514,1.8871983952609903,non_sig,-0.02604410678293889
EHMT1,9q,2.678177935524757,2.9274898168726344,non_sig,-0.2493118813478774
EHMT2,6p,2.6491992665194735,2.765394642160199,non_sig,-0.11619537564072546
STMN1,1p,6.810092687916405,7.665216556868668,non_sig,-0.8551238689522629
STMN3,20q,2.2327131942892318,2.167748386836624,non_sig,0.06496480745260769
STMN2,8q,5.73868797114257,6.071196880031355,non_sig,-0.33250890888878537
DNMBP,10q,1.7647166288982978,1.9483800178912065,non_sig,-0.18366338899290868
EREG,4q,3.2650020642186792,3.3903227025996117,non_sig,-0.12532063838093244
TGFA,2p,0.1100287452424935,0.05399290534434115,non_sig,0.05603583989815235
PEX1,7q,2.578367676855239,2.528714482067522,non_sig,0.049653194787717236
NVL,1q,2.096372346321532,2.1736219774779824,non_sig,-0.07724963115645034
PEX6,6p,2.402904503850677,2.3082007990866558,non_sig,0.09470370476402135
TLR3,4q,1.5949924381698022,1.7127218550370134,non_sig,-0.11772941686721117
MSH3,5q,0.8399771329786547,0.8043739969635406,non_sig,0.03560313601511411
MSH6,2p,3.7244111985293977,4.054971402605263,non_sig,-0.3305602040758653
ATRN,20p,3.1824705968415814,3.2687147709767896,non_sig,-0.08624417413520824
PLD4,14q,3.2843194389448556,3.427126700722148,non_sig,-0.14280726177729264
PLD3,19q,4.147531388736678,4.392640189502527,non_sig,-0.2451088007658484
SBNO1,12q,0.7954432924486634,1.0054497047012052,non_sig,-0.2100064122525418
RCC2,1p,4.757966167699522,5.075895432889683,non_sig,-0.31792926519016085
RBM38,20q,2.1840800794489694,2.512820979568198,non_sig,-0.32874090011922874
BUB3,10q,5.299799525069337,5.389492829016331,non_sig,-0.08969330394699426
CXCL5,4q,1.1225300411002608,0.8978295588183196,non_sig,0.22470048228194117
MTG2,20q,1.5669416140855583,1.5094138307493217,non_sig,0.05752778333623665
TRAM1,8q,2.0656896014479416,2.371898417160481,non_sig,-0.30620881571253955
CNN2,19p,5.390644965413058,5.754280377241443,non_sig,-0.3636354118283851
CNN3,1p,4.079334031872734,4.432497558627682,non_sig,-0.35316352675494755
CNN1,19p,3.5322965212048327,3.4678208958312498,non_sig,0.06447562537358298
AOC1,7q,1.014135601647833,0.5460442453936891,non_sig,0.4680913562541438
G6PC3,17q,2.0929163605558325,1.3340967548262266,non_sig,0.7588196057296059
DCDC2,6p,2.1125673732251267,2.387182820984563,non_sig,-0.27461544775943647
ID1,20q,1.5621621483334125,1.4992741354800667,non_sig,0.06288801285334578
ID3,1p,1.7235604218971408,1.3959689196037468,non_sig,0.32759150229339395
RGS10,10q,2.193236419221863,2.3725694932840744,non_sig,-0.17933307406221122
RGS14,5q,1.967008958470447,2.363130565338179,non_sig,-0.3961216068677318
RGS12,4p,1.2747515163109602,1.0921835731243035,non_sig,0.1825679431866567
BECN1,17q,1.0877756418969464,1.2226046075778565,non_sig,-0.13482896568091007
WNT9A,1q,4.772074697033846,4.382521446391774,non_sig,0.3895532506420718
WNT5B,12p,0.984680861899048,2.0082034948007723,non_sig,-1.0235226329017242
PALM,19p,3.149476473100253,3.3642014278719987,non_sig,-0.21472495477174558
PALMD,1p,2.012761772193722,2.0464929066050233,non_sig,-0.033731134411301156
KIF1A,2q,3.2224770567056407,3.8775990973297496,non_sig,-0.655122040624109
KIF1C,17p,1.3038823766220689,1.5930891601916066,non_sig,-0.2892067835695378
KIF1B,1p,-0.3479225686165633,0.0008433047126301,non_sig,-0.3487658733291934
KIF14,1q,2.565668216577099,2.631072510795443,non_sig,-0.06540429421834393
NFASC,1q,2.605022585838823,2.3267083826371193,non_sig,0.27831420320170386
CNTN5,11q,3.7335230380261155,3.6858044327309343,non_sig,0.04771860529518124
CNTN1,12q,4.094026242340146,4.395407565073323,non_sig,-0.3013813227331772
NRCAM,7q,2.7397552064292565,2.9061836152343057,non_sig,-0.16642840880504917
UBA6,4q,3.7591501405357723,4.221672544205565,non_sig,-0.4625224036697926
UBA7,3p,1.2850242539297203,2.191815461190875,non_sig,-0.9067912072611546
KEAP1,19p,2.2031206954126437,2.3311427912520477,non_sig,-0.12802209583940405
WNK1,12p,3.2971863771992824,3.4394857945812083,non_sig,-0.14229941738192586
WNK2,9q,2.2014428499583865,2.46629220727558,non_sig,-0.2648493573171935
OSGEP,14q,2.4457321768573697,2.7018930691698935,non_sig,-0.2561608923125238
SDF2,17q,2.27974835413269,2.2649278143299263,non_sig,0.014820539802763655
PPIL2,22q,1.3179195740269307,1.529806533625443,non_sig,-0.21188695959851223
PPIL3,2q,3.1746356459433476,3.412060889135057,non_sig,-0.23742524319170943
PPIL1,6p,3.9216765164723526,4.136057281509229,non_sig,-0.21438076503687675
PPIC,5q,4.230276288731639,4.221074696835611,non_sig,0.009201591896028205
PPIF,10q,4.979794124291692,5.192908024277063,non_sig,-0.21311389998537145
PPWD1,5q,2.7601747532061105,3.0207087701336266,non_sig,-0.2605340169275161
PPIB,15q,9.048824022617884,9.308569041798545,non_sig,-0.2597450191806612
PPIH,1p,4.56470734096527,4.8613115368204145,non_sig,-0.29660419585514486
PPIA,7p,9.925460552642695,10.189242149164546,non_sig,-0.2637815965218504
LUC7L,16p,2.0083097357232322,2.327377448213032,non_sig,-0.3190677124897996
SARDH,9q,3.981832408095247,3.669546955288083,non_sig,0.31228545280716435
PDPR,16q,2.7673238146058345,2.7701103927073074,non_sig,-0.0027865781014728697
GHITM,10q,2.863716092061199,3.001339062332879,non_sig,-0.13762297027168024
GMEB2,20q,2.5356629912253417,2.4185256573268448,non_sig,0.1171373338984969
GMEB1,1p,2.3618922804654945,2.3622437190162744,non_sig,-0.0003514385507799034
YPEL5,2p,0.6677360819908656,0.6108202347864223,non_sig,0.056915847204443315
TNIP1,5q,1.0497176969603188,1.058902251867647,non_sig,-0.009184554907328168
ABI3,17q,0.0197023424496796,2.2155960493054727,non_sig,-2.1958937068557933
ABI1,10p,3.297178808586873,3.713384045879755,non_sig,-0.41620523729288195
ABI2,2q,2.5797872629687655,2.7687330529487633,non_sig,-0.18894578997999778
MIF,22q,9.83605186388333,10.480603772644205,non_sig,-0.6445519087608744
TPPP3,16q,2.7232751500085697,2.5157935047591606,non_sig,0.20748164524940904
TPPP,5p,6.0969812230683225,5.7681955244674965,non_sig,0.32878569860082596
PLCL2,3p,1.170288785393525,1.5345940125767203,non_sig,-0.36430522718319525
PLCB3,11q,3.335886582927962,3.3801646153051244,non_sig,-0.044278032377162546
PLCB2,15q,0.9338400293522444,1.1652076699463811,non_sig,-0.23136764059413673
PLCB4,20p,2.4680117613556405,2.741501704385578,non_sig,-0.27348994302993734
PLCH1,3q,5.577440169385261,5.570993243514952,non_sig,0.006446925870308817
PLCG1,20q,1.8537692700714936,2.243657723085561,non_sig,-0.3898884530140674
PLCD3,17q,1.7877173219351739,1.8647777111460075,non_sig,-0.07706038921083369
PLCD1,3p,1.8026927282901708,1.4392352306871379,non_sig,0.3634574976030329
PLCG2,16q,2.7691056922387753,3.063847728867561,non_sig,-0.2947420366287856
SPON1,11p,2.652885457975411,2.1018370321172144,non_sig,0.5510484258581965
TOR2A,9q,2.6153124428411982,2.715990956487164,non_sig,-0.10067851364596558
TOR3A,1q,1.115006493353857,0.9379817284742655,non_sig,0.1770247648795915
TOR1A,9q,2.812961072973721,2.8924112211547133,non_sig,-0.07945014818099239
TOR1B,9q,2.925442302614413,2.8974056244950455,non_sig,0.028036678119367497
BCAR3,1p,1.8417675153555504,1.7837901512467338,non_sig,0.0579773641088166
FCHO2,5q,1.6047505047485917,1.7699839427498518,non_sig,-0.1652334380012601
FCHO1,19p,1.5779300895518285,1.4566427439872536,non_sig,0.12128734556457488
FOLH1,11p,1.651321729848124,2.0780243645894596,non_sig,-0.42670263474133563
CPSF6,12q,6.412460579436633,6.553941038743837,non_sig,-0.14148045930720343
CPSF7,11q,4.874532582553113,5.052965058747741,non_sig,-0.17843247619462854
PON3,7q,3.458066955960446,2.2217716588887533,non_sig,1.2362952970716927
PON2,7q,4.6030514173843,4.955846116410222,non_sig,-0.35279469902592187
YJU2,19p,2.1163543833814997,2.2362788125242643,non_sig,-0.11992442914276458
SLTM,15q,4.615628212279186,4.622737399827124,non_sig,-0.0071091875479378785
SAFB2,19p,5.3920734376684,5.442817178148597,non_sig,-0.05074374048019692
PXDN,2p,2.2228217009040208,2.2127434183470607,non_sig,0.010078282556960083
PSD4,2q,1.1951027362733084,1.248821668630806,non_sig,-0.053718932357497584
PSD2,5q,3.785377083498857,1.9660596757724855,non_sig,1.8193174077263716
KIF2C,1p,3.0956468725329103,3.4381965225517708,non_sig,-0.3425496500188605
KIF2A,5q,3.361604643106757,3.557177022477175,non_sig,-0.19557237937041805
RIOK1,6p,1.5670158538630121,1.7971219266638494,non_sig,-0.23010607280083728
ZFHX3,16q,0.04953504892866992,0.3514305301854864,non_sig,-0.30189548125681653
ZHX1,8q,0.0665257309522953,-0.5299174276084515,non_sig,0.5964431585607468
ZHX2,8q,2.387036377380686,2.4604322257855116,non_sig,-0.0733958484048256
ZNRF1,16q,0.8964927677242928,1.2238472329313457,non_sig,-0.3273544652070529
ZNRF2,7p,2.5593868324329363,2.6859302535966547,non_sig,-0.12654342116371842
RNF11,1p,0.8129716399575604,1.6056257384934105,non_sig,-0.7926540985358501
HCN2,19p,1.843771570216608,1.8835612586642043,non_sig,-0.03978968844759634
PKN2,1p,2.698435698651913,2.843173809066235,non_sig,-0.14473811041432194
PKN1,19p,2.5855181713305018,3.196110040790816,non_sig,-0.6105918694603143
LZTS3,20p,1.275353565227316,0.6572878074494484,non_sig,0.6180657577778677
LZTS1,8p,3.0310169459215013,3.199095769078957,non_sig,-0.16807882315745593
PTPRG,3p,1.8934222841466912,2.3750399383227125,non_sig,-0.4816176541760213
PTPRC,1q,5.000787317901901,5.175692594539438,non_sig,-0.17490527663753674
INSR,19p,2.945330759084845,3.073474775842063,non_sig,-0.1281440167572181
IGF1R,15q,3.0781124966040982,3.0603285416845907,non_sig,0.017783954919507572
TOM1,22q,3.0577782076907725,3.3263391960220514,non_sig,-0.26856098833127895
TPST1,7q,1.9009278047692515,1.3987654871371944,non_sig,0.5021623176320571
THRB,3p,1.9420918591689311,1.7988984227198843,non_sig,0.1431934364490468
NR1I3,1q,2.463644602155424,2.1513524703584044,non_sig,0.31229213179701976
PGK2,6p,2.9782513374863555,3.289771058233608,non_sig,-0.31151972074725265
UBN1,16p,2.280672310739086,2.1906941427354156,non_sig,0.08997816800367042
UBN2,7q,1.7400249272122754,1.82872444928753,non_sig,-0.08869952207525467
ZFP91,11q,3.4680471106265984,3.50772409731903,non_sig,-0.03967698669243136
RAD21,8q,5.104176984152175,5.052038376948661,non_sig,0.05213860720351349
SNTB2,16q,3.3440393219794293,3.517267574994304,non_sig,-0.17322825301487477
SNTA1,20q,1.325859495534093,1.664461499242846,non_sig,-0.33860200370875293
SNTB1,8q,2.8066935224466167,2.7238312318649527,non_sig,0.08286229058166406
VAV2,9q,0.6787710491904659,-0.434476953780184,non_sig,1.11324800297065
NAV1,1q,1.9598024640131104,2.063747593266796,non_sig,-0.10394512925368549
PDE1C,7p,2.8108311168882913,2.9707847672867977,non_sig,-0.1599536503985064
SDK2,17q,2.078711320349251,2.029992215825279,non_sig,0.04871910452397188
SDK1,7p,1.475124362753986,1.602490975473948,non_sig,-0.12736661271996197
ABCD3,1p,4.392381835789781,4.228531951626212,non_sig,0.16384988416356894
LUM,12q,2.803816822463608,2.77954331245755,non_sig,0.024273510006058263
FMOD,1q,1.9850723043651015,2.179421942639694,non_sig,-0.1943496382745924
KCTD5,16p,2.61121462397048,2.626303390313722,non_sig,-0.015088766343241744
BAG3,10q,3.9332115297583052,4.038984654674827,non_sig,-0.10577312491652213
BAG4,8p,1.94334890516918,1.89464534640104,non_sig,0.04870355876813992
PKHD1,6p,1.9036264917018622,2.046454414797185,non_sig,-0.14282792309532266
VAPA,18p,7.198333046172701,7.387950411969475,non_sig,-0.18961736579677435
VAPB,20q,5.733529555046723,5.8339253673424984,non_sig,-0.10039581229577532
TXNIP,1q,2.9005423087654876,2.5023684721398576,non_sig,0.39817383662563
SPI1,11p,2.7515688933652345,2.6338976700287136,non_sig,0.11767122333652091
NEO1,15q,2.9222304026626618,2.652465562476099,non_sig,0.2697648401865629
ASAP1,8q,2.126351837751195,2.245993978241662,non_sig,-0.11964214049046662
ALX1,12q,0.5175162143961973,0.2601509577719107,non_sig,0.2573652566242866
PRRX1,1q,1.3394893344982248,0.8936332504190265,non_sig,0.4458560840791983
PITX1,5q,2.3700570209025678,2.180220589364067,non_sig,0.1898364315385006
CHST9,18q,3.075790053191554,2.924319510024134,non_sig,0.1514705431674197
DIP2B,12q,1.3466673557777118,1.191234149576321,non_sig,0.15543320620139078
DIP2A,21q,1.7871180180205106,1.6582981156778236,non_sig,0.12881990234268703
PATL1,11q,2.6812912197241405,2.821574012216079,non_sig,-0.1402827924919383
PDE3A,12p,2.9114393413165542,2.777936178933755,non_sig,0.13350316238279936
TPM2,9p,3.8482398711261823,3.725757136820729,non_sig,0.12248273430545309
TPM4,19p,6.61752109506868,7.023702910332165,non_sig,-0.4061818152634853
TPM3,1q,6.710836422810302,6.802333868008237,non_sig,-0.0914974451979349
TPM1,15q,5.467333905421073,5.568884487169912,non_sig,-0.10155058174883891
AP1S1,7q,1.818920373401204,2.0663002695209007,non_sig,-0.24737989611969669
AP4S1,14q,0.1524431469930582,0.6901918262582312,non_sig,-0.537748679265173
AP3S2,15q,2.509905869073309,2.535808743865387,non_sig,-0.025902874792077757
AP2S1,19q,5.0834152857527855,5.112363930025265,non_sig,-0.028948644272479562
AP3S1,5q,3.243973221418666,3.71719561917366,non_sig,-0.4732223977549941
RFTN1,3p,2.802095772862995,3.2412653760613965,non_sig,-0.4391696031984016
PLOD3,7q,4.244016293931898,4.012104076308482,non_sig,0.23191221762341563
PLOD2,3q,3.4682668521098847,3.9394746911615273,non_sig,-0.47120783905164254
PLOD1,1p,3.717695586562382,3.70608755872461,non_sig,0.011608027837772372
FLRT3,20p,1.1145714478072344,2.0232487030633157,non_sig,-0.9086772552560813
MAL2,8q,5.273129795409402,4.916059104214459,non_sig,0.3570706911949433
EFR3A,8q,5.722040207779811,6.0256831876697685,non_sig,-0.3036429798899576
CD36,7q,2.5920554592493765,2.4542427565334433,non_sig,0.13781270271593327
EDIL3,5q,3.1277215441277852,3.548688157222739,non_sig,-0.42096661309495387
HINT2,9p,5.636818383570819,5.575892282849179,non_sig,0.060926100721640175
HINT1,5q,7.026354099336442,7.571240190261627,non_sig,-0.5448860909251856
MBD2,18q,2.7754242288049897,2.92775909242454,non_sig,-0.1523348636195503
MBD3,19p,2.9281022667360364,3.125906385687143,non_sig,-0.19780411895110683
CAND1,12q,5.040775863127496,5.3577442934946,non_sig,-0.31696843036710387
CAND2,3p,2.5360572306825224,2.0592671628313517,non_sig,0.47679006785117073
LUZP1,1p,2.929872410716609,3.196816815242911,non_sig,-0.26694440452630186
DERL2,17p,1.0469598096584618,1.2489659463311713,non_sig,-0.2020061366727095
DERL1,8q,3.475319308383135,3.4458665576548557,non_sig,0.02945275072827913
GPR45,2q,3.3495071318413507,3.1475225316539572,non_sig,0.2019846001873935
MAP1B,5q,3.9672772148586484,4.449849823072406,non_sig,-0.4825726082137578
MAP1S,19p,2.659807184618801,2.9277465771899527,non_sig,-0.26793939257115174
MAP1A,15q,2.902652978550079,3.058640029668629,non_sig,-0.15598705111854994
NCALD,8q,3.1142241833724476,2.9882863850670436,non_sig,0.12593779830540397
HPCA,1p,-0.2672735675214174,1.7804982799950446,non_sig,-2.047771847516462
NCS1,9q,2.4694829893961723,2.605690784999423,non_sig,-0.13620779560325058
ALDH2,12q,5.134135018496047,5.093729599287474,non_sig,0.040405419208573434
SUMF1,3p,2.4499011413918144,2.490594012248579,non_sig,-0.04069287085676443
SUMF2,7p,3.665399011468512,4.090789612860996,non_sig,-0.4253906013924835
GGA3,17q,1.0800016865584747,1.6729924884498442,non_sig,-0.5929908018913694
GGA1,22q,2.104220183441455,2.3425767154861994,non_sig,-0.23835653204474427
ESRP2,16q,2.2469622238848377,2.1968949892472223,non_sig,0.05006723463761542
GRSF1,4q,5.90820846272865,5.968362631391424,non_sig,-0.06015416866277423
ESRP1,8q,3.479198899371199,3.670813903253018,non_sig,-0.19161500388181896
TRAP1,16p,8.353925736374508,8.511297201775788,non_sig,-0.15737146540127966
CCNL2,1p,1.2143950860152515,0.6247432580010707,non_sig,0.5896518280141808
SYDE1,19p,1.1740446984577666,1.645993653649629,non_sig,-0.4719489551918623
MATN3,2p,1.0929823107569503,0.8121095238689009,non_sig,0.2808727868880494
MATN2,8q,2.8586120770027765,2.8739843110479306,non_sig,-0.015372234045154087
LRRN1,3p,-0.505397191904557,0.4512178859189952,non_sig,-0.9566150778235523
FNTB,14q,1.5000819606543487,1.5217909186615137,non_sig,-0.02170895800716499
ABCG2,4q,2.131758930226625,2.3327901157757713,non_sig,-0.20103118554914623
WIPI2,7p,1.5836053309187106,1.3153660991794565,non_sig,0.2682392317392541
ATAD2,8q,2.912043048827711,2.9233818116888437,non_sig,-0.011338762861132778
PDE5A,4q,0.20938279598869675,1.6948155237143618,non_sig,-1.4854327277256651
SNX3,6q,4.664433423635152,5.310886106837625,non_sig,-0.6464526832024733
SNX11,17q,0.9138320194725735,1.0209771815253843,non_sig,-0.10714516205281077
LOXL3,2p,2.4717874388734034,2.555632120333265,non_sig,-0.08384468145986146
SOAT1,1q,2.55139232906477,2.7565100637186233,non_sig,-0.2051177346538533
HACL1,3p,2.0932203297908454,2.1946270626537348,non_sig,-0.10140673286288937
TES,7q,2.6927194271461907,3.4753441880936395,non_sig,-0.7826247609474488
LMCD1,3p,2.273940534678605,2.394997248920963,non_sig,-0.12105671424235798
SNX24,5q,1.6499104661278603,1.8054460778436459,non_sig,-0.15553561171578556
SNX22,15q,2.709771771597344,2.7471401575455707,non_sig,-0.03736838594822656
MIB1,18q,0.5963147798833681,0.4731344550565034,non_sig,0.1231803248268647
MCUB,4q,1.5621693732954043,1.5517758220917237,non_sig,0.010393551203680573
MCU,10q,3.29668275284362,3.4353622744703016,non_sig,-0.13867952162668162
TRAF1,9q,2.0977942512676147,1.9377179129811732,non_sig,0.1600763382864414
TRAF2,9q,1.7063286550972336,1.9111347937060896,non_sig,-0.204806138608856
CDNF,10p,5.568920326093519,5.550644943707692,non_sig,0.018275382385827044
MANF,3p,4.292352221702524,4.546496217027522,non_sig,-0.25414399532499754
EHD4,15q,3.1636025427867804,3.63819319353374,non_sig,-0.4745906507469595
EHD2,19q,3.7874871196114874,3.8962032389248193,non_sig,-0.10871611931333192
EHD1,11q,3.7685022907646086,3.8491368563197725,non_sig,-0.0806345655551639
EHD3,2p,2.886231841279809,2.8448547959976462,non_sig,0.04137704528216268
GRP,18q,4.963390043494331,4.635032646058164,non_sig,0.3283573974361671
CPLX3,15q,0.3509336518929498,0.42628649294749066,non_sig,-0.07535284105454088
CPLX2,5q,3.0512226488641443,3.389037575003054,non_sig,-0.33781492613890984
CPLX1,4p,1.3109840794095362,1.3794834847946973,non_sig,-0.06849940538516108
TMED2,12q,2.8948114333778463,2.9126833465563617,non_sig,-0.01787191317851544
TMED5,1p,5.671035846146503,5.507922692399596,non_sig,0.16311315374690682
TMED1,19p,4.165395423838855,4.009231865872767,non_sig,0.15616355796608783
TMED3,15q,2.0548279341369224,2.149960517788006,non_sig,-0.09513258365108346
LMAN1,18q,6.608439572802599,6.8433555237046235,non_sig,-0.23491595090202466
LMAN2,5q,5.8183272027589465,5.737836848053054,non_sig,0.08049035470589239
SNX1,15q,3.5073766299033093,4.112797392190479,non_sig,-0.6054207622871695
CNNM3,2q,1.9684901505911987,1.9633929015007896,non_sig,0.005097249090409095
CNNM4,2q,2.0684469235633687,2.001120434940402,non_sig,0.06732648862296653
PSME1,14q,7.10961171763775,7.522556741171777,non_sig,-0.41294502353402684
PSME2,14q,5.5598718911418885,5.905035564026896,non_sig,-0.3451636728850076
PSME3,17q,5.167911505096123,6.001276352686807,non_sig,-0.8333648475906834
CHP1,15q,4.300275198398485,4.059829702879397,non_sig,0.24044549551908823
CIB1,15q,2.766060297629149,2.820848978532155,non_sig,-0.05478868090300626
RPE,2q,3.090179322279397,3.3665531477780313,non_sig,-0.2763738254986343
ACOT1,14q,2.2409584201763812,2.18263446848035,non_sig,0.05832395169603144
ACOT2,14q,1.8353983246764125,1.8831773101183433,non_sig,-0.04777898544193082
CEP85,1p,0.3593533245173629,1.3076472076763388,non_sig,-0.9482938831589759
BMI1,10p,1.7399030783457745,1.9738894333902932,non_sig,-0.2339863550445187
CASP6,4q,3.6288213443582658,4.122705438710619,non_sig,-0.49388409435235303
CASP7,10q,2.6828770265607087,2.8481803491740565,non_sig,-0.1653033226133478
CASP3,4q,3.3770662729452487,4.03571448733157,non_sig,-0.6586482143863215
CASP2,7q,1.5075043902825978,1.7402389329850123,non_sig,-0.23273454270241456
CASP1,11q,2.4876115786538446,2.97798254262651,non_sig,-0.4903709639726652
CASP8,2q,2.4650652768092436,2.278509071955768,non_sig,0.18655620485347546
CASP4,11q,1.7856325480194393,1.9491659668864667,non_sig,-0.16353341886702744
ENPP3,6q,3.4145651823087957,2.990827287075458,non_sig,0.4237378952333377
ENPP4,6p,2.317152893659625,2.2659520440339223,non_sig,0.051200849625702816
ENPP1,6q,2.5001193811057942,2.721486023157797,non_sig,-0.22136664205200285
EMC9,14q,2.094560365533168,1.5832323809260527,non_sig,0.5113279846071155
EMC8,16q,5.153395658602889,5.162160438889799,non_sig,-0.008764780286909968
CORO7,16p,3.047033930189291,3.233690374021272,non_sig,-0.1866564438319811
ELF1,13q,2.2209961095563684,2.7287166701507166,non_sig,-0.5077205605943482
ELF2,4q,1.2256590990727894,1.548541573283134,non_sig,-0.32288247421034466
ULK3,15q,0.6094458030906273,0.8361339648686491,non_sig,-0.22668816177802176
EVPL,17q,3.654575591836494,3.5405022475793606,non_sig,0.11407334425713334
SMAP1,6q,2.130070811932222,2.4478444891770277,non_sig,-0.3177736772448059
SMAP2,1p,2.7384077768654835,2.975842032446835,non_sig,-0.23743425558135156
BCR,22q,2.1081525334527287,2.2077273191420814,non_sig,-0.09957478568935274
ABR,17p,1.5885820341358228,1.6249480414369737,non_sig,-0.036366007301150916
FBLN2,3p,2.6975275796710774,3.0263611742348893,non_sig,-0.3288335945638119
FBLN1,22q,1.513372498044553,1.6884282214002098,non_sig,-0.17505572335565667
STX7,6q,4.736021244243635,5.086145086542648,non_sig,-0.3501238422990127
STX3,11q,2.905803994083435,2.876823025585595,non_sig,0.028980968497839932
STX1A,7q,1.9624766533473088,2.755419115760191,non_sig,-0.7929424624128822
STX2,12q,2.0898259734392655,2.108751755087651,non_sig,-0.01892578164838543
STX4,16p,3.332950549725795,3.38810533079897,non_sig,-0.05515478107317495
STX12,1p,4.194498415000082,4.247854103677571,non_sig,-0.05335568867748908
STX16,20q,3.5864356863183806,3.604908665431825,non_sig,-0.018472979113444588
HIBCH,2q,4.393268426276106,4.4418756777801995,non_sig,-0.04860725150409362
ECI1,16p,5.189259560361338,5.273378949386947,non_sig,-0.08411938902560934
ECH1,19q,7.115923175472185,7.203078634108913,non_sig,-0.0871554586367278
MTFR2,6q,1.5142398801424588,1.7204046290733772,non_sig,-0.2061647489309184
MTFR1,8q,1.8548900529366417,1.992365262998988,non_sig,-0.13747521006234642
ASXL3,18q,2.424977014084744,2.4135891783029733,non_sig,0.011387835781770939
ASXL2,2p,0.9064678112471631,1.4769752965841232,non_sig,-0.57050748533696
LYN,8q,2.9169228875787825,2.987191470790768,non_sig,-0.07026858321198537
LCK,1p,2.660808149584577,2.344999855681296,non_sig,0.3158082939032809
TYK2,19p,3.8181950455832734,3.796910023768644,non_sig,0.021285021814629435
JAK1,1p,2.773177922859462,2.7655806420007294,non_sig,0.007597280858732791
CSK,15q,3.445246188281835,3.874616247676922,non_sig,-0.4293700593950871
FRK,6q,2.0496248195130424,2.7960345407180958,non_sig,-0.7464097212050533
UBL7,15q,1.7281156022640392,1.8709733495244505,non_sig,-0.14285774726041134
STK10,5q,2.547246999997676,2.3209450250302437,non_sig,0.22630197496743243
TAOK1,17q,1.724147109242049,1.9311451969147344,non_sig,-0.20699808767268535
STK3,8q,2.297516905032198,2.1273687842036493,non_sig,0.1701481208285487
TAOK3,12q,2.9999050504357636,3.0284583450523863,non_sig,-0.028553294616622704
STK4,20q,2.6149336923764306,3.02181303621769,non_sig,-0.40687934384125946
SLK,10q,3.2059474585443213,3.3792638224244342,non_sig,-0.17331636388011296
NEBL,10p,1.541577139469856,1.629548015176681,non_sig,-0.08797087570682494
LASP1,17q,6.357707235748351,6.560982478924226,non_sig,-0.20327524317587464
OXSR1,3p,3.976424879819646,4.807352477703338,non_sig,-0.8309275978836919
TAOK2,16p,0.512568170631685,0.9900631655272444,non_sig,-0.47749499489555935
STK39,2q,2.654141133679132,2.8887906225785924,non_sig,-0.23464948889946058
DOCK2,5q,3.1006982852695826,3.4834624564987333,non_sig,-0.38276417122915074
DOCK5,8p,2.488904421649514,2.7466014099689353,non_sig,-0.2576969883194211
DDI1,11q,1.4149961369797692,1.6707039904212828,non_sig,-0.2557078534415136
DDI2,1p,3.4758237669253615,3.9142280994762775,non_sig,-0.43840433255091593
TGM1,14q,1.8124950329969738,2.537459032025128,non_sig,-0.7249639990281542
TGM2,20q,4.749828584040286,4.9284348188602936,non_sig,-0.17860623482000726
TGM3,20p,3.8588022067534498,3.971236133130804,non_sig,-0.11243392637735417
SIPA1,11q,4.956738438417834,4.8110567089449345,non_sig,0.1456817294728996
CAMKV,3p,5.952742886813687,6.268999596325027,non_sig,-0.31625670951133955
RRAGA,9p,1.2789119213571951,1.4318311577020255,non_sig,-0.1529192363448304
RRAGC,1p,1.4592253499139656,1.4992640558145456,non_sig,-0.04003870590058001
MYOZ2,4q,2.5950198678564975,2.550774661381547,non_sig,0.04424520647495056
YIPF5,5q,2.013784912603101,2.201246720997068,non_sig,-0.1874618083939672
YIPF4,2p,3.384078326077728,3.252135928550981,non_sig,0.13194239752674708
CRTC1,19p,1.1600847590871106,1.499587128862726,non_sig,-0.33950236977561543
CRTC2,1q,1.7050550266093496,1.7468722286574083,non_sig,-0.04181720204805872
STX17,9q,3.3234132079931715,3.4101996162264268,non_sig,-0.08678640823325523
STX5,11q,3.5412366845384775,3.3441456345510003,non_sig,0.19709104998747717
STX11,6q,1.4705942048969478,1.5628332408956542,non_sig,-0.09223903599870642
NXF1,11q,3.82668866794772,3.7426385926950205,non_sig,0.08405007525269959
UAP1,1q,3.418563013198544,3.0597456936146323,non_sig,0.3588173195839115
BTNL8,5q,6.097898575102344,6.442368781857409,non_sig,-0.3444702067550649
PDK1,2q,2.6571553974100857,2.751259583988646,non_sig,-0.09410418657856034
HKDC1,10q,2.9309712715410496,3.9928736111229166,non_sig,-1.061902339581867
A1CF,10q,2.543864732701439,2.2132641598240768,non_sig,0.33060057287736244
RBM47,4p,3.2460252059882793,3.270843070048051,non_sig,-0.02481786405977182
CD63,12q,3.048340525097964,3.090949153505102,non_sig,-0.042608628407138305
FLNC,7q,5.362738390087061,5.562638373002212,non_sig,-0.19989998291515132
FLNB,3p,6.897601057045084,6.507082892550844,non_sig,0.3905181644942397
ACBD5,10p,2.953862751863153,3.132287086428418,non_sig,-0.17842433456526496
CAV2,7q,2.8029021882469216,2.8267467884891024,non_sig,-0.023844600242180825
CAV1,7q,6.092992929657151,5.379127142083092,non_sig,0.7138657875740586
SEC13,3p,3.648947144595445,3.738073088122674,non_sig,-0.08912594352722891
HBS1L,6q,2.4264862339691393,2.4185389840722116,non_sig,0.007947249896927744
UBTD1,10q,1.286627967462631,1.4369106906537883,non_sig,-0.1502827231911572
SAP30,4q,2.05108248041501,2.224143646736549,non_sig,-0.1730611663215389
ADAM9,8p,4.1527642462188386,4.237243111992593,non_sig,-0.08447886577375474
LAMB3,1q,3.5962194998252377,3.878643628564007,non_sig,-0.2824241287387692
LAMB1,7q,3.7155992810441454,3.939677451927462,non_sig,-0.22407817088331683
LAMB2,3p,2.7696975565096027,2.7579830794653772,non_sig,0.011714477044225458
TCF20,22q,2.2732149980984997,2.3493870698133126,non_sig,-0.07617207171481288
RAI1,17p,2.303975547509851,2.4628055964295577,non_sig,-0.15883004891970653
NRG1,8p,2.4089476395552776,2.1247859323654636,non_sig,0.28416170718981393
APOL4,22q,6.227518219288342,6.397264148217356,non_sig,-0.16974592892901352
APOL1,22q,1.7165995313548208,1.5383111921683126,non_sig,0.17828833918650822
APOL2,22q,3.1601432106424068,3.409487596920302,non_sig,-0.24934438627789524
TCAF1,7q,1.380320748157318,1.9704779885530208,non_sig,-0.5901572403957027
MEF2B,19p,4.595667272581354,4.619354841414427,non_sig,-0.02368756883307377
MEF2D,1q,1.2561001105665972,1.4759939327440996,non_sig,-0.21989382217750242
MEF2A,15q,0.9877257578101403,1.3074855446784888,non_sig,-0.3197597868683485
MEF2C,5q,2.6909116247497895,2.3374345149193836,non_sig,0.3534771098304059
EVA1A,2p,3.608454652233979,3.634024210507352,non_sig,-0.02556955827337326
FABP7,6q,5.63206083567204,4.969996180676951,non_sig,0.6620646549950893
RBP2,3q,4.7657503243360475,4.749032516443947,non_sig,0.016717807892100645
FABP4,8q,3.93619423432908,3.787455722876013,non_sig,0.14873851145306727
FABP5,8q,5.533750392014279,6.301727787911238,non_sig,-0.7679773958969589
FABP6,5q,2.881934299976046,3.1656587001215737,non_sig,-0.2837244001455277
RBP1,3q,2.862515827262068,2.7836245535480284,non_sig,0.07889127371403948
DLX6,7q,1.48807331365617,2.022195347715216,non_sig,-0.5341220340590462
PTBP2,1p,6.414201116677622,6.520667253640254,non_sig,-0.10646613696263252
PTBP1,19p,7.491441805383705,7.436307951873912,non_sig,0.055133853509792274
PTBP3,9q,4.014479561938592,4.116788522123027,non_sig,-0.10230896018443492
KDM2A,11q,3.5822626011121708,3.443046616604497,non_sig,0.1392159845076737
MT1F,16q,0.1842692695842631,0.5371847547908282,non_sig,-0.35291548520656507
MT1X,16q,4.508016413338465,1.9084669432989956,non_sig,2.5995494700394697
HSF1,8q,1.7007484601407732,1.7879500175834981,non_sig,-0.08720155744272495
LMF2,22q,3.146355781806043,3.2720569558082353,non_sig,-0.1257011740021925
CLU,8p,3.5060266640640125,3.801620238673721,non_sig,-0.2955935746097085
SMC1B,22q,3.1518727371392554,3.3223949555456667,non_sig,-0.17052221840641124
SMC4,3q,4.3413913405717155,4.416347677312075,non_sig,-0.0749563367403594
MAST4,5q,3.492356182334957,3.4147892481205404,non_sig,0.07756693421441652
MITF,3p,1.8890076464159837,2.3273602222929894,non_sig,-0.4383525758770057
PDCD2,6q,1.6323791449850509,1.8377173253843688,non_sig,-0.20533818039931795
EPHB4,7q,2.0497599724352673,2.269001149305129,non_sig,-0.21924117686986166
EPHA1,7q,2.171379189626207,2.448597375196239,non_sig,-0.27721818557003175
DDR2,1q,2.774353046600339,2.4663864615060995,non_sig,0.3079665850942397
SCO2,22q,3.1874905373364304,3.260283006919634,non_sig,-0.07279246958320362
SCO1,17p,5.591594469381495,5.851469745107553,non_sig,-0.25987527572605806
REG4,1p,2.1466951554290703,2.1305331395714373,non_sig,0.016162015857632994
MBD1,18q,2.967504708891782,3.1950454338624876,non_sig,-0.22754072497070554
MKRN1,7q,1.4719164537899325,1.4613056068442392,non_sig,0.010610846945693364
MKRN2,3p,2.538014860088059,2.9097203247051944,non_sig,-0.3717054646171354
TMCC3,12q,1.3659294809805351,1.5706670688852247,non_sig,-0.20473758790468954
KLRG2,7q,2.089937310742731,2.1636602097024835,non_sig,-0.07372289895975248
GFPT2,5q,2.0975562136653916,2.207280921121504,non_sig,-0.10972470745611229
GFPT1,2p,3.4337339054132237,3.948864038258359,non_sig,-0.5151301328451354
SH2B2,7q,2.297282411905263,2.402409573261395,non_sig,-0.10512716135613198
SPNS1,16p,2.367088103059415,2.4895179886728975,non_sig,-0.12242988561348245
NIT2,3q,3.921747394038306,4.473396201147618,non_sig,-0.551648807109312
XPO7,8p,2.205632264077357,2.3616393509030615,non_sig,-0.15600708682570463
CBLB,3q,4.0856192419236,4.369664200048582,non_sig,-0.28404495812498265
CBL,11q,3.605868987522941,3.878914724986367,non_sig,-0.2730457374634261
FNIP2,4q,2.127075233439154,1.9617289645048144,non_sig,0.16534626893433946
AP3M1,10q,2.1563269765595794,2.0807271618834284,non_sig,0.07559981467615096
AP1M2,19p,2.9288389880683496,2.811208781154493,non_sig,0.11763020691385684
AP2M1,3q,4.021561668795258,3.9312715732725705,non_sig,0.09029009552268707
AP1M1,19p,2.9457726843276433,3.0278070471795147,non_sig,-0.08203436285187138
AP3M2,8p,0.7399613973289372,0.8718889799557241,non_sig,-0.13192758262678694
PPM1E,17q,2.382794502949756,2.231158767448152,non_sig,0.15163573550160425
HERC4,10q,2.5942023696512875,2.33156005670788,non_sig,0.2626423129434077
HERC5,4q,2.045403898289852,1.542068203871708,non_sig,0.5033356944181442
TOP3B,22q,0.47149550514812744,0.0934253015334549,non_sig,0.37807020361467253
TOP3A,17p,1.9799330893863256,2.076606430594947,non_sig,-0.09667334120862159
PAIP2,5q,2.1279079510391172,2.444886695317734,non_sig,-0.3169787442786167
P4HA1,10q,4.5912358508348,4.608383820768068,non_sig,-0.017147969933267504
P4HA2,5q,3.6070182801041044,4.1386416268241355,non_sig,-0.5316233467200311
MOXD1,6q,2.7847334781153408,3.296683849645131,non_sig,-0.5119503715297902
LDB3,10q,2.684827005547755,2.603272988588949,non_sig,0.08155401695880604
ASCC3,6q,1.78907171924633,1.7504533780545928,non_sig,0.03861834119173713
PSMD3,17q,3.4548756999553394,3.6917483040266186,non_sig,-0.2368726040712792
LEF1,4q,1.7397731112909678,2.8048647564658062,non_sig,-1.0650916451748385
LCN1,9q,2.830716554732243,1.2693999451731037,non_sig,1.5613166095591393
NSG1,4p,-0.4269365322158152,0.7239332108245652,non_sig,-1.1508697430403805
BCAM,19q,3.655080081668381,4.105724890901917,non_sig,-0.4506448092335362
NT5C,17q,2.281527730098844,2.5041199885069667,non_sig,-0.22259225840812258
FDX2,19p,2.266426579407212,2.354867895076582,non_sig,-0.08844131566936975
NMI,2q,2.243635515563848,2.2894468480902592,non_sig,-0.04581133252641134
HESX1,3p,3.1166723898196804,3.4939984361731637,non_sig,-0.3773260463534833
FSD1L,9q,2.014101503956403,1.951744079922049,non_sig,0.06235742403435407
FSD1,19p,2.2727637510580574,2.4978793748034542,non_sig,-0.22511562374539684
MYOG,1q,2.4607652100587587,1.1507748703828793,non_sig,1.3099903396758794
CYGB,17q,3.285056179609416,4.111270052277496,non_sig,-0.8262138726680801
HBG2,11p,3.4916304943454946,7.9375009558867475,non_sig,-4.4458704615412525
HBG1,11p,0.1633880205124225,0.9349055473618756,non_sig,-0.7715175268494531
HBD,11p,2.3158036439210283,2.477732483006192,non_sig,-0.16192883908516364
HBB,11p,3.5956733754638566,3.6157051131342417,non_sig,-0.02003173767038513
TAL1,1p,1.0386492745921894,3.035710733314984,non_sig,-1.9970614587227948
GDPD3,16p,2.9050568752669395,2.8165743451996144,non_sig,0.0884825300673251
GDPD1,17q,2.606114675299496,2.5976287669905274,non_sig,0.008485908308968781
DPPA2,3q,1.851414793487055,1.0503757872510664,non_sig,0.8010390062359887
DPPA4,3q,-0.0563094117785073,1.5288767265450849,non_sig,-1.5851861383235921
PTGR1,9q,2.6708156640352056,2.6393368315630634,non_sig,0.031478832472142226
HIPK2,7q,1.3337942031155587,1.432515776606615,non_sig,-0.09872157349105626
LIFR,5p,1.5694985683252127,0.2198072400797613,non_sig,1.3496913282454515
OSMR,5p,1.6519522543858207,1.2737694242842186,non_sig,0.37818283010160214
IFIT1,10q,2.14023258993278,2.7297753053790212,non_sig,-0.5895427154462412
IFIT3,10q,3.213374879463614,3.157619997602426,non_sig,0.05575488186118793
IFIT5,10q,1.4340233385927708,1.5029865667906188,non_sig,-0.06896322819784806
CD151,11p,3.727585631442752,3.87141257950643,non_sig,-0.14382694806367802
EDEM3,1q,1.8741373134437203,2.0254143236831323,non_sig,-0.1512770102394121
CD86,3q,2.1287748577578247,2.927240433411503,non_sig,-0.7984655756536783
HGS,17q,4.13876541838488,4.417519497688071,non_sig,-0.27875407930319085
STAM2,2q,2.3522717399852406,2.462764526676646,non_sig,-0.11049278669140516
BOLA2,16p,5.392691788656068,6.06542944950453,non_sig,-0.6727376608484619
BOLA1,1q,2.9612514575999658,2.9985806770380012,non_sig,-0.037329219438035466
BOLA3,2p,1.2186475555031666,1.1178294888947902,non_sig,0.10081806660837644
ACOX2,3p,1.858247221689004,2.126720146103458,non_sig,-0.2684729244144539
ACOX1,17q,3.257007124548281,3.0891554788588493,non_sig,0.16785164568943145
ACOX3,4p,2.0363867069797896,1.9274700318372497,non_sig,0.10891667514253989
DCC,18q,1.5479356022010995,1.6561125822780172,non_sig,-0.10817698007691767
IDI1,10p,3.8392101901730804,4.211636247588668,non_sig,-0.37242605741558776
DDX50,10q,4.401203410689124,4.705563595673084,non_sig,-0.30436018498395967
DDX47,12p,4.186314486497587,4.474619546023181,non_sig,-0.2883050595255936
DDX18,2q,4.417305165671855,4.503481419934683,non_sig,-0.0861762542628286
DDX21,10q,6.726194751561295,7.235714971977074,non_sig,-0.5095202204157783
DDX24,14q,3.605763421587195,4.09354797233299,non_sig,-0.4877845507457952
PLEK,2p,2.794039459970374,3.586540150216387,non_sig,-0.7925006902460132
ATF3,1q,1.4529791037089244,0.9572459209685837,non_sig,0.4957331827403406
FOSL2,2p,1.3347631272487108,1.4749353135036707,non_sig,-0.14017218625495986
ALK,2p,2.7286003297618704,2.5117128139649973,non_sig,0.21688751579687304
TAF7,5q,1.6067651964255592,1.7262289686999228,non_sig,-0.11946377227436367
KLK11,19q,2.052052230738719,1.6843148662954623,non_sig,0.36773736444325666
MRTFB,16p,3.232317067638792,3.2187113876281126,non_sig,0.01360568001067941
MRTFA,22q,1.1132639738364822,1.3058145387561089,non_sig,-0.19255056491962663
LIMD1,3p,2.0864328419497373,2.482878251743217,non_sig,-0.39644540979347953
AJUBA,14q,2.858882350855517,2.8641033189803284,non_sig,-0.0052209681248114315
EIF3C,16p,2.459018162514629,2.753698572070735,non_sig,-0.2946804095561064
STT3A,11q,4.052306515517002,3.903213202177646,non_sig,0.14909331333935638
STT3B,3p,4.049928567121618,4.163109958853411,non_sig,-0.11318139173179365
CSRP2,12q,3.0662394434170355,2.8507410702782154,non_sig,0.21549837313882003
CSRP3,11p,0.0906510799851758,2.64356783459289,non_sig,-2.5529167546077143
CSRP1,1q,3.6767251397064764,3.69359030068984,non_sig,-0.01686516098336366
PGAM2,7p,4.442774713872146,3.0484211379848105,non_sig,1.3943535758873358
PGAM1,10q,7.118147259955234,7.696369882771562,non_sig,-0.5782226228163285
TTC28,22q,1.5327879867226772,1.0249095929704708,non_sig,0.5078783937522064
GPSM1,9q,2.699935647558254,2.8282412617099246,non_sig,-0.12830561415167052
GPSM2,1p,2.035379498375972,1.7700772773183613,non_sig,0.2653022210576106
RHPN2,19q,1.732035183398206,1.358037011843177,non_sig,0.3739981715550289
NPC1,18q,3.3832956045564075,3.3153181664278373,non_sig,0.06797743812857027
RIC8A,11p,3.361989066230483,3.977511165348173,non_sig,-0.61552209911769
VTI1B,14q,3.3411476062973393,3.5262819854718543,non_sig,-0.18513437917451503
VTI1A,10q,0.6694908305561309,0.5953833828443509,non_sig,0.07410744771178002
ULBP2,6q,2.440748482529931,2.408868362819986,non_sig,0.031880119709944754
WWOX,16q,1.1086231507266917,1.4711665845089337,non_sig,-0.36254343378224196
DHRS9,2q,2.692954497951516,3.5795267194630487,non_sig,-0.8865722215115328
DHRS3,1p,2.4518383353276345,2.300117282485978,non_sig,0.1517210528416566
RDH5,12q,1.804754265478176,1.467778452747825,non_sig,0.33697581273035104
CADM4,19q,2.580259750761859,2.9174336492707784,non_sig,-0.3371738985089192
CADM1,11q,2.453781491524269,2.8271992608977303,non_sig,-0.3734177693734613
CADM2,3p,1.7843651095294448,2.092936304190114,non_sig,-0.30857119466066907
CADM3,1q,1.7774569709891783,1.688958318649417,non_sig,0.08849865233976129
RBX1,22q,3.721683370388568,4.06108647783484,non_sig,-0.3394031074462718
PALS1,14q,2.7648519916222796,2.85437659993164,non_sig,-0.0895246083093606
MPP2,17q,2.197237676816701,2.2716719259968863,non_sig,-0.07443424918018549
PALS2,7p,3.400822739851739,3.5760971181264085,non_sig,-0.1752743782746693
MPP7,10p,2.4621157512423477,2.7417981726993554,non_sig,-0.2796824214570077
PDIA5,3q,3.1985929883793016,3.647110199374731,non_sig,-0.4485172109954294
PDE12,3p,3.7255228908059497,4.313962333171355,non_sig,-0.5884394423654049
CTCF,16q,3.3064901041743897,3.4959960730199313,non_sig,-0.1895059688455416
WSCD1,17p,3.8910138353009334,3.979481020699577,non_sig,-0.08846718539864362
LOXL4,10q,2.034116339415931,2.053939921600845,non_sig,-0.0198235821849142
LOXL2,8p,3.0330843309903717,3.3890258389632093,non_sig,-0.35594150797283763
LOXL1,15q,1.7871821037560842,2.2460346606589083,non_sig,-0.4588525569028241
LSR,19q,4.420315867370157,4.387854577508213,non_sig,0.032461289861943854
ESYT2,7q,4.22295089264691,4.12840629842059,non_sig,0.09454459422632056
ESYT1,12q,5.87991259744446,5.825651545472563,non_sig,0.054261051971897345
PHF2,9q,2.6895341246908435,2.7689784801811044,non_sig,-0.07944435549026085
STAG1,3q,3.114231336047016,3.2568598338228973,non_sig,-0.14262849777588116
NTNG1,1p,0.3481800251965654,0.9725031969941164,non_sig,-0.624323171797551
NLRP1,17p,4.325804030793839,4.408180760000402,non_sig,-0.0823767292065627
STX8,17p,2.8082575296581136,2.9551660071261954,non_sig,-0.14690847746808178
STX6,1q,3.115795752798451,2.9908925373058586,non_sig,0.12490321549259242
STX10,19p,1.8665310313559127,1.8972315803564639,non_sig,-0.03070054900055119
OGDHL,10q,4.723443269169093,4.770715187209362,non_sig,-0.04727191804026898
SFXN1,5q,6.096709275729743,6.25857769750782,non_sig,-0.16186842177807748
SFXN3,10q,4.503217239136125,4.736889939078884,non_sig,-0.2336726999427583
SFXN2,10q,2.8302680286599333,2.8581973577513713,non_sig,-0.02792932909143797
SFXN4,10q,1.9882319487075564,2.209625598162813,non_sig,-0.22139364945525664
PDIA4,7q,7.4886148989447445,7.550589818250629,non_sig,-0.06197491930588406
PDIA6,2p,8.728513481645,8.756491138864705,non_sig,-0.027977657219704355
TAP2,6p,3.538237205783891,3.501169088130423,non_sig,0.03706811765346796
ABCB6,2q,8.962526042717727,9.292120864918264,non_sig,-0.32959482220053715
TAP1,6p,3.7300162728962074,3.3886373251578217,non_sig,0.34137894773838573
SHB,9p,0.7670076223827179,0.5926134006386031,non_sig,0.17439422174411479
SHD,19p,-0.1894389554427616,1.4848886936396961,non_sig,-1.6743276490824577
AIF1L,9q,2.1182373657695246,2.1290307760255054,non_sig,-0.010793410255980795
AIF1,6p,2.513925070961962,3.1264140533290607,non_sig,-0.6124889823670987
MARK3,14q,1.643607297047832,1.8015485984604904,non_sig,-0.1579413014126585
MARK2,11q,2.460230789465613,2.2961706609336834,non_sig,0.16406012853192964
LYPD1,2q,1.817346281239118,-0.22984306268321142,non_sig,2.047189343922329
LYPD2,8q,1.6715562760919973,3.223201744254795,non_sig,-1.5516454681627978
CD59,11p,4.116967140346973,4.2334377314261715,non_sig,-0.11647059107919855
HACD3,15q,4.529927809524891,4.381014199417255,non_sig,0.1489136101076367
LAMC2,1q,3.734633074721133,3.8865543026814584,non_sig,-0.15192122796032548
SMYD3,1q,2.149533968191307,2.382484450718761,non_sig,-0.23295048252745376
KHNYN,14q,0.7325904012330602,0.8768494568422454,non_sig,-0.14425905560918517
UCK2,1q,2.643800313407628,2.883042967358184,non_sig,-0.23924265395055588
N4BP1,16q,3.0844467690942334,3.209914976466331,non_sig,-0.1254682073720974
ROCK1,18q,2.4011147369643524,2.6001755881287427,non_sig,-0.19906085116439032
ROCK2,2p,2.3735419106736244,2.560437559115874,non_sig,-0.18689564844224948
COPG2,7q,3.098533643679484,3.3217436122445676,non_sig,-0.22320996856508346
COPG1,3q,4.641617620590609,4.638381882607211,non_sig,0.003235737983398046
COCH,14q,3.253002806603795,3.028488458897933,non_sig,0.22451434770586198
KLK6,19q,3.4808385514121394,2.528994647988043,non_sig,0.9518439034240962
PVR,19q,4.9808748122183335,4.868048977160037,non_sig,0.11282583505829624
UBA3,3p,3.2366734211236277,3.550493435421833,non_sig,-0.3138200142982055
ECE1,1p,4.1588399408908625,4.115568856094948,non_sig,0.04327108479591413
NCK2,2q,1.9254355678041977,2.051737857537395,non_sig,-0.12630228973319735
NCK1,3q,2.7724282412884502,2.877674418649373,non_sig,-0.10524617736092257
SCFD1,14q,4.130399965805365,4.36392462333313,non_sig,-0.23352465752776475
CCN2,6q,2.833479455763183,2.972271969287726,non_sig,-0.13879251352454336
CCN1,1p,2.6002156392409357,2.730698326718468,non_sig,-0.13048268747753244
AMACR,5p,2.0783026170800944,2.542774148258417,non_sig,-0.46447153117832274
RAF1,3p,1.685803151037294,1.6958812445056193,non_sig,-0.010078093468325333
PANK4,1p,1.7165429681339124,1.929945543337705,non_sig,-0.2134025752037927
PANK2,20p,-0.39416149293372116,-0.2430992347931567,non_sig,-0.15106225814056445
FHL2,2q,3.951019390092196,3.8002024138356965,non_sig,0.15081697625649948
FHL3,1p,2.468694587284299,2.36295525277336,non_sig,0.1057393345109392
MPDZ,9p,1.2577788524043045,1.3019584408714904,non_sig,-0.04417958846718584
PARP9,3q,2.349334924717737,0.684463884273558,non_sig,1.6648710404441789
EIF3F,11p,5.60296213405076,6.06798553523117,non_sig,-0.4650234011804102
PSMD7,16q,4.829612317968206,4.952560598203799,non_sig,-0.12294828023559301
JAG1,20p,2.1196412145270633,2.4940497763486134,non_sig,-0.37440856182155
DNER,2q,-0.6302200324950002,0.9883386825330516,non_sig,-1.6185587150280518
PARP2,14q,1.9821380417236787,1.8856237373433848,non_sig,0.09651430438029385
PARP1,1q,6.488020195815854,6.942051750705608,non_sig,-0.4540315548897542
CNPY4,7q,2.2840957965718314,2.540187784262971,non_sig,-0.2560919876911396
CNPY3,6p,2.6711639324522816,3.121619889429117,non_sig,-0.4504559569768354
SYPL1,7q,3.5136996858931098,3.7033917315485763,non_sig,-0.1896920456554665
TKT,3p,7.474312671624107,8.039225279548774,non_sig,-0.5649126079246667
CPT1A,11q,4.763979591630248,4.539327738479029,non_sig,0.22465185315121872
CPT2,1p,3.6935090733764326,3.5113781458818933,non_sig,0.1821309274945393
BRMS1,11q,1.0536660833498874,1.481729632308757,non_sig,-0.42806354895886956
IMP4,2q,4.078026620154831,4.01998097061624,non_sig,0.058045649538590816
RPF1,1p,3.021056287181705,3.009471564052246,non_sig,0.011584723129459018
NUDT4,12q,1.9056725133113965,2.1796473406778785,non_sig,-0.27397482736648193
NUDT3,6p,2.573789892478022,3.0994273146154323,non_sig,-0.5256374221374105
DDX56,7p,3.6860885414645046,3.7800375143762417,non_sig,-0.0939489729117371
DDX6,11q,4.23415587345303,4.640878907596466,non_sig,-0.406723034143436
DDX1,2p,5.86630408353999,6.014279698152,non_sig,-0.14797561461200992
DDX20,1p,3.253891934477653,3.456351610682478,non_sig,-0.2024596762048252
DDX49,19p,1.4434716450076692,1.3312139254490971,non_sig,0.11225771955857211
GPNMB,7p,5.615030743940117,4.588390028355277,non_sig,1.0266407155848398
PMEL,12q,4.293428423610396,4.271827347467267,non_sig,0.021601076143128672
VLDLR,9p,2.215446930171231,2.266102805332726,non_sig,-0.05065587516149472
LRP2,2q,1.5210588522191004,1.764106392757729,non_sig,-0.24304754053862854
LRP1,12q,3.25520728740903,3.4960224579079124,non_sig,-0.24081517049888257
LDLR,19p,3.1128293370886833,2.9817207423441023,non_sig,0.13110859474458092
TKTL2,4q,2.123247439299546,1.8699576441566603,non_sig,0.25328979514288585
PPIL4,6q,2.607257320259955,2.94311451958518,non_sig,-0.3358571993252246
PSG9,19q,2.126020912997116,1.9838239503662862,non_sig,0.14219696263082993
TIA1,2p,4.1638999600622135,4.411410740995067,non_sig,-0.2475107809328536
CENPB,20p,3.3836350078496453,3.4007268892145155,non_sig,-0.017091881364870165
IFRD1,7q,0.41197553754963595,1.5004554445020615,non_sig,-1.0884799069524256
IFRD2,3p,1.2617156133942142,1.6590044466341973,non_sig,-0.3972888332399831
PLPP6,9p,2.6939052708302578,2.9460706161547097,non_sig,-0.2521653453244519
P2RX4,12q,1.7786028355915489,1.736224300315908,non_sig,0.04237853527564095
MTF2,1p,2.919255709266145,2.8784495330556235,non_sig,0.04080617621052163
LGR5,12q,1.6447611123346235,1.3709003062056446,non_sig,0.2738608061289789
LGR4,11p,1.737456652132303,1.9262863562672476,non_sig,-0.1888297041349447
NOS1,12q,1.6167532321547358,1.9497162077802397,non_sig,-0.3329629756255039
ERAP1,5q,3.0463886752851974,3.2933369267194563,non_sig,-0.24694825143425891
ERAP2,5q,3.6619876655851815,3.2267821497536735,non_sig,0.435205515831508
TRHDE,12q,2.527716013752862,2.1685898012036193,non_sig,0.3591262125492425
UBE2Z,17q,4.289322238734593,4.09714942758299,non_sig,0.192172811151603
RUFY3,4q,2.434880677481265,2.07761498217194,non_sig,0.35726569530932517
RUFY2,10q,1.560262738091397,1.5670600556245242,non_sig,-0.0067973175331272895
RUFY1,5q,2.9773137236229164,3.202467422470231,non_sig,-0.22515369884731484
EXOC3,5p,2.5242728254002484,2.8350644820126716,non_sig,-0.31079165661242314
CPSF2,14q,3.7117964174068185,3.881345031006324,non_sig,-0.16954861359950568
CPSF3,2p,4.259780848311577,4.355764198401783,non_sig,-0.09598335009020609
UCP1,4q,4.163931358234648,4.313144007991076,non_sig,-0.14921264975642767
CD22,19q,3.5002971628995847,3.3667603773106527,non_sig,0.133536785588932
TMUB1,7q,3.1625024740236016,3.364608037802137,non_sig,-0.2021055637785354
ABCF2,7q,2.9657910077633134,3.3659108600328054,non_sig,-0.400119852269492
ABCF3,3q,2.3793023681121057,2.542825298450145,non_sig,-0.16352293033803944
ABCF1,6p,4.088479662673013,4.637314842534332,non_sig,-0.5488351798613191
MINK1,17p,1.1722443675595615,1.5279177021369188,non_sig,-0.3556733345773573
TNIK,3q,1.9469636216689856,2.2604510706086574,non_sig,-0.31348744893967173
UTRN,6q,3.6438173963918614,3.8493062813111916,non_sig,-0.20548888491933015
PHC3,3q,1.548996520788321,1.537304679369236,non_sig,0.01169184141908497
PHC2,1p,2.7628086602218582,2.81792810439893,non_sig,-0.05511944417707193
PHC1,12p,1.1215379826205472,1.1997101977737443,non_sig,-0.07817221515319717
ASCL1,12q,3.0766080513696457,2.765795622360916,non_sig,0.31081242900872974
ASCL3,11p,4.22418964413784,3.860278182393123,non_sig,0.363911461744717
ASCL2,11p,1.9848086127740887,2.2631483970811983,non_sig,-0.2783397843071096
ASCL4,12q,2.606258766384802,2.431057027808847,non_sig,0.175201738575955
UBE4B,1p,2.0849838922108717,1.974731553955993,non_sig,0.11025233825487857
UBE4A,11q,2.4427446067957086,2.632458964908456,non_sig,-0.1897143581127474
GFRA1,10q,2.239312167105394,2.4889665769478873,non_sig,-0.24965440984249332
GFRA2,8p,2.7494634088674585,2.7188463434132917,non_sig,0.03061706545416687
WDR5,9q,3.4742637003405137,3.597527782351587,non_sig,-0.1232640820110733
MOB2,11p,2.614867682624164,2.4653375648054325,non_sig,0.1495301178187316
MOB3A,19p,0.8846410015454831,1.6923358847944765,non_sig,-0.8076948832489934
GMFG,19q,5.311312558877333,6.1918586544385805,non_sig,-0.8805460955612476
GMFB,14q,3.828053212656125,4.266096835487836,non_sig,-0.4380436228317115
RGS3,9q,1.5444823919458919,0.9363205727529116,non_sig,0.6081618191929803
IGLL1,22q,3.6499450802235947,4.4322253511991025,non_sig,-0.7822802709755079
IGHE,14q,0.8715808839884822,2.111689326956406,non_sig,-1.2401084429679239
IGHG4,14q,2.305929367429699,2.8696907540486647,non_sig,-0.5637613866189657
IGHG3,14q,1.9349411953720008,1.759607151379035,non_sig,0.17533404399296582
IGHG1,14q,3.234589650566247,2.194531954012395,non_sig,1.040057696553852
IGHA1,14q,1.977466934788474,2.775815705048393,non_sig,-0.7983487702599192
IGHM,14q,3.8839070387751415,4.171124109160155,non_sig,-0.2872170703850139
EFL1,15q,2.213877329309075,2.3510496243221053,non_sig,-0.13717229501303008
ZPLD1,3q,1.9389320531372372,0.8869582133610368,non_sig,1.0519738397762004
TTC9C,11q,2.3395128368578053,2.560540987558258,non_sig,-0.22102815070045256
ZEB2,2q,1.845486849898987,2.276673987723515,non_sig,-0.4311871378245282
ACSL5,10q,3.267225466748748,3.0772927169193456,non_sig,0.18993274982940234
ACSL3,2q,4.611569226321139,4.389628058880442,non_sig,0.22194116744069703
ACSL1,4q,3.086435929361934,3.1069114685347197,non_sig,-0.020475539172785773
GANAB,11q,8.823048457390993,8.714592293107295,non_sig,0.10845616428369809
PI4KA,22q,2.5700058483228623,2.6513674716420543,non_sig,-0.08136162331919206
PI4KB,1q,0.6822278768610051,1.1966652998877836,non_sig,-0.5144374230267785
SULF2,20q,2.8415801831424523,2.589106732383225,non_sig,0.25247345075922745
SULF1,8q,-0.6437114272925065,0.475327479226503,non_sig,-1.1190389065190094
GNS,12q,5.334031323114371,5.557712237814062,non_sig,-0.22368091469969098
PRDX3,10q,8.80521865513583,9.215588637677223,non_sig,-0.41036998254139334
PRDX6,1q,7.427741629808888,7.906783904902496,non_sig,-0.4790422750936081
PRDX2,19p,6.688131617141703,7.883903383027557,non_sig,-1.195771765885854
PRDX1,1p,8.428656296907976,8.94638941029255,non_sig,-0.5177331133845744
GSTA3,6p,2.602024199685454,2.3495786077108227,non_sig,0.25244559197463134
HPGDS,4q,0.7128365766355,2.0618512295115483,non_sig,-1.3490146528760483
GSTP1,11q,7.509136599175635,7.922015918747943,non_sig,-0.4128793195723075
GSTM4,1p,3.0004956452503495,2.0007552090606224,non_sig,0.9997404361897271
GSTM3,1p,3.0491912197824815,3.311164743821215,non_sig,-0.26197352403873353
GSTM1,1p,2.1322947072182137,1.7635447304037561,non_sig,0.36874997681445754
GSTM2,1p,2.4179692558593646,2.3879843793809004,non_sig,0.029984876478464262
AGO4,1p,3.5984771326943097,3.786886230078533,non_sig,-0.1884090973842234
AGO1,1p,1.6357237654270111,1.7037554975798703,non_sig,-0.06803173215285918
AGO2,8q,1.865296367089952,1.9717753272315135,non_sig,-0.10647896014156144
HIC2,22q,1.7538254877956545,1.6440654360827271,non_sig,0.10976005171292735
HIC1,17p,1.5399584235767882,1.9934892816445877,non_sig,-0.45353085806779947
GRAP2,22q,1.9280068355735454,2.6916190048485324,non_sig,-0.7636121692749871
LETM1,4p,5.510644841741121,5.647697550144101,non_sig,-0.13705270840297956
CNTFR,9p,2.390517993978378,2.6627501025437166,non_sig,-0.27223210856533875
CD38,4p,3.9846454052711313,3.82582409119342,non_sig,0.1588213140777115
BST1,4p,3.033163651168514,3.5314681663627088,non_sig,-0.49830451519419494
RPP25,15q,2.6675486867859943,2.780120257518796,non_sig,-0.11257157073280188
TMA7,3p,1.8764932197731177,2.181049414964457,non_sig,-0.30455619519133914
SPAG1,8q,1.7942408361849629,1.9734224454569653,non_sig,-0.17918160927200244
STIP1,11q,7.310814043175755,7.691707426921723,non_sig,-0.3808933837459678
PROM1,4p,2.4382486222490947,2.9008474532229904,non_sig,-0.46259883097389576
PROM2,2q,2.878980254565633,2.876206537736648,non_sig,0.0027737168289849734
GLRX3,10q,4.840238557995332,5.438996791179802,non_sig,-0.5987582331844701
GLRX5,14q,4.538584264824306,4.833140235277264,non_sig,-0.2945559704529579
DUS1L,17q,1.3383749185632452,1.3090760883259973,non_sig,0.029298830237247886
FCF1,14q,1.818977586390396,1.9712896993689184,non_sig,-0.15231211297852232
UTP23,8q,1.7911097342885358,1.8365770287576844,non_sig,-0.045467294469148545
DDX28,16q,2.4077539635397716,2.3738498802170325,non_sig,0.03390408332273909
DDX52,17q,3.2965024666516465,3.27088033245245,non_sig,0.025622134199196456
DDX59,1q,1.5736697959701176,1.544438655545764,non_sig,0.029231140424353486
DDX43,6q,1.3724283146924343,1.4404469429215383,non_sig,-0.06801862822910398
DTX4,11q,4.7852561434013445,4.6568480913386825,non_sig,0.12840805206266204
PADI1,1p,1.6833394321033888,2.0154858829123015,non_sig,-0.3321464508089127
PADI3,1p,3.2862738097656874,3.13241787224469,non_sig,0.15385593752099735
PADI2,1p,3.8527008542424017,3.990050654678712,non_sig,-0.13734980043631007
CHPT1,12q,2.0499752201846335,2.114824170562745,non_sig,-0.06484895037811134
CEPT1,1p,4.139887684983542,3.9549931063516985,non_sig,0.18489457863184322
MEST,7q,1.7874427712137395,2.1846790050511724,non_sig,-0.3972362338374329
DLL3,19q,2.206405958227946,1.98000747927937,non_sig,0.226398478948576
DACT3,19q,3.5221314007985,3.4386861634049306,non_sig,0.08344523739356946
TREX1,3p,2.636827379785316,2.702914618520435,non_sig,-0.06608723873511924
SIKE1,1p,1.9923593823834271,2.0076451829738073,non_sig,-0.015285800590380205
RLF,1p,-0.3571671534648639,-0.24381301804082395,non_sig,-0.11335413542403994
LRRN4,20p,3.2757163550058066,3.41892184504027,non_sig,-0.14320549003446326
TAF9,5q,1.309443258749966,1.4232277544087004,non_sig,-0.11378449565873439
FNBP1,9q,2.755191970849719,3.0572263067292176,non_sig,-0.3020343358794988
CPSF4,7q,2.8047681355738936,2.8629580637129006,non_sig,-0.05818992813900703
ACAP1,17p,2.8637626624113492,3.2734257119298427,non_sig,-0.4096630495184934
ACAP2,3q,2.575424966564641,2.694012677303206,non_sig,-0.11858771073856467
GNL3,3p,4.662337630322653,4.911839877015801,non_sig,-0.24950224669314824
NHP2,5q,5.65991354368976,5.637351759394123,non_sig,0.022561784295636933
FHIT,3p,1.7706114986975108,1.9411523175380112,non_sig,-0.17054081884050043
RIMS3,1p,1.8826538616185227,1.5623615433660971,non_sig,0.32029231825242555
MYT1,20q,2.2650930939984155,1.612589132425959,non_sig,0.6525039615724566
MYT1L,2p,4.478737668704931,4.6218773579225445,non_sig,-0.14313968921761333
DCP1B,12p,1.3060888116022256,1.1322256620468278,non_sig,0.17386314955539772
DCP1A,3p,1.9629824467547452,2.3547966017773287,non_sig,-0.39181415502258354
FXYD3,19q,1.7318374813293547,1.7672275198604575,non_sig,-0.035390038531102785
TPD52,8q,4.342057156302448,4.681978597933127,non_sig,-0.33992144163067906
FSCN1,7p,5.492294686759422,5.982960705464064,non_sig,-0.4906660187046423
REXO4,9q,3.2322885941108996,3.1478786089931132,non_sig,0.08440998511778641
ISG20,15q,1.5020545046797125,1.7863293295895186,non_sig,-0.28427482490980616
AEN,15q,-0.08699863010951714,1.1504410067784592,non_sig,-1.2374396368879763
DMBT1,10q,2.5774085856419693,2.976661356117228,non_sig,-0.39925277047525887
HSDL1,16q,2.2977976817749513,2.258288691241999,non_sig,0.039508990532952204
DPP10,2q,3.2820827819713525,3.460047776895867,non_sig,-0.17796499492451456
DPP6,7q,0.618270446575351,2.2758341278100866,non_sig,-1.6575636812347356
DPP4,2q,4.015126572120294,3.8394146960614473,non_sig,0.17571187605884653
DPP9,19p,1.8023054443248991,1.609913408558619,non_sig,0.19239203576628006
MGA,15q,1.3834999665943115,1.8570028189302188,non_sig,-0.4735028523359073
MPC2,1q,2.051736281903381,2.1167042063053856,non_sig,-0.0649679244020045
MPC1,6q,1.6587910260015404,1.654476187793111,non_sig,0.004314838208429483
CD33,19q,2.9716220997193767,2.9224294958827595,non_sig,0.04919260383661728
GMPR2,14q,2.101161916014184,2.4875583545259596,non_sig,-0.38639643851177574
VRK3,19q,1.290555885074956,1.8456131027913936,non_sig,-0.5550572177164375
WBP2,17q,3.188578269419132,3.3893737163265367,non_sig,-0.2007954469074047
LPXN,11q,2.861596691811716,3.1686682562306157,non_sig,-0.3070715644188997
BNIP3,10q,2.291576115595817,2.600839025297236,non_sig,-0.309262909701419
MYL1,2q,2.81259453704934,2.8375285620188557,non_sig,-0.0249340249695158
MYL3,3p,2.4150321289583676,1.4583025482197982,non_sig,0.9567295807385694
MYL6,12q,7.678224981274461,7.476887514682396,non_sig,0.20133746659206508
MYL4,17q,2.5537756356887686,2.9405475831948618,non_sig,-0.3867719475060931
MYL6B,12q,2.1493797004830033,2.371728691479924,non_sig,-0.22234899099692074
HDHD3,9q,3.5852282631299515,3.5199171000409413,non_sig,0.0653111630890102
CROCC,1p,4.8797265919949435,4.862684402158438,non_sig,0.017042189836505628
PEBP1,12q,6.51758570197768,7.388486299232027,non_sig,-0.8709005972543471
ATOH1,4q,2.254277543430593,3.4854735263617895,non_sig,-1.2311959829311965
SGPP1,14q,2.147851308513234,1.9818033206986585,non_sig,0.1660479878145753
LFNG,7p,1.18406037601757,1.9923775778414692,non_sig,-0.8083172018238991
TANC1,2q,1.4635559298374252,1.1388777483135226,non_sig,0.3246781815239026
FOXJ3,1p,-0.8746321679012822,-0.632139039739172,non_sig,-0.24249312816211022
HARS1,5q,4.686625136530614,5.3052413804761525,non_sig,-0.6186162439455387
ZMIZ1,10q,1.6287311952304413,1.5897093276464547,non_sig,0.039021867583986625
CD1B,1q,0.9035659125789036,1.9322072127242207,non_sig,-1.028641300145317
MICA,6p,3.0446519751022,2.960125340557056,non_sig,0.08452663454514386
MICB,6p,3.363077032517532,3.3977594873581314,non_sig,-0.03468245484059951
HFE,6p,1.838508659118901,1.3996644676386492,non_sig,0.4388441914802519
DTX3L,3q,2.155581424777316,2.258145832659867,non_sig,-0.10256440788255095
TRIO,5p,2.348172595527645,2.490041319333046,non_sig,-0.14186872380540105
ALDOA,16p,8.523395598360715,9.12680264309574,non_sig,-0.6034070447350253
ALDOC,17q,5.75788664133702,6.045906088704388,non_sig,-0.2880194473673683
ALDOB,9q,3.302246436667128,2.0298018718240867,non_sig,1.2724445648430414
GAS2,11p,2.3085493246272177,2.393012902984159,non_sig,-0.0844635783569414
TAB2,6q,1.629073580935627,2.100780947103708,non_sig,-0.4717073661680813
VEZF1,17q,1.4394953923546552,1.4887127484465497,non_sig,-0.04921735609189448
PATZ1,22q,1.483842204694351,1.870012891033099,non_sig,-0.3861706863387482
MAZ,16p,2.45773215836058,2.604716144159873,non_sig,-0.1469839857992934
FXR1,3q,5.10960347488767,5.2505430204350745,non_sig,-0.14093954554740407
FXR2,17p,3.2472573912490708,3.808494836557542,non_sig,-0.5612374453084712
KDM3B,5q,2.390359340016579,2.3848282881602714,non_sig,0.005531051856307645
LRP8,1p,2.215214412116244,2.3245200845055045,non_sig,-0.1093056723892607
LCP2,5q,2.707345552838432,3.2516651567459487,non_sig,-0.5443196039075167
BLNK,10q,2.8548049412399403,3.139335498477867,non_sig,-0.28453055723792664
PARN,16p,2.3293555333997467,2.439041321867549,non_sig,-0.10968578846780241
PIN1,19p,3.8718904032492087,4.524747379399433,non_sig,-0.6528569761502245
ETHE1,19q,5.5905295235870085,5.646269846545155,non_sig,-0.05574032295814657
PNKD,2q,2.4733212365471315,2.3625046334740185,non_sig,0.11081660307311303
XRCC1,19q,3.856890665177372,4.094332826013066,non_sig,-0.2374421608356938
MYPN,10q,2.4330596871468506,1.9770054835005064,non_sig,0.4560542036463442
PALLD,4q,3.8234667682537267,3.9504101655433885,non_sig,-0.12694339728966186
JMJD6,17q,2.398569620555646,2.2634309842867038,non_sig,0.1351386362689424
TMED8,14q,2.3183855103899753,2.4799575646898377,non_sig,-0.16157205429986243
PURA,5q,3.5899676453772202,3.7178481101429024,non_sig,-0.12788046476568216
PURB,7p,4.4736632066718425,4.535340426766459,non_sig,-0.061677220094616736
NUDT5,10p,4.9522789181161215,5.908902386576835,non_sig,-0.9566234684607133
REEP6,19p,3.2489903660695294,3.2682693157573808,non_sig,-0.019278949687851377
RCN1,11p,6.228722714797072,6.435095396084243,non_sig,-0.20637268128717157
RCN3,19q,3.7782118715076023,3.84603654191098,non_sig,-0.06782467040337758
CALU,7q,6.775488060679013,6.875970029493436,non_sig,-0.10048196881442273
RCN2,15q,4.6711444320876145,4.6944217218670135,non_sig,-0.023277289779398913
TLK1,2q,1.343877019577929,1.210922805747006,non_sig,0.13295421383092298
TLK2,17q,2.25895956795748,2.139683744795334,non_sig,0.11927582316214602
GBF1,10q,2.40971051863852,2.47130835746238,non_sig,-0.06159783882386005
POMT2,14q,4.177142229018228,4.089987355021955,non_sig,0.08715487399627353
KLC4,6p,3.0771248822440596,3.029909333451471,non_sig,0.04721554879258871
KLC1,14q,3.8578264633541255,3.9884041958206,non_sig,-0.1305777324664743
KLC3,19q,1.9282670778412925,2.283049766422624,non_sig,-0.35478268858133166
KLC2,11q,3.01675980554267,2.9593754898952627,non_sig,0.0573843156474072
SCRN1,7p,3.5086531377465304,3.9565880108183062,non_sig,-0.4479348730717758
SCRN2,17q,1.4613109839044656,1.2224729380297532,non_sig,0.23883804587471236
SCRN3,2q,1.1780867824738086,1.32086436634472,non_sig,-0.14277758387091133
RCOR2,11q,1.6385141846381268,1.3674019420781804,non_sig,0.27111224255994637
RCOR1,14q,2.0563943931561948,2.3762378734346097,non_sig,-0.3198434802784149
RCOR3,1q,1.708422168091482,2.1478387559323444,non_sig,-0.43941658784086246
PLK1,16p,1.6183305619913146,1.6015805877429312,non_sig,0.016749974248383426
GIPC2,1p,1.4265782037819512,1.4467149106473958,non_sig,-0.020136706865444554
GIPC1,19p,3.6194798152492074,3.7894034306113076,non_sig,-0.1699236153621002
TUSC3,8p,2.063904625299643,2.0346856671239184,non_sig,0.02921895817572473
COX8A,11q,3.818591172713091,3.6295683702330646,non_sig,0.18902280248002645
GAK,4p,2.100923173146597,2.4128592985694226,non_sig,-0.31193612542282567
STRN3,14q,2.8346045386458227,3.0700104689888965,non_sig,-0.23540593034307378
STRN4,19q,2.3571732539353487,2.4192263104711276,non_sig,-0.06205305653577886
STRN,2p,3.5877097190571594,3.8251498210942834,non_sig,-0.23744010203712396
EXOG,3p,1.6310004538514364,2.1306538240400235,non_sig,-0.499653370188587
FUS,16p,6.320615424576924,6.555176130750247,non_sig,-0.23456070617332347
UPK3B,7q,2.143958121938191,2.602674497368435,non_sig,-0.4587163754302437
SP100,2q,3.282766546074774,3.3200943906226796,non_sig,-0.03732784454790572
SP110,2q,0.9868875933693892,0.6579614892688953,non_sig,0.32892610410049394
SP140,2q,-0.6976675779678854,1.2923715855809026,non_sig,-1.990039163548788
MGAT1,5q,2.4017786505118828,2.500549593019836,non_sig,-0.09877094250795304
ISOC2,19q,3.9637071200026126,4.132569834390563,non_sig,-0.16886271438795042
ISOC1,5q,3.286162099405288,3.3165006872398166,non_sig,-0.030338587834528585
NHSL1,6q,1.4051773060434856,1.3871338274386642,non_sig,0.01804347860482136
KDM4A,1p,1.6400434327725444,1.6076519235253564,non_sig,0.03239150924718803
KDM4B,19p,0.8707583755872647,1.0368771605861122,non_sig,-0.16611878499884758
KDM4E,11q,2.0458336540974895,1.612305634764774,non_sig,0.43352801933271556
P3H2,3q,2.5186418131029606,2.9807421520336215,non_sig,-0.4621003389306608
P3H1,1p,3.2566215853980425,3.39979086646225,non_sig,-0.14316928106420734
P3H3,12p,2.951844071032472,3.262043634809009,non_sig,-0.31019956377653735
CIAO3,16p,1.8577025699082232,1.5241406802062016,non_sig,0.3335618897020216
MROH6,8q,4.244367810120469,4.27523913872561,non_sig,-0.030871328605140747
ADH1B,4q,2.5726485373161907,2.8688188666024512,non_sig,-0.2961703292862605
FZD6,8q,1.996660848424272,2.2086558908993785,non_sig,-0.21199504247510648
SFRP1,8p,0.9587548177298386,1.3913658719905604,non_sig,-0.4326110542607218
DEF6,6p,3.227238923506964,3.859823465136847,non_sig,-0.6325845416298828
TFB1M,6q,2.519506815743323,2.5098112214679253,non_sig,0.009695594275397568
MSLN,16p,3.4156752103247907,3.0686037652707525,non_sig,0.3470714450540382
PROX1,1q,2.6369883845903153,3.0932041576915523,non_sig,-0.45621577310123707
ASTN1,1q,2.0115568863395463,2.2184832118921713,non_sig,-0.20692632555262502
CBX5,12q,5.5591386516063475,5.786189915339964,non_sig,-0.22705126373361662
PEX5,12p,2.5886734814802006,2.5291444329074295,non_sig,0.05952904857277108
CRIP2,14q,4.277144693910477,3.751247444305262,non_sig,0.5258972496052152
TRIM9,14q,1.1578229389966794,1.5828766964615808,non_sig,-0.42505375746490137
GPSM3,6p,1.755604542940651,2.211138897556587,non_sig,-0.45553435461593583
CXCR4,2q,2.0443007550266037,2.1744921357520504,non_sig,-0.13019138072544667
ZCRB1,12q,1.5310413009227117,1.5777947589100128,non_sig,-0.04675345798730102
TRPV2,17p,4.587644925120603,4.337292133319871,non_sig,0.250352791800732
CEP57,11q,3.3783089722063373,3.2151836993255234,non_sig,0.1631252728808139
SHOC2,10q,1.3669974686674236,1.7002394174854318,non_sig,-0.3332419488180083
LRRC1,6p,1.9687734860695096,2.0039216673094273,non_sig,-0.0351481812399177
OTUB1,11q,5.330040800104286,5.743742768199631,non_sig,-0.4137019680953449
IFI27,14q,1.3503799280329374,1.045585911565943,non_sig,0.30479401646699444
TAF5,10q,1.1799117196926547,1.0494566221969448,non_sig,0.13045509749570994
HLTF,3q,2.1393744297098096,2.3092331787128693,non_sig,-0.16985874900305964
TTF2,1p,1.1907318925062993,1.6340044826322435,non_sig,-0.4432725901259442
GLTP,12q,2.7594390278911067,2.626646861859428,non_sig,0.13279216603167887
RNF5,6p,3.8611581584039207,3.928119655129888,non_sig,-0.06696149672596707
DPH1,17p,1.1135186465894304,1.2567183231026906,non_sig,-0.14319967651326015
DPH2,1p,2.00216122488536,1.9182028190377598,non_sig,0.08395840584760039
DBNL,7p,3.764584689887762,4.024836851733395,non_sig,-0.2602521618456324
PACS1,11q,2.1756047450133527,2.15953095166192,non_sig,0.016073793351432553
REPS1,6q,2.5631706884297727,2.81202726036252,non_sig,-0.24885657193274735
NEGR1,1p,2.179174400849237,2.590351359013423,non_sig,-0.411176958164186
LSAMP,3q,2.781858012003,2.7814697179863743,non_sig,0.00038829401662576757
MTX2,2q,4.020873227215655,4.068151601415748,non_sig,-0.04727837420009262
MTX1,1q,3.8180680474556077,3.7448831860484235,non_sig,0.07318486140718417
MTX3,5q,2.098798154706148,2.129242754684067,non_sig,-0.03044459997791904
ICAM1,19p,4.977772014246737,4.706311197013755,non_sig,0.271460817232982
ICAM5,19p,1.5376305725523065,1.966147116670258,non_sig,-0.4285165441179515
ICAM3,19p,2.0954881528391973,4.782251458466369,non_sig,-2.686763305627172
ICAM2,17q,2.1750223203175936,2.736528875073708,non_sig,-0.5615065547561144
IDH3B,20p,4.89401050726101,4.793357569266476,non_sig,0.10065293799453379
IDH3A,15q,5.688982373418992,5.840652809069499,non_sig,-0.15167043565050697
MIER1,1p,1.5345946101498873,1.5067326068634992,non_sig,0.027862003286388104
MTA1,14q,2.194781456809441,2.746891421961484,non_sig,-0.5521099651520434
MTA2,11q,4.956402218587732,5.052262104596335,non_sig,-0.09585988600860329
MTA3,2p,2.354404880492508,2.4157195815697214,non_sig,-0.061314701077213485
IRAK2,3p,3.2539676250558287,3.5404266632660253,non_sig,-0.2864590382101966
IRAK4,12q,2.3367913665481903,2.2972225824381507,non_sig,0.03956878411003961
YKT6,7p,4.495885945468286,4.487287545538561,non_sig,0.008598399929724998
ACE,17q,2.7429201431612196,2.812330391489695,non_sig,-0.06941024832847553
CRIP1,14q,5.7414512476263875,5.894857940392606,non_sig,-0.1534066927662181
ERCC2,19q,1.103668710942469,1.2831320364026495,non_sig,-0.1794633254601805
CD248,11q,2.18557069504787,2.140210543831831,non_sig,0.04536015121603931
NCF2,1q,2.1976225103550466,1.93341312692906,non_sig,0.26420938342598665
HMGCL,1p,4.009336716901108,3.7268695113004524,non_sig,0.2824672056006552
MET,7q,3.246358382257024,3.3036447136921803,non_sig,-0.05728633143515616
UBAP2,9p,3.156331114777444,3.487689924222739,non_sig,-0.3313588094452946
CHIC2,4q,1.6034640185230327,2.061215782499351,non_sig,-0.4577517639763182
LYRM4,6p,4.297146887556288,3.9726572811713883,non_sig,0.32448960638489943
CLIP2,7q,3.9630358593469,3.9851997323673496,non_sig,-0.022163873020449643
CLIP1,12q,4.687222437393609,4.610521755441175,non_sig,0.07670068195243385
PTX3,3q,2.560399412481874,2.5318237201150895,non_sig,0.028575692366784367
NPTX2,7q,1.2930776833778739,2.0047179680705955,non_sig,-0.7116402846927217
RTN1,14q,1.69426052159116,1.7973812511555607,non_sig,-0.10312072956440077
RTN3,11q,4.1509316736547115,4.097976864262883,non_sig,0.05295480939182884
RTN4,2p,7.4790700093480655,7.183625688361259,non_sig,0.29544432098680673
RBM5,3p,2.1469698404785262,2.401521360402892,non_sig,-0.254551519924366
RBM6,3p,2.469060205546578,2.767358798329278,non_sig,-0.2982985927827002
FADS1,11q,3.040838045492236,2.928542127316504,non_sig,0.11229591817573192
FADS2,11q,3.5325399461660005,3.5035986975385236,non_sig,0.028941248627476934
DDX46,5q,5.580265029801573,5.698673202324627,non_sig,-0.11840817252305413
DDX23,12q,5.04215104879766,5.209208849624274,non_sig,-0.1670578008266146
DDX42,17q,4.6466230668237305,5.025906230262123,non_sig,-0.37928316343839263
SAE1,19q,4.756063589638958,5.121931449483135,non_sig,-0.3658678598441769
WASL,7q,3.1031224174073646,3.6990822461301187,non_sig,-0.5959598287227541
PXMP2,12q,1.6968527354241256,1.6806017912120923,non_sig,0.016250944212033325
JUND,19p,1.244450591173317,1.2828157843728099,non_sig,-0.03836519319949283
JUN,1p,1.9393197631367434,2.2094863461455443,non_sig,-0.2701665830088009
JUNB,19p,3.378149694868486,3.1818150875868407,non_sig,0.1963346072816452
CNBP,3q,5.8691373937741655,6.223857771537368,non_sig,-0.3547203777632024
UBAP1,9p,2.267186432679928,2.3423689924975912,non_sig,-0.0751825598176632
NUP62,19q,4.424795285588342,4.5055045327125125,non_sig,-0.0807092471241706
SSBP3,1p,2.286219545541111,2.3278846187920577,non_sig,-0.041665073250946705
SSBP2,5q,1.735833214295111,1.6803085411974088,non_sig,0.05552467309770215
FUBP1,1p,7.13865554898134,7.438933839164976,non_sig,-0.30027829018363583
ATN1,12p,2.4842481951950215,2.5256514630228386,non_sig,-0.041403267827817114
PTGR2,14q,2.2836022490486654,2.4101418492290754,non_sig,-0.12653960018041
NPM3,10q,3.4909594627061966,4.282541380344942,non_sig,-0.7915819176387457
MPZL2,11q,1.3675859746750154,1.8895091445451708,non_sig,-0.5219231698701554
MPZL1,1q,3.149774588732365,3.3176876388173713,non_sig,-0.16791305008500634
FOLR1,11q,1.9632420258336745,1.7321312036449465,non_sig,0.23111082218872792
NCEH1,3q,5.952330522370739,5.829834739680605,non_sig,0.12249578269013384
MCEE,2p,2.4752931493166166,2.598573614456329,non_sig,-0.12328046513971236
TRIP6,7q,2.9690114654062856,3.3212624404026974,non_sig,-0.3522509749964118
ZYX,7q,3.6438716079802256,4.434025270074125,non_sig,-0.7901536620938994
GMIP,19p,2.964855581616211,2.785753703805878,non_sig,0.17910187781033304
TRIB2,2p,1.58820542681763,1.454554837821459,non_sig,0.133650588996171
TRIB1,8q,3.4797063941312953,1.506924107432788,non_sig,1.9727822866985074
MED25,19q,1.2597315054910727,1.4513637344239343,non_sig,-0.19163222893286158
PTOV1,19q,0.3519517996548442,0.8503715254807664,non_sig,-0.49841972582592226
WDFY4,10q,2.7180814962396327,1.8118810848293394,non_sig,0.9062004114102933
LARP4,12q,3.536166629826009,3.645817730146174,non_sig,-0.10965110032016501
GGA2,16p,1.8056386136498048,2.03819707975798,non_sig,-0.2325584661081752
MOV10,1p,2.582748373566048,2.4615377355662877,non_sig,0.12121063799976017
NAB2,12q,1.4022156719375016,1.7107399423058076,non_sig,-0.308524270368306
PENK,8q,4.524357445212409,1.622085299113995,non_sig,2.902272146098414
DDAH2,6p,3.2341729207202614,3.8098592710521126,non_sig,-0.5756863503318512
DDAH1,1p,3.421509407818683,3.736594104361842,non_sig,-0.31508469654315885
YIPF1,1p,2.357583214101142,2.2169594840670466,non_sig,0.14062373003409556
UBR2,6p,0.8209583649149377,0.9200598536482468,non_sig,-0.09910148873330915
G3BP1,5q,6.119788187118136,6.508892608666557,non_sig,-0.38910442154842073
G3BP2,4q,4.594772559265776,4.972583593328692,non_sig,-0.3778110340629164
RBBP4,1p,4.582793319237275,4.805422440007229,non_sig,-0.22262912076995356
PSMD2,3q,4.829659666156526,4.931878464778146,non_sig,-0.10221879862162009
PSMD1,2q,4.758409752744117,4.906658274501268,non_sig,-0.14824852175715098
FAT4,4q,0.6433435980743374,0.16523459914087835,non_sig,0.47810899893345904
FAT1,4q,2.863526629479402,2.6702134974929526,non_sig,0.19331313198644962
FAT2,5q,3.1205585026600233,3.0949709203156535,non_sig,0.025587582344369864
CDC20,1p,1.7925542052369123,1.8794922017212765,non_sig,-0.08693799648436418
RDH10,8q,2.944021568240605,2.613911897686065,non_sig,0.3301096705545401
CNOT8,5q,1.779620300564675,1.6298195145655912,non_sig,0.14980078599908375
CNOT7,8p,1.443757338390408,1.8266329277036608,non_sig,-0.3828755893132527
NCBP2,3q,3.2281878068019942,3.2781945892816267,non_sig,-0.05000678247963242
ARRB2,17p,2.0113505114189834,2.2869785350183864,non_sig,-0.2756280235994031
ARRB1,11q,2.1552657258745085,2.2810701016569968,non_sig,-0.12580437578248826
QPCT,2p,2.348161311517554,2.480068269261218,non_sig,-0.1319069577436638
QPCTL,19q,1.8489026408741362,1.9887275077967903,non_sig,-0.13982486692265406
CHD5,1p,2.4115572452192224,2.3633610470484943,non_sig,0.04819619817072818
CHD4,12p,5.175358224157082,5.244653397692272,non_sig,-0.06929517353518921
CHD2,15q,2.129278525020474,2.2586179627844776,non_sig,-0.12933943776400358
CHD1,5q,1.750414747173309,2.016814214250214,non_sig,-0.2663994670769052
HELLS,10q,2.9117242192536184,3.0830356452551197,non_sig,-0.1713114260015014
FYB1,5p,0.16363872956083256,1.39122075798226,non_sig,-1.2275820284214274
PLD2,17p,3.6613183225670913,3.799972850486435,non_sig,-0.13865452791934363
PLD1,3q,1.5617165078498099,1.1573850965444854,non_sig,0.40433141130532446
NSD2,4p,2.593744581675206,2.6619866098345573,non_sig,-0.06824202815935143
NSD3,8p,2.6724825804560997,2.653748131946924,non_sig,0.018734448509175827
NSD1,5q,1.470049805484617,1.184588964608822,non_sig,0.28546084087579504
GAB1,4q,1.291998016511266,1.329344176855368,non_sig,-0.0373461603441021
GAB2,11q,1.483383563120327,0.8017850272411339,non_sig,0.6815985358791931
SYTL2,11q,2.4718789600045836,2.127274056008421,non_sig,0.3446049039961627
RFX1,19p,1.9498717615853431,2.0985696387562496,non_sig,-0.14869787717090643
KANK1,9p,4.532089920788457,4.575119363185158,non_sig,-0.043029442396701256
KANK2,19p,2.6158528413485476,2.597221391164963,non_sig,0.018631450183584697
KANK4,1p,3.010935033117752,2.9845355309617183,non_sig,0.026399502156033705
SNX7,1p,0.5276413132936606,0.7846544565067084,non_sig,-0.2570131432130478
SNX30,9q,2.0346540775848863,1.944312192918814,non_sig,0.09034188466607218
IGSF8,1q,3.103720918470568,3.147655615302152,non_sig,-0.04393469683158413
AKAP8,19p,3.0482834982561484,3.065200657420951,non_sig,-0.01691715916480252
MAEA,4p,1.7090243332994228,1.898933283900342,non_sig,-0.18990895060091928
NEMP1,12q,3.050270138587992,2.991660118910942,non_sig,0.05861001967705004
PARD3,10p,2.260280972535515,2.4449004239718857,non_sig,-0.1846194514363706
HDAC7,12q,2.4383273135876733,2.5520785700630597,non_sig,-0.11375125647538642
HDAC4,2q,1.881429594977071,1.9619356926901836,non_sig,-0.08050609771311268
ELMO1,7p,3.786499153172529,3.660756482557192,non_sig,0.12574267061533684
ELMO2,20q,2.6983367671282252,3.035114075352757,non_sig,-0.3367773082245318
CUX1,7q,3.5689727064399923,3.6007220706762233,non_sig,-0.03174936423623098
PRR3,6p,1.545526770898612,1.9544873389986899,non_sig,-0.40896056810007786
MAGI3,1p,0.8446713166093973,0.7613066492986684,non_sig,0.08336466731072889
MAGI1,3p,1.5595285541359067,1.343979250619471,non_sig,0.21554930351643575
NIP7,16q,4.048467000006961,4.036991382288979,non_sig,0.011475617717982445
CKS2,9q,1.7873734491170123,2.1254124284817495,non_sig,-0.33803897936473715
TERF2,16q,2.239997518006818,2.5792132637519303,non_sig,-0.33921574574511215
DDX31,9q,1.6902997090276384,1.724464717862542,non_sig,-0.0341650088349037
DDX55,12q,2.149532596871148,2.147115765728767,non_sig,0.002416831142380893
DDX10,11q,3.1496411011016887,3.1951157846261355,non_sig,-0.045474683524446835
LIN7C,11p,5.675093909349613,5.4895244674186205,non_sig,0.18556944193099234
LIN7A,12q,4.00380987797247,3.8243336771368677,non_sig,0.17947620083560256
ESPN,1p,1.59646788410993,1.5990415740039283,non_sig,-0.00257368989399831
ACSF3,16q,2.485046352883936,2.526648070790406,non_sig,-0.04160171790647027
ACSF2,17q,3.35770141218435,2.8366283529276695,non_sig,0.5210730592566803
AFAP1,4p,2.5934133005155435,2.779489101664997,non_sig,-0.18607580114945366
MLXIP,12q,0.4673052437462807,-0.2730268643221545,non_sig,0.7403321080684352
CLGN,4q,3.2374643234905154,3.510143815884989,non_sig,-0.27267949239447375
CALR,19p,8.694331464524444,8.764491738553222,non_sig,-0.07016027402877789
OPTN,10p,3.224754462989889,3.2482348435698096,non_sig,-0.023480380579920634
NOMO1,16p,1.0128463459103128,0.8546344653741265,non_sig,0.1582118805361863
IRF3,19q,3.369997232823191,3.628074534333808,non_sig,-0.25807730151061703
IRF9,14q,1.9741367032576478,2.4370408824466723,non_sig,-0.4629041791890245
IRF8,16q,1.9547057182560432,2.2471246765977533,non_sig,-0.29241895834171006
IRF4,6p,3.445801885747088,3.292525213221804,non_sig,0.15327667252528387
IRF6,1q,1.8184423224629849,2.0466233120694506,non_sig,-0.2281809896064657
IRF5,7q,0.9157771703075387,1.8708038822999324,non_sig,-0.9550267119923938
SYNE2,14q,3.070010193476128,3.170381191702498,non_sig,-0.1003709982263703
SYNE1,6q,3.1156019167213937,3.126063595869733,non_sig,-0.010461679148339176
GBP1,1p,2.925278507095933,3.0703225998474215,non_sig,-0.14504409275148866
GBP5,1p,0.6623354779556319,1.209190535395983,non_sig,-0.5468550574403512
GBP2,1p,1.8535319062212063,1.715321011570868,non_sig,0.13821089465033842
CCL5,17q,0.7673116281210303,1.9348030219953145,non_sig,-1.1674913938742844
PPDPF,20q,0.22437235710640402,0.4807792948377935,non_sig,-0.2564069377313895
HM13,20q,2.586646598470259,2.8143820598188114,non_sig,-0.22773546134855227
SAA1,11p,2.7835445123165616,2.4076590841201244,non_sig,0.3758854281964372
ERN1,17q,2.0297010241007483,2.2656334956951736,non_sig,-0.23593247159442532
ERN2,16p,3.664998978393644,3.638986222665304,non_sig,0.026012755728340053
NPY,7p,3.3370928414389653,2.3642806175092854,non_sig,0.9728122239296799
PEPD,19q,4.430991657736025,4.776895752697248,non_sig,-0.3459040949612229
MZT2A,2q,1.191876625162804,1.3209967487792278,non_sig,-0.1291201236164239
MZT2B,2q,2.6174584420204874,2.4829488899925116,non_sig,0.13450955202797577
NOP56,20p,6.163116128982915,6.199263674771649,non_sig,-0.0361475457887348
NOP58,2q,6.104121212396216,6.0755552090489955,non_sig,0.028566003347220814
RGPD5,2q,-0.3048297048940402,-0.07499327454150195,non_sig,-0.22983643035253826
DRG1,22q,2.883536469432887,3.1821446436524283,non_sig,-0.2986081742195412
DRG2,17p,2.2805367366754306,2.392552710657622,non_sig,-0.11201597398219132
FBRS,16p,0.7785112932473129,0.8493635907504834,non_sig,-0.07085229750317046
AUTS2,7q,2.0890233664392572,1.6040224497421751,non_sig,0.4850009166970821
CHTOP,1q,3.4335402718523245,3.6060256544148626,non_sig,-0.1724853825625381
CEBPB,20q,3.460581621052344,3.2680997049407647,non_sig,0.1924819161115794
CEBPA,19q,1.2340854203112195,2.378231516943201,non_sig,-1.1441460966319816
CEBPE,14q,2.907964834701631,2.7945189057587028,non_sig,0.11344592894292838
CEBPD,8q,1.6081265889021088,1.6399657550056852,non_sig,-0.0318391661035764
MFN1,3q,2.5188988313531944,2.7453487562867287,non_sig,-0.22644992493353433
MFN2,1p,3.3934581389518224,3.081351893918895,non_sig,0.3121062450329273
NPW,16p,1.1051699988892998,2.1527572301729387,non_sig,-1.047587231283639
SNX9,6q,2.3969054931875693,2.6730609110523904,non_sig,-0.2761554178648211
SNX18,5q,1.7692522789375875,2.0569690765188815,non_sig,-0.287716797581294
TAF6,7q,1.011916912412047,0.9559239611050054,non_sig,0.05599295130704163
SEZ6,17q,2.070946052937199,2.4748920668606083,non_sig,-0.40394601392340945
NID2,14q,1.9709173782055598,2.116298390628239,non_sig,-0.1453810124226793
NID1,1q,2.2769626074330422,2.607065956292847,non_sig,-0.33010334885980486
TRAF4,17q,0.4866613653646754,0.4195544061532943,non_sig,0.0671069592113811
HOOK3,8p,2.3803115248164004,2.5417597678463846,non_sig,-0.16144824302998417
NFKB2,10q,2.5942221899929647,2.7326911145028117,non_sig,-0.13846892450984694
REL,2p,2.39155888661793,2.513200325527789,non_sig,-0.12164143890985901
NFKB1,4q,2.7850354739586,2.922436948652838,non_sig,-0.1374014746942378
RELB,19q,0.5605704011563618,1.448876851332171,non_sig,-0.8883064501758092
HPSE,4q,2.5250966986501306,2.463398631314381,non_sig,0.06169806733574967
LSG1,3q,3.6196875669711908,3.757762916968408,non_sig,-0.13807534999721716
GNL1,6p,2.6967734203602287,3.0152618221243053,non_sig,-0.31848840176407656
NELL1,11p,3.5016875008552506,3.1723277276325312,non_sig,0.32935977322271937
LSM7,19p,5.845741438670782,6.2958462685802115,non_sig,-0.4501048299094297
MYADM,19q,1.610966071888531,1.5261303909013235,non_sig,0.0848356809872075
DDX60,4q,4.4906332550273405,4.350911444761995,non_sig,0.13972181026534525
KMT2C,7q,1.664048675841565,1.5424433616205568,non_sig,0.12160531422100807
KMT2D,12q,1.9690934128043656,1.7953588681188446,non_sig,0.17373454468552096
ERP44,9q,6.574582375366494,6.620953939021713,non_sig,-0.046371563655219106
EZH2,7q,2.4444212524380684,2.4421314249167354,non_sig,0.002289827521332999
ATG9A,2q,2.7856212485229084,2.7053707665514324,non_sig,0.080250481971476
MED13,17q,1.8760526154840975,1.9687029798415754,non_sig,-0.09265036435747787
RFFL,17q,2.986533687386782,3.026627415381355,non_sig,-0.040093727994573225
RETN,19p,2.1424878421581703,1.8607276946827591,non_sig,0.2817601474754112
FCER2,19p,2.9708968962990734,3.5212492422642185,non_sig,-0.5503523459651452
AAK1,2p,2.713848153958116,2.9484817881504988,non_sig,-0.2346336341923827
TUB,11p,4.209744588377735,4.256596762135333,non_sig,-0.04685217375759798
SLFN5,17q,2.103481795717205,2.083773833663397,non_sig,0.019707962053808092
STC1,8p,2.818569695670327,2.775127840059596,non_sig,0.04344185561073077
APBB2,4p,1.0123272502768106,0.8370924740326726,non_sig,0.17523477624413797
APBB1,11p,1.5671720116469927,1.6142546159934583,non_sig,-0.047082604346465606
UBE3C,7q,1.954656976866102,1.8556741796470693,non_sig,0.09898279721903269
BMP2K,4q,1.7620345261035104,1.9943321108842764,non_sig,-0.232297584780766
SSH3,11q,2.5377240715985185,2.3591738652903236,non_sig,0.17855020630819496
DOK3,5q,2.774174611380727,3.1113056812087976,non_sig,-0.33713106982807073
DOK1,2p,1.924178877944524,2.1888886152909612,non_sig,-0.2647097373464373
PPID,4q,4.140298875475444,4.505027809811873,non_sig,-0.36472893433642906
PPIE,1p,3.18656980935449,3.334874508131133,non_sig,-0.14830469877664276
PPIG,2q,3.483820946589477,3.633953276027314,non_sig,-0.15013232943783672
CWC27,5q,2.4503251468466587,2.5693965633545433,non_sig,-0.11907141650788455
RSRC2,12q,2.456446173207755,2.080642119939661,non_sig,0.37580405326809396
BTF3,5q,4.8773258711949365,5.474292863851257,non_sig,-0.5969669926563208
ATF6B,6p,0.2158356331055185,0.0249565198678816,non_sig,0.1908791132376369
PPT2,6p,2.4059871255878678,2.2830561269973804,non_sig,0.1229309985904874
PPT1,1p,4.878056315980051,4.96729840150966,non_sig,-0.08924208552960877
HIP1R,12q,2.5530990094274606,2.7521367049952965,non_sig,-0.1990376955678359
HIP1,7q,3.0739669375257455,3.0755448431672123,non_sig,-0.0015779056414668702
FMO3,1q,2.383244434390468,1.2337644336815852,non_sig,1.1494800007088828
FMO5,1q,2.3723074116436074,1.2528806158714305,non_sig,1.1194267957721769
PSMD6,3p,3.738031175955046,3.98457561472726,non_sig,-0.24654443877221421
DCK,4q,2.9160876800338444,3.4997721943265656,non_sig,-0.5836845142927212
STAB1,3p,2.5691689486623006,2.7644070026808643,non_sig,-0.19523805401856364
SNX17,2p,1.7184650247964977,1.7806788054085652,non_sig,-0.062213780612067504
SNX27,1q,3.505905008358104,3.673000115722333,non_sig,-0.16709510736422928
ACTN3,11q,3.9957128991592623,2.693915943156827,non_sig,1.3017969560024354
ACTN2,1q,5.179793065080736,4.91746441592375,non_sig,0.26232864915698517
ACTN1,14q,5.936271913940117,5.822030390488173,non_sig,0.11424152345194383
ACTN4,19q,7.020992001659088,7.081631863213787,non_sig,-0.06063986155469969
FLOT1,6p,5.328136299677962,5.277985625829016,non_sig,0.05015067384894589
FLOT2,17q,4.961329799204796,4.707710733908033,non_sig,0.25361906529676315
AMZ2,17q,1.8058177494644982,1.2914818214802208,non_sig,0.5143359279842774
HOOK1,1p,3.023807304573524,3.1240840105831094,non_sig,-0.10027670600958549
MUC3A,7q,3.6247932694774545,3.6600330853684078,non_sig,-0.03523981589095326
CD9,12p,3.231738515358103,3.4689569466952745,non_sig,-0.2372184313371717
CD81,11p,2.4977874650463305,2.775472313553594,non_sig,-0.2776848485072634
NSUN5,7q,1.6833693391172284,1.7603683440971256,non_sig,-0.0769990049798972
NOP2,12p,5.392261233874309,5.560821277535303,non_sig,-0.1685600436609942
CD2AP,6p,3.6905947964382886,4.060005247178325,non_sig,-0.36941045074003664
PGM2,4p,3.069075307075921,3.424526703855283,non_sig,-0.3554513967793622
STAT6,12q,1.7165843103970602,2.0792321722803475,non_sig,-0.36264786188328735
STAT1,2q,3.2130598779242043,3.6509647716304974,non_sig,-0.43790489370629304
STAT2,12q,2.834547578328528,2.720851492308874,non_sig,0.11369608601965409
STAT3,17q,2.947839190484886,2.9671688725477967,non_sig,-0.019329682062910525
MGST3,1q,2.8391576572286743,2.881931975341516,non_sig,-0.04277431811284149
RCC1L,7q,3.124670852559359,3.134405452304722,non_sig,-0.009734599745362615
RCC1,1p,6.450781821858497,6.538521211386064,non_sig,-0.08773938952756666
TSN,2q,4.633183306493814,4.972417050385908,non_sig,-0.3392337438920938
TSNAX,1q,3.2276861719516603,3.5073131097533428,non_sig,-0.27962693780168246
NUMBL,19q,2.382494911198239,2.589363640850578,non_sig,-0.20686872965233905
NUMB,14q,3.1122489997565075,3.251063716476158,non_sig,-0.13881471671965073
COQ8A,1q,2.5780534547872325,2.59607926864946,non_sig,-0.01802581386222757
BCL7C,16p,2.4650922093063645,2.561056189045566,non_sig,-0.09596397973920157
BCL7B,7q,1.1326180636258867,1.492467585619928,non_sig,-0.3598495219940414
BCL7A,12q,3.415719558764354,3.6983989324448876,non_sig,-0.28267937368053353
TNPO1,5q,4.759560925073892,5.019897481840588,non_sig,-0.2603365567666964
TNPO2,19p,2.3015381647916127,2.3677442690752306,non_sig,-0.06620610428361795
SNX15,11q,1.9020465780388167,2.18143394189582,non_sig,-0.27938736385700347
TNPO3,7q,2.100489659555533,2.3772227807922515,non_sig,-0.27673312123671856
GALK1,17q,3.568467308865974,4.032205532752958,non_sig,-0.4637382238869834
GALK2,15q,2.237304849043443,2.4675947976539994,non_sig,-0.2302899486105563
WDR37,10p,2.680086375341519,2.744794198790597,non_sig,-0.0647078234490781
WDR12,2q,4.701834535543113,4.709385586113887,non_sig,-0.007551050570774542
ASF1B,19p,2.191137991089601,2.4629080816921163,non_sig,-0.27177009060251534
ASF1A,6q,2.932161318578118,3.11086370724763,non_sig,-0.17870238866951205
ARNT,1q,2.690383911423032,2.4904535897343667,non_sig,0.1999303216886652
COPZ1,12q,4.965417371298623,5.0749759012130236,non_sig,-0.10955852991440018
TXLNA,1p,3.4601321234324245,3.8578337633676902,non_sig,-0.39770163993526575
GP2,16p,1.1437578155382853,2.9408061918899,non_sig,-1.7970483763516145
EHBP1,2p,0.610374489931772,0.6371985262176313,non_sig,-0.026824036285859276
TRA2A,7p,4.4705632393176264,4.844600586275655,non_sig,-0.3740373469580289
TRA2B,3q,6.451333918473174,6.5512350452572505,non_sig,-0.09990112678407659
ADH7,4q,3.725204177275427,3.1795618339430525,non_sig,0.5456423433323745
FN3K,17q,1.6255494545973352,1.6302597428741272,non_sig,-0.004710288276791985
FCGBP,19q,3.7386488890563303,3.112678189806961,non_sig,0.6259706992493692
GMPPB,3p,3.077604189603983,3.36643033348322,non_sig,-0.2888261438792368
GMPPA,2q,2.0145323534458868,2.076642965989274,non_sig,-0.062110612543387234
CERS6,2q,2.5734182492356243,2.788004143604085,non_sig,-0.21458589436846065
CERS2,1q,4.5540284465746375,4.342405848774424,non_sig,0.21162259780021309
CERS1,19p,2.2643483852888178,2.530969240165925,non_sig,-0.2666208548771074
SGTA,19p,3.7171597164389514,4.735702046098182,non_sig,-1.0185423296592306
SGTB,5q,1.8348620165558573,1.849414067155858,non_sig,-0.014552050600000754
TRIM2,4q,2.299320476132424,2.3157035720842507,non_sig,-0.016383095951826743
TRIM3,11p,2.1263544892757884,2.00312651693019,non_sig,0.12322797234559824
TACC3,4p,2.2979988103817774,2.6175097202242767,non_sig,-0.3195109098424993
PCCB,3q,3.3233978574108125,3.467549918496937,non_sig,-0.14415206108612466
GTF2I,7q,5.549688559164332,5.8850686160240295,non_sig,-0.3353800568596972
SMYD5,2p,1.3877632587871758,1.71640565853062,non_sig,-0.3286423997434442
QTRT2,3q,2.7459991086588107,2.961231320987346,non_sig,-0.2152322123285355
TIFA,4q,0.8094599231660022,1.6405871880784018,non_sig,-0.8311272649123995
RET,10q,2.228924166382492,1.9515408293559722,non_sig,0.27738333702651974
RYBP,3p,0.9091094835981274,1.0083150341518938,non_sig,-0.09920555055376645
ATF4,22q,6.9487525297894415,6.538356979025699,non_sig,0.41039555076374246
CHMP3,2p,3.2433264278727094,3.3312814169126135,non_sig,-0.08795498903990406
LDHB,12p,8.083006356877434,9.003851864695125,non_sig,-0.9208455078176918
LDHA,11p,8.57003544518472,9.356842060320602,non_sig,-0.7868066151358821
GSK3A,19q,1.5552768566615909,1.774241841140651,non_sig,-0.2189649844790602
GSK3B,3q,2.9321445409327302,3.182428609376969,non_sig,-0.2502840684442389
DEDD2,19q,3.191427762814827,3.0269077124095087,non_sig,0.16452005040531814
BRD9,5p,0.1975552683219781,-0.0928482896019815,non_sig,0.2904035579239596
BRD7,16q,2.386783117993729,2.3989038118564068,non_sig,-0.01212069386267789
FOXP1,3p,1.181528789981062,1.4880990558209244,non_sig,-0.30657026583986235
DDHD2,8p,1.5818105289932727,1.672174132395791,non_sig,-0.09036360340251837
FCRLA,1q,2.159765684190302,2.3378859564363976,non_sig,-0.17812027224609572
MLF2,12p,2.8702221731586235,3.2922507814404107,non_sig,-0.42202860828178723
MTAP,9p,3.6676784918266,4.479557039519068,non_sig,-0.8118785476924679
ANK3,10q,2.63577980110809,2.4913167898052047,non_sig,0.1444630113028853
ANK1,8p,2.644897209574546,2.4652741986312003,non_sig,0.17962301094334565
ANK2,4q,2.937300216964196,3.26254896250908,non_sig,-0.32524874554488425
PHB2,12p,7.5559200980303105,7.768599766919542,non_sig,-0.21267966888923162
EXOC1,4q,3.421495128786194,3.3761648572528005,non_sig,0.04533027153339342
RUSC1,1q,0.2174461339094406,1.329992784722212,non_sig,-1.1125466508127713
NFYB,12q,3.0718665195331134,3.0454562545773776,non_sig,0.02641026495573584
NQO2,6p,3.754706934695826,3.8075686250188534,non_sig,-0.05286169032302723
NQO1,16q,6.221084127269219,6.436639975364688,non_sig,-0.21555584809546868
CNOT2,12q,2.6169099131651143,2.967472152232588,non_sig,-0.35056223906747386
CNOT3,19q,3.2688227826244427,3.5263850818725877,non_sig,-0.257562299248145
POC1B,12q,2.520549054272105,2.26368017531809,non_sig,0.2568688789540148
IL1R2,2q,2.501529526825374,1.3995834408063663,non_sig,1.1019460860190078
HCLS1,3q,3.7350609333096503,5.245062870549524,non_sig,-1.5100019372398736
SHC1,1q,2.2115973778975526,2.174966311136037,non_sig,0.03663106676151573
TWF2,3p,3.743161309606052,4.62608290334216,non_sig,-0.8829215937361083
TWF1,12q,3.671907107169978,3.6727820870100047,non_sig,-0.0008749798400269349
CDK18,1q,3.7846351051744223,3.7021776602846606,non_sig,0.0824574448897617
BAP1,3p,0.5840632822372994,0.7935796956909528,non_sig,-0.20951641345365335
VAMP8,2p,5.0984252964755115,5.189630012469954,non_sig,-0.09120471599444269
VAMP3,1p,2.848388050188941,2.81971647162024,non_sig,0.02867157856870106
VAMP4,1q,-0.6302747903829118,-0.0752670381190838,non_sig,-0.5550077522638279
VAMP5,2p,5.887295900899004,5.707220445374782,non_sig,0.18007545552422233
VAMP2,17p,2.0488531321141434,2.084830717860441,non_sig,-0.03597758574629761
CREB1,2q,2.6022765994083614,2.8152716460106073,non_sig,-0.21299504660224589
JMJD7,15q,3.641994656226344,3.50841606514854,non_sig,0.133578591077804
UBP1,3p,1.434324926454984,1.393370407841761,non_sig,0.04095451861322297
TFCP2,12q,2.679018050397911,2.8052908673932953,non_sig,-0.1262728169953844
GRHL2,8q,2.8726816703419913,2.6716034073233708,non_sig,0.20107826301862053
TYW1,7q,1.2776362384481592,1.378359026878174,non_sig,-0.10072278843001481
COPB2,3q,5.653434433739404,5.676204479486056,non_sig,-0.0227700457466522
COPA,1q,5.78488339016381,5.831360574245263,non_sig,-0.04647718408145263
PRTG,15q,-0.04878039368673698,0.3612613859055226,non_sig,-0.41004177959225957
ARAP1,11q,3.034979802269477,2.993574155165224,non_sig,0.041405647104252985
HNF1B,17q,2.0498497714125388,1.9707919683291655,non_sig,0.07905780308337329
HNF1A,12q,3.122388994968288,3.038754566331538,non_sig,0.08363442863675008
DECR2,16p,3.15263184669971,3.199679754069807,non_sig,-0.04704790737009734
PTPRJ,11p,2.8229464101239974,3.1623668198913264,non_sig,-0.339420409767329
RING1,6p,3.2434254110379808,3.5493161588061866,non_sig,-0.3058907477682058
MCTP1,5q,2.855437943571391,2.466089656674102,non_sig,0.38934828689728906
BZW2,7p,4.148396311555899,4.763339227229736,non_sig,-0.6149429156738364
BZW1,2q,4.469994096227091,4.702606258280747,non_sig,-0.2326121620536563
BRD4,19p,2.91792100578174,3.1214309044616613,non_sig,-0.2035098986799211
BRD2,6p,2.996232731274831,3.055372619689953,non_sig,-0.059139888415121966
BRD3,9q,2.668017756474221,2.876482479441383,non_sig,-0.2084647229671619
KIFC1,6p,2.8230116455186884,3.0869382865491635,non_sig,-0.26392664103047503
KIFC3,16q,1.7484049710002418,1.7697223238623885,non_sig,-0.021317352862146643
ACY3,11q,2.241742008453123,2.2826771633763405,non_sig,-0.04093515492321753
SKI,1p,0.3525428445030579,0.4241237383087838,non_sig,-0.07158089380572591
BCL6,3q,1.4182236568667836,1.4794475952746735,non_sig,-0.061223938407889866
HHIP,4q,1.0966225228600075,0.6439572684251091,non_sig,0.45266525443489836
ALG1,16p,3.5008680763022584,3.6211067328130966,non_sig,-0.1202386565108382
BAZ2A,12q,2.630838078047134,2.5837986856945268,non_sig,0.04703939235260712
LSM6,4q,4.991497391741568,5.328675420914577,non_sig,-0.33717802917300865
IDE,10q,3.02301312978027,3.2728033736892743,non_sig,-0.2497902439090045
NRDC,1p,2.533066995683862,2.8910763040479335,non_sig,-0.35800930836407163
VHL,3p,0.8308307468718742,0.9304487660831684,non_sig,-0.0996180192112942
IGSF3,1p,2.4343644446806447,2.4130104736120517,non_sig,0.021353971068593047
BICD2,9q,2.71532163798531,2.6609827673211974,non_sig,0.05433887066411236
DVL2,17p,1.999400145342758,2.3546871775895877,non_sig,-0.3552870322468298
PHF23,17p,1.771990661565617,2.0974156691505823,non_sig,-0.3254250075849654
WIPF1,2q,2.13924950105009,3.178020373531748,non_sig,-1.038770872481658
WIPF2,17q,2.288500799754508,2.434316855507112,non_sig,-0.14581605575260426
PRKRA,2q,3.016746592584523,3.4158272754984913,non_sig,-0.39908068291396814
LRRC7,1p,3.4253922980126825,3.349678620650761,non_sig,0.07571367736192158
ERBIN,5q,3.1478768661836694,3.355434996532884,non_sig,-0.20755813034921466
SCRIB,8q,4.422652048489922,4.501044816931666,non_sig,-0.07839276844174403
TMEM9,1q,2.511448312826747,2.2362950807466424,non_sig,0.27515323208010445
FBN2,5q,1.5659256764010667,2.731978919079458,non_sig,-1.1660532426783914
FBN1,15q,2.722706994710708,2.4352342859843032,non_sig,0.28747270872640485
LARP1,5q,4.840223848037373,5.365385953565077,non_sig,-0.5251621055277047
VDAC2,10q,8.66306804523822,9.044634291964828,non_sig,-0.3815662467266083
VDAC3,8p,5.89796337076224,5.8357659296910755,non_sig,0.06219744107116476
VDAC1,5q,8.64470007485876,8.927645941300064,non_sig,-0.28294586644130426
RIOX1,14q,3.2142269172233955,3.7527632658813426,non_sig,-0.5385363486579471
RIOX2,3q,1.9366463579870268,2.146795547385981,non_sig,-0.21014918939895422
GIT1,17q,2.516452296955437,3.077803977755498,non_sig,-0.5613516808000614
GIT2,12q,2.8301045335753434,2.891311241268462,non_sig,-0.061206707693118645
TBK1,12q,1.341392342029771,1.3826325923111986,non_sig,-0.041240250281427526
DDR1,6p,2.970270694482566,3.101064083854456,non_sig,-0.13079338937189
SPTA1,1q,1.9112400147450503,2.106427109200516,non_sig,-0.19518709445546545
DDB1,11q,6.057218093528943,6.101991570513146,non_sig,-0.04477347698420342
CPSF1,8q,4.194070485760656,4.065311958866881,non_sig,0.12875852689377432
DLG1,3q,4.232967635883203,4.340780262535599,non_sig,-0.10781262665239577
DLG2,11q,2.9049241779754618,1.7111653176368837,non_sig,1.193758860338578
DAB2,5p,2.482715456070275,2.3914469972424968,non_sig,0.09126845882777834
LEMD2,6p,4.674874491253532,4.4702814289803205,non_sig,0.2045930622732115
YIF1B,19q,1.123426981182385,0.9943983271272416,non_sig,0.1290286540551433
GDE1,16p,1.657827704167114,1.6756881849189753,non_sig,-0.01786048075186142
PRR15,7p,3.1890660086883074,3.43434413070315,non_sig,-0.24527812201484256
WDR62,19q,0.824602319410149,0.3783104454833605,non_sig,0.44629187392678854
AREG,4q,1.0801004641157186,1.4516941014459999,non_sig,-0.3715936373302813
OAS1,12q,3.4604162723370173,3.784312681839295,non_sig,-0.3238964095022778
OAS2,12q,3.2620988692751283,3.1538865860675593,non_sig,0.10821228320756893
OAS3,12q,2.478974930005963,2.60729909842632,non_sig,-0.12832416842035688
OASL,12q,2.316335989005635,2.3773389816054133,non_sig,-0.06100299259977815
FAF2,5q,4.5098185363865335,4.50398041102881,non_sig,0.005838125357723101
FAF1,1p,2.926245714494524,3.269831787305449,non_sig,-0.343586072810925
SMOC1,14q,2.2279390942636668,1.1787789752759652,non_sig,1.0491601189877016
HOGA1,10q,2.1859418753727873,3.492347432375071,non_sig,-1.3064055570022837
ZMAT4,8p,1.8645861737082172,1.3691708276427528,non_sig,0.49541534606546445
UACA,15q,2.251911698625634,2.303109016602424,non_sig,-0.05119731797678995
NEU2,2q,1.873989549596807,0.1818145364070646,non_sig,1.6921750131897424
EVL,14q,2.191509607398167,2.6785936227657245,non_sig,-0.48708401536755774
VASP,19q,4.255682359711362,4.492377354396631,non_sig,-0.23669499468526922
ENAH,1q,3.831300833380821,4.092178173155952,non_sig,-0.2608773397751314
TF,3q,3.730814407456207,3.7883009963123397,non_sig,-0.05748658885613267
GPN3,12q,0.7444480403118179,0.8076292904224669,non_sig,-0.06318125011064901
GPN1,2p,2.1372743848769975,2.212808716462707,non_sig,-0.07553433158570932
RAD9A,11q,2.0683953085970064,1.9887866179583888,non_sig,0.07960869063861753
SHPK,17p,1.9527353868775958,2.283187392011048,non_sig,-0.3304520051334521
TTYH2,17q,3.338976496975297,3.3640105538549734,non_sig,-0.025034056879676303
TTYH1,19q,1.9123263516875637,2.7168646355641988,non_sig,-0.8045382838766351
TTYH3,7p,1.8477628657213887,2.145330380989501,non_sig,-0.2975675152681121
NYAP1,7q,5.058217872842998,5.085536699028337,non_sig,-0.027318826185338985
AGFG2,7q,2.440846488449242,2.2658828475149786,non_sig,0.17496364093426342
AGFG1,2q,2.9269497609575934,3.3172160470757817,non_sig,-0.39026628611818825
CEMIP,15q,1.7710769583040857,2.0473805642478786,non_sig,-0.2763036059437929
DEGS1,1q,1.214023897840586,1.909148816791862,non_sig,-0.695124918951276
UFSP2,4q,1.7749867323887605,1.7574215518799683,non_sig,0.01756518050879219
UPP1,7p,3.346691294438595,3.1895600931442805,non_sig,0.15713120129431468
IKZF1,7p,3.6483684691222154,3.754459372770621,non_sig,-0.10609090364840545
IKZF3,17q,3.635495133676451,3.4141402534678162,non_sig,0.2213548802086347
IKZF2,2q,1.2295852210894598,1.4328770731303715,non_sig,-0.2032918520409117
SV2A,1q,2.319119814738741,2.049021057916893,non_sig,0.27009875682184825
DDC,7p,3.2859288322742133,3.0760792665162,non_sig,0.2098495657580135
CXXC4,4q,0.4712287468341112,0.4374315589972297,non_sig,0.033797187836881515
CXXC5,5q,1.5290361006155035,1.9296087363635452,non_sig,-0.4005726357480417
ISG15,1p,3.588872406865222,3.6075403749564634,non_sig,-0.018667968091241605
CENPV,17p,3.412249281860704,3.657176656357394,non_sig,-0.24492737449668978
STIM2,4p,2.3756006403202883,2.4501403357640363,non_sig,-0.07453969544374806
STIM1,11p,3.8851324947681896,4.001707280748555,non_sig,-0.11657478598036519
MTSS2,16q,-0.19726608732661777,-0.0026712169591030996,non_sig,-0.19459487036751466
MTSS1,8q,1.1426650390553017,3.570301257617359,non_sig,-2.4276362185620575
AKT2,19q,2.175579536881476,2.0329321135741725,non_sig,0.14264742330730362
ELL,19p,1.462644426914001,1.6526693518388782,non_sig,-0.1900249249248771
CNPY2,12q,5.580120841638602,5.559918684958627,non_sig,0.020202156679975047
IFIH1,2q,1.6991767855802449,1.9369390084798668,non_sig,-0.2377622228996219
WRN,8p,0.1926597390759162,0.4782657517712495,non_sig,-0.28560601269533337
BLM,15q,3.3836893912235664,3.4690307814314725,non_sig,-0.0853413902079061
SIN3A,15q,3.6993084910812137,3.7745323883209174,non_sig,-0.07522389723970369
PDP1,8q,3.0641116872344036,2.9757765751741165,non_sig,0.0883351120602871
SAMD9,7q,2.022382230495384,2.1038264535931424,non_sig,-0.08144422309775834
NSUN4,1p,2.290743821511928,2.328438464738619,non_sig,-0.03769464322669114
BUB1B,15q,1.854223930381666,1.8919923712814892,non_sig,-0.03776844089982312
EGFR,7p,4.833430948585325,4.434878367881973,non_sig,0.39855258070335164
ERBB2,17q,2.8306229751685374,2.984553062980234,non_sig,-0.15393008781169648
APOA1,11q,2.790886038713916,2.57885903302687,non_sig,0.2120270056870459
CAP2,6p,2.511691786897849,2.679650205997216,non_sig,-0.16795841909936682
CAP1,1p,5.767442899478988,6.356440408020138,non_sig,-0.5889975085411496
NUDC,1p,5.8039257226053325,6.428407542399923,non_sig,-0.6244818197945907
MYO9B,19p,0.8885061229652521,1.3269814413010046,non_sig,-0.4384753183357525
MYO5C,15q,5.122495727122164,5.232499759200167,non_sig,-0.11000403207800336
MYO5A,15q,2.3287224902967196,2.4026880012045493,non_sig,-0.07396551090782966
CDK13,7p,-0.0729984656409608,0.44736712036672155,non_sig,-0.5203655860076823
CDK12,17q,2.0733976240004033,2.199420486966215,non_sig,-0.12602286296581156
RBM4,11q,4.521979708373944,4.516421425136868,non_sig,0.005558283237076189
RBM4B,11q,1.3682821942912429,1.2379715448601036,non_sig,0.13031064943113924
NACC1,19p,2.7817281955426267,3.0644932893582135,non_sig,-0.2827650938155868
MCUR1,6p,1.067187161823402,1.3789055045618395,non_sig,-0.31171834273843757
QSOX2,9q,3.8348989007634104,3.988124204960462,non_sig,-0.1532253041970515
QSOX1,1q,1.8369126774495177,2.182603522208417,non_sig,-0.3456908447588991
EAF1,3p,2.914011693564363,2.814828862367976,non_sig,0.09918283119638716
AIP,11q,5.38490168542155,5.7110863149219595,non_sig,-0.3261846295004096
DPEP1,16q,5.637117595535557,5.043146101081378,non_sig,0.5939714944541787
DPEP3,16q,2.2013604660007298,3.7541705284698734,non_sig,-1.5528100624691437
FOXP4,6p,0.4926946098614334,0.5269760581441034,non_sig,-0.034281448282670046
HABP4,9q,2.393960185631512,2.5565058847541096,non_sig,-0.16254569912259775
LSM8,7q,6.098518806323984,6.416626315009662,non_sig,-0.31810750868567794
LSM1,8p,4.134423340855222,4.755959422443878,non_sig,-0.6215360815886557
GRM5,11q,2.621980859495367,2.5952494817574383,non_sig,0.026731377737928774
CCNY,10p,1.8173301779359976,1.7090373409388337,non_sig,0.10829283699716385
DISP2,15q,1.7476021746997552,1.0220015022038915,non_sig,0.7256006724958637
TLN1,9p,5.759036097951704,6.24701505974058,non_sig,-0.4879789617888761
TLN2,15q,2.6974704528931195,2.7968168737204295,non_sig,-0.09934642082731004
CYRIA,2p,2.774521144831533,2.8672635123587082,non_sig,-0.09274236752717524
CYRIB,8q,3.689908344077224,3.9522897266630057,non_sig,-0.2623813825857817
ZNF22,10q,2.3425706051711757,2.539850391564096,non_sig,-0.19727978639292054
TBCE,1q,2.2987130102971776,2.4038947730090143,non_sig,-0.10518176271183677
TBCEL,11q,2.732256979203935,3.242813435539751,non_sig,-0.510556456335816
HEBP1,12p,3.7592291882343476,4.07285581435478,non_sig,-0.31362662612043213
HEBP2,6q,2.780470725833913,3.192848009580584,non_sig,-0.4123772837466708
ZAP70,2q,1.441372100102058,2.8707861160405734,non_sig,-1.4294140159385154
HERC2,15q,4.017720934302025,4.135921096021159,non_sig,-0.11820016171913394
CDC37,19p,5.419171873743551,6.010549747286653,non_sig,-0.5913778735431023
RAB44,6p,2.9319877199595608,2.908251241118644,non_sig,0.023736478840916675
RAB7A,3q,7.426384603100777,7.69443451953051,non_sig,-0.2680499164297334
RAB35,12q,4.068376327523651,4.067285553152081,non_sig,0.0010907743715700136
RAB3D,19p,3.471976585075262,3.39230843170417,non_sig,0.07966815337109212
RAB13,1q,3.5778799684014504,3.5845422291652174,non_sig,-0.0066622607637669695
SREK1,5q,2.8091654789425187,2.944218750339876,non_sig,-0.13505327139735712
MTCH1,6p,4.100864927871122,3.918904044633815,non_sig,0.18196088323730697
MTCH2,11p,5.329724733711575,5.336914596061373,non_sig,-0.007189862349798126
NFIB,9p,2.2957373518378277,2.826336432686209,non_sig,-0.5305990808483814
NFIA,1p,1.4151078317104626,1.4502824999308208,non_sig,-0.035174668220358196
NFIX,19p,2.190505817294129,2.124166167596176,non_sig,0.06633964969795336
NFIC,19p,3.8567127476813865,3.7346162909582343,non_sig,0.12209645672315217
VNN1,6q,2.793888948769737,2.26262996052576,non_sig,0.5312589882439771
BTD,3p,1.9789176400444148,2.308082011079472,non_sig,-0.32916437103505736
PUS7,7q,2.898099975344328,3.3230957225376905,non_sig,-0.4249957471933623
PUS7L,12q,3.6568390013985894,3.3469988840067213,non_sig,0.3098401173918681
BPHL,6p,3.1293255084956257,3.033407598744454,non_sig,0.09591790975117176
CD1E,1q,2.969131778727883,1.9703282838905931,non_sig,0.9988034948372899
NPTX1,17q,3.2252696680823547,2.7479306804188353,non_sig,0.47733898766351945
GPT,8q,3.106647744353789,3.2260651867426655,non_sig,-0.11941744238887653
DDX54,12q,3.3642246438989636,3.419571936774025,non_sig,-0.05534729287506135
EXT2,11p,0.8684819044702583,1.4103102322674748,non_sig,-0.5418283277972165
LY6D,8q,3.623589276093015,3.377976469800414,non_sig,0.24561280629260107
LCMT1,16p,2.076700254393261,2.197142299732953,non_sig,-0.12044204533969216
ERO1A,14q,4.82038441088455,4.951860865728674,non_sig,-0.1314764548441234
ERO1B,1q,2.241353721718564,2.229059707700035,non_sig,0.012294014018529253
KMT2B,19q,1.8275629984151176,1.6269205907223117,non_sig,0.20064240769280595
KMT2A,11q,2.4297817391575225,2.4787610847412056,non_sig,-0.04897934558368311
KIF15,3p,2.9908681091700053,3.376289421862387,non_sig,-0.3854213126923818
FBLL1,5q,5.307042066455525,5.33398687101087,non_sig,-0.026944804555345314
SOX6,11p,4.408131404822519,4.479710213139586,non_sig,-0.0715788083170672
SOX5,12p,0.5225480063753611,1.0118360580378876,non_sig,-0.4892880516625264
ASAH1,8p,2.906042321920308,2.8845318280163195,non_sig,0.021510493903988515
NAAA,4q,2.035609617723461,2.136842697885797,non_sig,-0.10123308016233601
PRR12,19q,1.2202945321631775,1.2581737288102448,non_sig,-0.03787919664706729
QSER1,11p,2.2536446710223235,1.9987497060213937,non_sig,0.2548949650009298
MYO19,17q,1.8631974636516413,1.945716123805836,non_sig,-0.08251866015419473
ENSA,1q,3.5002788506076286,3.9344220015207494,non_sig,-0.43414315091312083
CDON,11q,3.184161289396396,3.1842049063018045,non_sig,-4.3616905408327966e-05
CD79B,17q,2.8197145054373953,4.109871715043695,non_sig,-1.2901572096063
ORC1,1p,1.6094542251336597,1.6347367743029046,non_sig,-0.025282549169244994
CDC6,17q,0.7679191090290771,0.24312490415299243,non_sig,0.5247942048760847
CD3E,11q,6.5076011898080175,7.028816617426102,non_sig,-0.5212154276180847
CD3D,11q,4.709971712657346,4.310498105304743,non_sig,0.3994736073526033
KCNN4,19q,1.9388194420771552,2.1933267530103215,non_sig,-0.25450731093316636
PYGO2,1q,2.0490345796799314,2.007905159371119,non_sig,0.04112942030881239
ERC2,3p,1.726968187046233,1.456000554681081,non_sig,0.270967632365152
FAHD1,16p,4.846227103813913,4.912508119344467,non_sig,-0.06628101553055377
ITPR1,3p,1.667513318898477,1.683140623532127,non_sig,-0.01562730463364992
ITPR2,12p,2.0293712830604003,1.5437527762832766,non_sig,0.4856185067771237
ITPR3,6p,3.9834025363011083,3.946320524538426,non_sig,0.03708201176268222
CALB1,8q,2.927966946446098,3.0346118763750747,non_sig,-0.10664492992897667
CALB2,16q,3.0646372538906097,3.3583484015494838,non_sig,-0.29371114765887407
SSU72,1p,2.438862465327019,2.703520993039797,non_sig,-0.2646585277127782
AGR2,7p,6.41590014558745,6.549366380048226,non_sig,-0.13346623446077555
AGR3,7p,4.154239053994768,4.023583483677925,non_sig,0.1306555703168435
USF1,1q,2.1471841797508313,2.5345381122469015,non_sig,-0.3873539324960702
USF2,19q,0.819464960522803,1.1226646492922763,non_sig,-0.30319968876947323
TNNI2,11p,3.692322888027935,2.4917242975766314,non_sig,1.2005985904513037
MACF1,1p,4.101686130464076,4.498699735456354,non_sig,-0.3970136049922779
FSTL1,3q,2.948248962203931,2.879823802561095,non_sig,0.06842515964283624
PLEC,8q,8.183711333226801,7.831544959167063,non_sig,0.3521663740597383
LIMS1,2q,2.763186507230158,3.0633634683277053,non_sig,-0.3001769610975473
LXN,3q,2.922059245581695,2.30156210136604,non_sig,0.6204971442156548
NUCB2,11p,5.220553931115467,5.411352369556701,non_sig,-0.19079843844123356
NUCB1,19q,5.029343355370008,5.089133714942985,non_sig,-0.05979035957297718
RFX5,1q,1.288861821307736,1.6690445374497984,non_sig,-0.38018271614206234
AMPD3,11p,2.5744195192387953,2.224750077884839,non_sig,0.3496694413539565
AMPD1,1p,1.9081223229629476,0.987329474476195,non_sig,0.9207928484867526
AMPD2,1p,3.379032470958935,3.9696132267934208,non_sig,-0.5905807558344858
HEXA,15q,4.417525977589506,4.553907083165808,non_sig,-0.13638110557630245
HEXB,5q,4.477057357313425,4.725533494948628,non_sig,-0.24847613763520293
MYLK,3q,3.6634113108788937,3.935428842927063,non_sig,-0.2720175320481695
SRCAP,16p,2.9865335605940366,2.922801839959508,non_sig,0.0637317206345287
EP400,12q,2.09743912731987,2.1643943601122055,non_sig,-0.06695523279233573
ROBO1,3p,1.6715203692342566,2.0378470350446767,non_sig,-0.36632666581042006
UHRF1,19p,3.743088759952194,4.178575724483657,non_sig,-0.4354869645314636
UHRF2,9p,2.0110636262658876,2.2319492105461323,non_sig,-0.22088558428024463
VPS45,1q,3.762274223909829,3.5290202845279284,non_sig,0.23325393938190064
GBP6,1p,0.7198337834856317,1.8022150590178811,non_sig,-1.0823812755322495
DHCR7,11q,3.9448954439520723,3.6860680351763238,non_sig,0.2588274087757485
LBR,1q,5.750326436584816,6.116061059894845,non_sig,-0.36573462331002915
DDX51,12q,3.099953497644867,3.0338698486264404,non_sig,0.06608364901842645
IFI44,1p,2.5528886740237904,1.3631174538539592,non_sig,1.1897712201698312
EFHD1,2q,2.8481561620382183,2.908913038630252,non_sig,-0.06075687659203366
EFHD2,1p,4.211072324831399,4.732843514926422,non_sig,-0.5217711900950235
BCL9L,11q,1.2839208906932944,1.0373215116677041,non_sig,0.24659937902559026
BCL9,1q,-0.4156641108483497,-0.1308272920325923,non_sig,-0.2848368188157574
IGF2,11p,2.9888144037682816,2.472981925684743,non_sig,0.5158324780835386
GSDMD,8q,3.6495380070278,3.535698566446559,non_sig,0.11383944058124085
GSDMA,17q,2.418152684184684,1.3187014158908508,non_sig,1.0994512682938333
CCDC9,19q,2.6376500874576165,2.9828013595013294,non_sig,-0.3451512720437129
ZC3H4,19q,3.4723192214136396,3.625489041996126,non_sig,-0.15316982058248652
ZC3H8,2q,1.8492948030356087,2.0026041674030672,non_sig,-0.15330936436745857
ZC3H6,2q,4.452540850858922,4.536702768494607,non_sig,-0.0841619176356847
MAP2,2q,2.9531877917685634,3.2098374064502404,non_sig,-0.256649614681677
QKI,6q,4.707648194373417,5.251398708006508,non_sig,-0.5437505136330909
NCOR2,12q,2.729829593538213,2.47333190543918,non_sig,0.25649768809903284
NCOR1,17p,2.893994569702301,3.0189859780410875,non_sig,-0.12499140833878641
CHAC2,2p,1.24087054644382,1.448982414589119,non_sig,-0.20811186814529892
MYH14,19q,4.528572431611275,4.573733399754179,non_sig,-0.04516096814290371
U2AF2,19q,6.693493011436264,6.794332636286126,non_sig,-0.1008396248498622
FYCO1,3p,1.5582471362346797,1.5539018493814856,non_sig,0.00434528685319413
SESN2,1p,1.5105686333645076,1.9433369088349255,non_sig,-0.43276827547041785
SENP1,12q,1.8263484621103805,1.663834729493986,non_sig,0.16251373261639457
ADAP1,7p,1.3748966536175191,1.6772631795832753,non_sig,-0.3023665259657562
SENP3,17p,2.382840185126648,2.5393897958119016,non_sig,-0.15654961068525353
SAMD1,19p,2.885090817941469,3.159289167758328,non_sig,-0.27419834981685876
GPD1L,3p,2.7886236930415915,2.965395212075534,non_sig,-0.1767715190339425
KSR1,17q,2.1173636184532545,2.213353253852771,non_sig,-0.09598963539951644
HPDL,1p,3.563347194409685,3.516199896969177,non_sig,0.04714729744050805
CGNL1,15q,2.4384143527788273,2.594317560721384,non_sig,-0.15590320794255685
ODAD1,19q,1.8586312039669817,2.0719401165916267,non_sig,-0.21330891262464502
CRTAP,3p,4.078481364816628,4.07409992165587,non_sig,0.004381443160757392
VPS39,15q,-0.7388617125746519,0.0366580864392658,non_sig,-0.7755197990139178
RBM15,1p,4.084776934783663,4.113166184301047,non_sig,-0.028389249517384307
THEM4,1q,2.559607239311926,2.324545372738908,non_sig,0.2350618665730182
ISLR2,15q,2.044916126829083,2.2464633674207772,non_sig,-0.20154724059169427
ISLR,15q,1.5135726405014103,2.3191201002601263,non_sig,-0.805547459758716
BCL3,19q,2.4226883929126135,1.7541773795191578,non_sig,0.6685110133934558
RAMAC,15q,2.403283045056579,2.2767933756733516,non_sig,0.12648966938322737
LACRT,12q,2.7106596578654636,3.3285293838513343,non_sig,-0.6178697259858708
DCD,12q,2.273440699780039,2.453830784272186,non_sig,-0.18039008449214666
MNDA,1q,4.286854660902499,2.5484681036166386,non_sig,1.7383865572858603
AIM2,1q,2.8018148355321126,3.2996472486592383,non_sig,-0.4978324131271257
CCNT1,12q,0.795995084837571,1.037502028057997,non_sig,-0.24150694322042598
TOP2B,3p,4.331434303494804,4.675632095293169,non_sig,-0.34419779179836496
TOP2A,17q,5.665642357379253,5.662321256871754,non_sig,0.0033211005074997857
MYEF2,15q,3.609180879252107,3.619577213545419,non_sig,-0.010396334293312215
SATB1,3p,2.613962745348637,3.294893868207029,non_sig,-0.6809311228583921
SATB2,2q,2.9760573998795925,2.8831606049822702,non_sig,0.09289679489732228
RYR1,19q,4.701941974897045,4.4414465736808975,non_sig,0.2604954012161471
EPCAM,2p,3.886595791655626,4.410601722463657,non_sig,-0.5240059308080305
TUFT1,1q,1.5329352387672381,1.547996548877272,non_sig,-0.015061310110033865
SPRR3,1q,0.1961244237047176,0.9614751839225084,non_sig,-0.7653507602177908
TNNT3,11p,5.5985533027715775,2.7992817072392704,non_sig,2.799271595532307
RBPMS,8p,2.6402530221002554,3.0553252142756944,non_sig,-0.415072192175439
GULP1,2q,2.5662958707321324,2.7949614779481253,non_sig,-0.22866560721599294
EPS15,1p,2.3026622838077433,2.6036925401323208,non_sig,-0.30103025632457747
PER1,17p,2.6672712337255415,2.769149679003407,non_sig,-0.10187844527786538
PER3,1p,3.9899602554913542,3.5789270650880187,non_sig,0.4110331904033355
PNRC1,6q,3.350247994217473,3.492722723242272,non_sig,-0.14247472902479874
MYCN,2p,2.3375168281803522,1.7194259811900563,non_sig,0.6180908469902959
PUM2,2p,0.6072162980306688,1.1147352746967174,non_sig,-0.5075189766660486
PUM1,1p,2.842771586549399,3.013512357788199,non_sig,-0.17074077123879983
CREG1,1q,4.551416874443287,4.872138030780032,non_sig,-0.32072115633674514
PSCA,8q,3.58388714998849,2.8353060039367475,non_sig,0.7485811460517424
DCAF6,1q,-0.0233057728307718,0.49057795997120734,non_sig,-0.5138837328019792
SIDT2,11q,1.2874606148617995,1.1326952156881085,non_sig,0.15476539917369103
LPP,3q,2.8580287485574205,2.773381517350488,non_sig,0.08464723120693263
ERI1,8p,1.6680881167697752,1.8660243173911115,non_sig,-0.19793620062133632
ERI3,1p,2.8407536066529966,3.0219602452045633,non_sig,-0.1812066385515667
MSH2,2p,4.184831260575036,4.358942845832215,non_sig,-0.17411158525717862
NFYC,1p,4.013093630317533,4.1703190347800625,non_sig,-0.15722540446252964
CLCA2,1p,2.3850283028216026,2.650288941406485,non_sig,-0.26526063858488236
CLCA4,1p,0.7394119506907402,0.818419312637982,non_sig,-0.07900736194724178
CLCA1,1p,1.869162068500356,1.6180604513546335,non_sig,0.25110161714572254
LZIC,1p,3.182131929636669,3.4775700559095126,non_sig,-0.2954381262728436
CASQ1,1q,4.228325731568778,2.4626590282769087,non_sig,1.7656667032918691
ITLN1,1q,2.196757130647609,1.1585244306045395,non_sig,1.0382327000430696
ITLN2,1q,3.8208058268941785,0.0397769363754128,non_sig,3.7810288905187655
